1;ftnn-combined-718d4f98bf6100ad0f24d9666f2574b4.hdf5;dense-128;0.7107687592506409;0.769781231880188;0.874495804309845;0.9352853894233704;0.9666708111763;0.9543291926383972;0.9507229328155518;0.9535437226295471;0.9512458443641663;0.9723062515258789;0.9724583625793457;0.9678541421890259;0.9751583337783813;0.9736478924751282;0.9666416645050049;0.9777625203132629;0.9780770540237427;0.9727895855903625;0.9774228930473328;0.9727708101272583;0.9592750072479248;0.9763146042823792;0.9680646061897278;0.9711624979972839;0.9790354371070862;0.9677187204360962;0.9753437638282776;0.9759541749954224;0.9777666926383972;0.9772020578384399;0.9740874767303467;0.97635418176651;0.9753895998001099;0.9766353964805603;0.9736499786376953;0.9762895703315735;0.9627000093460083;0.9762208461761475;0.9776853919029236;0.9786437749862671;0.9777687788009644;0.9754583239555359;0.9756062626838684;0.9783312678337097;0.9708083271980286;0.973354160785675;0.980385422706604;0.9791395664215088;0.9770083427429199;0.9798291921615601;0.9790478944778442;0.978293776512146;0.9798750281333923;0.979964554309845;0.9792062640190125;0.9781416654586792;0.9800603985786438;0.9817854166030884;0.9811604022979736;0.9792687296867371;0.9808750152587891;0.9807833433151245;0.9807124733924866;0.9800958037376404;0.9824520945549011;0.9800479412078857;0.9826499819755554;0.9815624952316284;0.9810916781425476;0.9815666675567627;0.9819020628929138;0.9813166856765747;0.9840458035469055;0.9819062352180481;0.9833208322525024;0.9831270575523376;0.9820062518119812;0.982227087020874;0.9826145768165588;0.9825208187103271;0.9835979342460632;0.9827062487602234;0.9840520620346069;0.9844750165939331;0.9835625290870667;0.983495831489563;0.9842520952224731;0.9838500022888184;0.9845646023750305;0.9839458465576172;0.9843999743461609;0.9844250082969666;0.9846645593643188;0.9845479130744934;0.9846541881561279;0.984879195690155;0.9849083423614502;0.9850645661354065;0.9852250218391418;0.9853812456130981
2;ftnn-combined-718d4f98bf6100ad0f24d9666f2574b4.hdf5;dense-128;0.8781583309173584;0.8842041492462158;0.9164249897003174;0.9158270955085754;0.93316251039505;0.9253875017166138;0.9349187612533569;0.9266771078109741;0.9467333555221558;0.9510291814804077;0.9662125110626221;0.9655708074569702;0.9618520736694336;0.9764395952224731;0.9554625153541565;0.9585770964622498;0.978279173374176;0.9470687508583069;0.9619479179382324;0.9698625206947327;0.963533341884613;0.9656854271888733;0.9671833515167236;0.9773645997047424;0.9708999991416931;0.9641333222389221;0.9713104367256165;0.9776812791824341;0.9812145829200745;0.9713187217712402;0.9691916704177856;0.9652979373931885;0.9670000076293945;0.9848312735557556;0.9694291949272156;0.9755104184150696;0.9752229452133179;0.9743250012397766;0.9620354175567627;0.9716854095458984;0.9759208559989929;0.9710708260536194;0.975614607334137;0.9776145815849304;0.9815041422843933;0.9766833186149597;0.9809125065803528;0.9796416759490967;0.9751625061035156;0.9782041907310486;0.9742916822433472;0.9713374972343445;0.9804999828338623;0.9756875038146973;0.9823083281517029;0.9834770560264587;0.9682541489601135;0.9792770743370056;0.9810083508491516;0.9744750261306763;0.9783375263214111;0.981181263923645;0.980343759059906;0.9783895611763;0.9842146039009094;0.981279194355011;0.9833895564079285;0.9811999797821045;0.9819270968437195;0.9807999730110168;0.9805583357810974;0.9866499900817871;0.983522891998291;0.9823645949363708;0.9827458262443542;0.9800708293914795;0.9820500016212463;0.9827687740325928;0.9837145805358887;0.9838854074478149;0.9856458306312561;0.9830250144004822;0.9850437641143799;0.9832104444503784;0.9845437407493591;0.98459792137146;0.9834458231925964;0.9836999773979187;0.983802080154419;0.9833416938781738;0.9833166599273682;0.9839624762535095;0.9841166734695435;0.9839270710945129;0.9844520688056946;0.9846437573432922;0.9846208095550537;0.9848250150680542;0.9848333597183228;0.9849146008491516
3;ftnn-combined-718d4f98bf6100ad0f24d9666f2574b4.hdf5;dense-128;0.8717770576477051;0.8590791821479797;0.8041375279426575;0.6085395812988281;0.9273208379745483;0.9248208403587341;0.932297945022583;0.9348499774932861;0.94673752784729;0.9513187408447266;0.9526666402816772;0.959247887134552;0.9513000249862671;0.9461208581924438;0.9496374726295471;0.9663958549499512;0.9526228904724121;0.9575250148773193;0.9655208587646484;0.9700854420661926;0.9637395739555359;0.9715916514396667;0.9653916954994202;0.9663583040237427;0.9710124731063843;0.9718729257583618;0.9739687442779541;0.9717937707901001;0.9576895833015442;0.9785270690917969;0.9684812426567078;0.975308358669281;0.9746249914169312;0.9592708349227905;0.9776583313941956;0.9720312356948853;0.9745646119117737;0.9787353873252869;0.96095210313797;0.9733104109764099;0.9761583209037781;0.975614607334137;0.9754124879837036;0.9806249737739563;0.9768583178520203;0.9803479313850403;0.9738374948501587;0.9740708470344543;0.974258303642273;0.9788291454315186;0.9816437363624573;0.9780020713806152;0.9737874865531921;0.978950023651123;0.9756625294685364;0.9789104461669922;0.9779958128929138;0.9747999906539917;0.9832666516304016;0.9789541959762573;0.9799937605857849;0.983022928237915;0.9783562421798706;0.9760749936103821;0.9770854115486145;0.9826062321662903;0.9785479307174683;0.9802562594413757;0.9792437553405762;0.9805499911308289;0.982477068901062;0.979912519454956;0.9804166555404663;0.9754624962806702;0.9796229004859924;0.981431245803833;0.9786062240600586;0.9771708250045776;0.9784854054450989;0.9793729186058044;0.9802125096321106;0.9802125096321106;0.9787895679473877;0.9813083410263062;0.9811937212944031;0.9820083379745483;0.9814479351043701;0.980552077293396;0.981083333492279;0.980972945690155;0.9810333251953125;0.9819625020027161;0.9822187423706055;0.9815833568572998;0.9819583296775818;0.9817583560943604;0.9821562767028809;0.9822624921798706;0.9822645783424377;0.9823125004768372
4;ftnn-combined-718d4f98bf6100ad0f24d9666f2574b4.hdf5;dense-128;0.6656020879745483;0.9144395589828491;0.9206437468528748;0.926770806312561;0.9267229437828064;0.9451395869255066;0.9666770696640015;0.945339560508728;0.9598708152770996;0.9770229458808899;0.9357249736785889;0.9686291813850403;0.9795145988464355;0.9681500196456909;0.9697853922843933;0.9676687717437744;0.9724603891372681;0.9704791903495789;0.9657478928565979;0.9748520851135254;0.9677812457084656;0.9674729108810425;0.9733312726020813;0.9743833541870117;0.9729666709899902;0.9751499891281128;0.9712229371070862;0.9676604270935059;0.9706458449363708;0.9723625183105469;0.9596375226974487;0.9742687344551086;0.973466694355011;0.9767041802406311;0.9726541638374329;0.9764833450317383;0.9719812273979187;0.9773979187011719;0.9743124842643738;0.9776937365531921;0.9808624982833862;0.9768375158309937;0.9630500078201294;0.9769687652587891;0.9750896096229553;0.978668749332428;0.9780562520027161;0.9805708527565002;0.9763728976249695;0.976604163646698;0.9816874861717224;0.9810437560081482;0.9801041483879089;0.9830625057220459;0.9761854410171509;0.9812395572662354;0.9770020842552185;0.9790208339691162;0.9765520691871643;0.9809541702270508;0.9782312512397766;0.980941653251648;0.9827458262443542;0.9804978966712952;0.9815645813941956;0.9806041717529297;0.9833312630653381;0.9803645610809326;0.9821375012397766;0.9825479388237;0.9816083312034607;0.9817583560943604;0.9829978942871094;0.9831916689872742;0.9810729026794434;0.9809646010398865;0.9831249713897705;0.9809812307357788;0.9812250137329102;0.9816145896911621;0.9816291928291321;0.9824437499046326;0.983802080154419;0.9831541776657104;0.9829624891281128;0.9833312630653381;0.9838125109672546;0.9841437339782715;0.9838749766349792;0.9840478897094727;0.9841458201408386;0.9843021035194397;0.9841437339782715;0.9844062328338623;0.9844041466712952;0.9844104051589966;0.9845458269119263;0.9847021102905273;0.9848520755767822;0.9850395917892456
5;ftnn-combined-718d4f98bf6100ad0f24d9666f2574b4.hdf5;dense-128;0.9114208221435547;0.8884479403495789;0.8683770895004272;0.9266499876976013;0.9478916525840759;0.9323062300682068;0.9358916878700256;0.941141664981842;0.9390895962715149;0.945214569568634;0.9456396102905273;0.9575395584106445;0.9540687203407288;0.9541812539100647;0.9514271020889282;0.9502978920936584;0.9623291492462158;0.9676562547683716;0.9622437357902527;0.9543062448501587;0.964270830154419;0.9752270579338074;0.9706208109855652;0.9733625054359436;0.9786520600318909;0.972837507724762;0.976479172706604;0.9742958545684814;0.9700812697410583;0.9760500192642212;0.9787333607673645;0.9736854434013367;0.9748958349227905;0.9740666747093201;0.9664896130561829;0.978960394859314;0.9744812250137329;0.9759125113487244;0.9757833480834961;0.9766291379928589;0.9768333435058594;0.9761978983879089;0.979479193687439;0.9749083518981934;0.9744479060173035;0.9780750274658203;0.9745916724205017;0.9800229072570801;0.9789124727249146;0.9788541793823242;0.9784854054450989;0.9795041680335999;0.9804520606994629;0.9822041392326355;0.9831291437149048;0.98026043176651;0.98274165391922;0.9802895784378052;0.9803624749183655;0.9803562760353088;0.9833250045776367;0.978950023651123;0.9828395843505859;0.9810166954994202;0.9789687395095825;0.9818812608718872;0.9805145859718323;0.9833478927612305;0.9826104044914246;0.9834833145141602;0.9840624928474426;0.9840375185012817;0.9824041724205017;0.980495810508728;0.9822312593460083;0.9809104204177856;0.9823353886604309;0.9827187657356262;0.9823708534240723;0.984277069568634;0.9841916561126709;0.9845874905586243;0.9845791459083557;0.9835354089736938;0.9849166870117188;0.9839603900909424;0.9852625131607056;0.9843354225158691;0.9855270981788635;0.9853416681289673;0.985170841217041;0.9857458472251892;0.9859104156494141;0.9857145547866821;0.9861312508583069;0.9860979318618774;0.9861708283424377;0.9861416816711426;0.9861312508583069;0.9861833453178406
1;ftnn-combined-718d4f98bf6100ad0f24d9666f2574b4.hdf5;dense-256;0.7175020575523376;0.7354833483695984;0.9193249940872192;0.9315812587738037;0.949847936630249;0.9327895641326904;0.9292604327201843;0.9328083395957947;0.955287516117096;0.9530062675476074;0.9592854380607605;0.9606395959854126;0.9614333510398865;0.9559395909309387;0.9570624828338623;0.9653645753860474;0.967522919178009;0.9678666591644287;0.9591875076293945;0.9619728922843933;0.9684208035469055;0.975864589214325;0.9782333374023438;0.9714562296867371;0.9739541411399841;0.9661874771118164;0.9728312492370605;0.978293776512146;0.9758833050727844;0.9713208079338074;0.9787999987602234;0.9621041417121887;0.9715041518211365;0.9750833511352539;0.9757229089736938;0.9763166904449463;0.9798271059989929;0.9790520668029785;0.9700562357902527;0.980358362197876;0.9782978892326355;0.9753583073616028;0.9755145907402039;0.9741062521934509;0.974872887134552;0.978918731212616;0.974860429763794;0.9795604348182678;0.979645848274231;0.9795374870300293;0.9768229126930237;0.9802562594413757;0.9730687737464905;0.9774604439735413;0.9796249866485596;0.980816662311554;0.9766020774841309;0.9778603911399841;0.9789791703224182;0.9808499813079834;0.9802500009536743;0.9800854325294495;0.9793520569801331;0.9790375232696533;0.979797899723053;0.9777500033378601;0.979324996471405;0.9814770817756653;0.9829000234603882;0.9816979169845581;0.9793103933334351;0.9813187718391418;0.9804166555404663;0.9809520840644836;0.9809125065803528;0.9808666706085205;0.9816166758537292;0.9811354279518127;0.9808187484741211;0.9827020764350891;0.9829520583152771;0.982018768787384;0.981487512588501;0.9816895723342896;0.9820833206176758;0.9825041890144348;0.9823333621025085;0.9825666546821594;0.9828208088874817;0.9823958277702332;0.9827145934104919;0.9829166531562805;0.9826333522796631;0.9827395677566528;0.9827916622161865;0.9829103946685791;0.9828916788101196;0.9830395579338074;0.9831166863441467;0.9832500219345093
2;ftnn-combined-718d4f98bf6100ad0f24d9666f2574b4.hdf5;dense-256;0.8436333537101746;0.9110666513442993;0.9237645864486694;0.9533395767211914;0.881543755531311;0.9496750235557556;0.9520333409309387;0.9531291723251343;0.9633416533470154;0.9549645781517029;0.958020806312561;0.9685854315757751;0.9624354243278503;0.9498083591461182;0.9493812322616577;0.9671000242233276;0.9642854332923889;0.9640750288963318;0.963043749332428;0.9694666862487793;0.9625083208084106;0.9646396040916443;0.9605354070663452;0.9680749773979187;0.9680541753768921;0.9669895768165588;0.9655291438102722;0.9609437584877014;0.959947943687439;0.957895815372467;0.9523375034332275;0.9670624732971191;0.9666708111763;0.9624500274658203;0.9651646018028259;0.965749979019165;0.9649479389190674;0.9656916856765747;0.9661333560943604;0.9661645889282227;0.972141683101654;0.9651541709899902;0.9688500165939331;0.9706583619117737;0.9637770652770996;0.9694499969482422;0.9679083228111267;0.9711458086967468;0.9696083068847656;0.9685603976249695;0.9710208177566528;0.9710666537284851;0.9727166891098022;0.9720083475112915;0.9743270874023438;0.979995846748352;0.9803125262260437;0.9807062745094299;0.9777395725250244;0.9812187552452087;0.9781166911125183;0.974693775177002;0.9795520901679993;0.9785666465759277;0.9782583117485046;0.9814687371253967;0.9797187447547913;0.978950023651123;0.981124997138977;0.9802646040916443;0.9810895919799805;0.9815770983695984;0.982379138469696;0.9826916456222534;0.9814333319664001;0.9830437302589417;0.9819916486740112;0.9843145608901978;0.9825521111488342;0.9829750061035156;0.9820979237556458;0.9826687574386597;0.9828521013259888;0.982227087020874;0.983272910118103;0.9837083220481873;0.983593761920929;0.9837541580200195;0.9836145639419556;0.9835416674613953;0.9836750030517578;0.9839541912078857;0.9841979146003723;0.9841333627700806;0.9841041564941406;0.9842979311943054;0.9843708276748657;0.9844250082969666;0.9845874905586243;0.9847021102905273
3;ftnn-combined-718d4f98bf6100ad0f24d9666f2574b4.hdf5;dense-256;0.8902124762535095;0.9018729329109192;0.9206249713897705;0.9332333207130432;0.9336749911308289;0.9358896017074585;0.9462854266166687;0.9404228925704956;0.9293875098228455;0.9542624950408936;0.9683729410171509;0.9698687791824341;0.965820848941803;0.9614791870117188;0.9707229137420654;0.9707645773887634;0.9763479232788086;0.9736729264259338;0.9532187581062317;0.9688374996185303;0.9518041610717773;0.9668145775794983;0.9758874773979187;0.9794354438781738;0.9754083156585693;0.9717979431152344;0.9585624933242798;0.9732333421707153;0.9728812575340271;0.9737708568572998;0.9603791832923889;0.9741145968437195;0.9756541848182678;0.9741145968437195;0.9766958355903625;0.9616020917892456;0.9770104289054871;0.9766499996185303;0.9703187346458435;0.9615353941917419;0.9751062393188477;0.9749000072479248;0.9758708477020264;0.9784666895866394;0.9807812571525574;0.9785104393959045;0.9813083410263062;0.9808396100997925;0.9750750064849854;0.9731104373931885;0.966533362865448;0.9750812649726868;0.9702770709991455;0.978695809841156;0.977997899055481;0.9796020984649658;0.9797041416168213;0.9738520979881287;0.9831770658493042;0.9724958539009094;0.9789687395095825;0.981681227684021;0.9732187390327454;0.9777104258537292;0.9785228967666626;0.9809166789054871;0.9800249934196472;0.9809708595275879;0.9783812761306763;0.9784291386604309;0.9810437560081482;0.9798353910446167;0.9774770736694336;0.979297935962677;0.9775083065032959;0.9801416397094727;0.98048335313797;0.9796479344367981;0.9798020720481873;0.9793416857719421;0.9811333417892456;0.9767541885375977;0.9800750017166138;0.9821812510490417;0.9813666939735413;0.9816437363624573;0.9809312224388123;0.9809437394142151;0.9817833304405212;0.9818103909492493;0.9817687273025513;0.9819270968437195;0.9820333123207092;0.9819062352180481;0.9824333190917969;0.9826396107673645;0.982897937297821;0.9829041957855225;0.9828937649726868;0.98294997215271
4;ftnn-combined-718d4f98bf6100ad0f24d9666f2574b4.hdf5;dense-256;0.8796062469482422;0.8996270895004272;0.9247978925704956;0.9275020956993103;0.9613229036331177;0.9399250149726868;0.9525458216667175;0.9578999876976013;0.9424437284469604;0.9301791787147522;0.9492499828338623;0.954939603805542;0.95845627784729;0.9686291813850403;0.9592083096504211;0.9587125182151794;0.9643562436103821;0.9667312502861023;0.9711999893188477;0.9714562296867371;0.9646478891372681;0.96711665391922;0.9581270813941956;0.9686999917030334;0.9681583046913147;0.9691416621208191;0.973550021648407;0.9766791462898254;0.9614874720573425;0.9743000268936157;0.9692249894142151;0.972281277179718;0.9773291945457458;0.9706104397773743;0.9723728895187378;0.9817854166030884;0.970258355140686;0.9729541540145874;0.9804875254631042;0.978793740272522;0.9760249853134155;0.9676271080970764;0.9781812429428101;0.9760791659355164;0.9723020792007446;0.9771854281425476;0.9704291820526123;0.9794750213623047;0.9826270937919617;0.9777916669845581;0.9775541424751282;0.9846895933151245;0.9795166850090027;0.9769499897956848;0.9828187227249146;0.9788500070571899;0.9783791899681091;0.9766437411308289;0.9837708473205566;0.9838041663169861;0.9755479097366333;0.975739598274231;0.98294997215271;0.9779000282287598;0.9792125225067139;0.9832083582878113;0.9788541793823242;0.9812333583831787;0.9810479283332825;0.980135440826416;0.9740958213806152;0.984989583492279;0.9843270778656006;0.9820062518119812;0.9779083132743835;0.9818645715713501;0.9828958511352539;0.9828916788101196;0.9784333109855652;0.9822708368301392;0.9829770922660828;0.9819416403770447;0.9818062782287598;0.9824728965759277;0.9830312728881836;0.9831541776657104;0.9841458201408386;0.9838874936103821;0.9836603999137878;0.9828937649726868;0.9827770590782166;0.9829437732696533;0.983370840549469;0.9836916923522949;0.9835437536239624;0.9841187596321106;0.9841208457946777;0.9842333197593689;0.9843562245368958;0.9844124913215637
5;ftnn-combined-718d4f98bf6100ad0f24d9666f2574b4.hdf5;dense-256;0.9047541618347168;0.8784416913986206;0.9130333065986633;0.9340854287147522;0.9273604154586792;0.9294833540916443;0.9414416551589966;0.9433854222297668;0.948241651058197;0.9443479180335999;0.965431272983551;0.9505270719528198;0.9538187384605408;0.9668999910354614;0.9639624953269958;0.9680958390235901;0.974358320236206;0.9733979105949402;0.9602687358856201;0.9782354235649109;0.7240395545959473;0.9815062284469604;0.9748666882514954;0.9728999733924866;0.9785603880882263;0.9752791523933411;0.9754812717437744;0.9750812649726868;0.9773604273796082;0.9795728921890259;0.9771624803543091;0.9779583215713501;0.9777270555496216;0.9796708226203918;0.9765270948410034;0.9800770878791809;0.9785541892051697;0.9793604016304016;0.9835146069526672;0.9793916940689087;0.9815396070480347;0.9788583517074585;0.9747145771980286;0.9770937561988831;0.9792854189872742;0.9826145768165588;0.9784833192825317;0.9784208536148071;0.982393741607666;0.9776124954223633;0.9793916940689087;0.9831562638282776;0.9776666760444641;0.9820687770843506;0.9804437756538391;0.9825687408447266;0.982464611530304;0.9780770540237427;0.9835895895957947;0.9805750250816345;0.9831458330154419;0.9827250242233276;0.9843729138374329;0.9796249866485596;0.9846062660217285;0.9823333621025085;0.9837999939918518;0.9842833280563354;0.9826666712760925;0.9810624718666077;0.9809854030609131;0.9852229356765747;0.985560417175293;0.984193742275238;0.9852520823478699;0.9853333234786987;0.9842228889465332;0.9854083061218262;0.9842395782470703;0.9859291911125183;0.9858478903770447;0.9858083128929138;0.9858812689781189;0.9865708351135254;0.9855708479881287;0.9854812622070312;0.9862416386604309;0.9861041903495789;0.9868979454040527;0.9868083596229553;0.9868062734603882;0.9866458177566528;0.9868541955947876;0.9868416786193848;0.9869645833969116;0.9869437217712402;0.9869812726974487;0.9869312644004822;0.9869895577430725;0.9871729016304016
1;ftnn-combined-718d4f98bf6100ad0f24d9666f2574b4.hdf5;dense-512;0.8744937777519226;0.9300937652587891;0.9115124940872192;0.941224992275238;0.934333324432373;0.9402520656585693;0.9457625150680542;0.9576666951179504;0.9580187797546387;0.9400229454040527;0.9486145973205566;0.9568271040916443;0.9643874764442444;0.9724208116531372;0.9502000212669373;0.9627875089645386;0.9698770642280579;0.9722750186920166;0.9756895899772644;0.9745187759399414;0.9408521056175232;0.9722791910171509;0.9626562595367432;0.9698604345321655;0.9763895869255066;0.9697291851043701;0.9731249809265137;0.9731937646865845;0.9665666818618774;0.9612104296684265;0.9768187403678894;0.9624229073524475;0.9766437411308289;0.9719937443733215;0.975095808506012;0.9710291624069214;0.9803770780563354;0.9822354316711426;0.9733104109764099;0.9767354130744934;0.972739577293396;0.9793208241462708;0.971735417842865;0.980358362197876;0.9811083078384399;0.9806437492370605;0.9828083515167236;0.9709791541099548;0.9836166501045227;0.9756312370300293;0.9815416932106018;0.9783124923706055;0.9797499775886536;0.9825978875160217;0.977956235408783;0.9802479147911072;0.9807541370391846;0.9788458347320557;0.9807708263397217;0.9796666502952576;0.9782687425613403;0.9783458113670349;0.9800520539283752;0.9827374815940857;0.9801937341690063;0.9810729026794434;0.9821937680244446;0.9816791415214539;0.9776479005813599;0.9809250235557556;0.9827062487602234;0.9855145812034607;0.9819478988647461;0.9827541708946228;0.9817833304405212;0.9839270710945129;0.9805833101272583;0.9835729002952576;0.9847479462623596;0.9828416705131531;0.9834229350090027;0.9824874997138977;0.9831104278564453;0.9831666946411133;0.981416642665863;0.9842791557312012;0.9819604158401489;0.9835729002952576;0.9837729334831238;0.9834499955177307;0.9830729365348816;0.9830041527748108;0.9840520620346069;0.9833124876022339;0.9839000105857849;0.9844499826431274;0.9842437505722046;0.9842895865440369;0.9843395948410034;0.9843999743461609
2;ftnn-combined-718d4f98bf6100ad0f24d9666f2574b4.hdf5;dense-512;0.6952896118164062;0.913979172706604;0.9175812602043152;0.9358041882514954;0.9343645572662354;0.9318812489509583;0.935337483882904;0.9593374729156494;0.9639478921890259;0.9535333514213562;0.9620687365531921;0.9553895592689514;0.9701833128929138;0.9623395800590515;0.9758145809173584;0.9725103974342346;0.9760770797729492;0.9658583402633667;0.9696479439735413;0.9671145677566528;0.9690916538238525;0.9663083553314209;0.975054144859314;0.9721395969390869;0.9700291752815247;0.9605312347412109;0.9778062701225281;0.9733208417892456;0.9678958058357239;0.970758318901062;0.9640187621116638;0.9725541472434998;0.9688854217529297;0.9708937406539917;0.97017502784729;0.9731166958808899;0.9792187213897705;0.9534770846366882;0.9710624814033508;0.9810458421707153;0.9786520600318909;0.9780187606811523;0.9724375009536743;0.9761333465576172;0.9712374806404114;0.9771021008491516;0.9758062362670898;0.9741020798683167;0.9802145957946777;0.9779937267303467;0.9791374802589417;0.9776979088783264;0.9788728952407837;0.9785270690917969;0.980358362197876;0.9812999963760376;0.9792083501815796;0.9787625074386597;0.9779916405677795;0.9832062721252441;0.9749104380607605;0.9843541383743286;0.9773333072662354;0.9821979403495789;0.9822208285331726;0.9796687364578247;0.9813020825386047;0.9784583449363708;0.9812604188919067;0.9832645654678345;0.9851062297821045;0.9833583235740662;0.9817291498184204;0.9816333055496216;0.9829041957855225;0.9830958247184753;0.9822354316711426;0.9827208518981934;0.9815916419029236;0.9828875064849854;0.9817416667938232;0.9819270968437195;0.983495831489563;0.982602059841156;0.9827229380607605;0.9820500016212463;0.9839291572570801;0.9831770658493042;0.984333336353302;0.9831166863441467;0.9840896129608154;0.9830874800682068;0.9831354022026062;0.9831291437149048;0.9834374785423279;0.9840396046638489;0.9843249917030334;0.9843375086784363;0.9844145774841309;0.9844812750816345
3;ftnn-combined-718d4f98bf6100ad0f24d9666f2574b4.hdf5;dense-512;0.9100291728973389;0.9226187467575073;0.9309791922569275;0.9291520714759827;0.950445830821991;0.9356687664985657;0.9444645643234253;0.9357312321662903;0.9516270756721497;0.9548291563987732;0.9599458575248718;0.950389564037323;0.9668166637420654;0.9625874757766724;0.9595999717712402;0.9591854214668274;0.9565874934196472;0.9718770980834961;0.977956235408783;0.9734749794006348;0.9733771085739136;0.9751874804496765;0.9745479226112366;0.9724083542823792;0.9762020707130432;0.9769771099090576;0.974331259727478;0.9741166830062866;0.9809145927429199;0.9754124879837036;0.9741874933242798;0.975293755531311;0.9750812649726868;0.9788146018981934;0.9689791798591614;0.9745270609855652;0.9696896076202393;0.9754916429519653;0.9787062406539917;0.9771333336830139;0.975849986076355;0.9841750264167786;0.9792104363441467;0.9807791709899902;0.9786937236785889;0.9789458513259888;0.9800770878791809;0.9754020571708679;0.9780020713806152;0.9808250069618225;0.9784291386604309;0.9818416833877563;0.9712416529655457;0.9821603894233704;0.9784770607948303;0.9798729419708252;0.980135440826416;0.9810020923614502;0.9835687279701233;0.9819312691688538;0.9812750220298767;0.9827604293823242;0.9797333478927612;0.9828749895095825;0.9841604232788086;0.9815166592597961;0.9825458526611328;0.9834437370300293;0.9835500121116638;0.9835125207901001;0.9830750226974487;0.9832124710083008;0.9851499795913696;0.9829833507537842;0.9828458428382874;0.9845374822616577;0.9823479056358337;0.9843645691871643;0.9846937656402588;0.9829541444778442;0.9831500053405762;0.9837999939918518;0.9845520853996277;0.9831749796867371;0.9845791459083557;0.9832062721252441;0.9851250052452087;0.9850437641143799;0.9841895699501038;0.9845728874206543;0.9846770763397217;0.9849104285240173;0.9850354194641113;0.9851270914077759;0.9851187467575073;0.9852104187011719;0.9854083061218262;0.9854708313941956;0.9856937527656555;0.985841691493988
4;ftnn-combined-718d4f98bf6100ad0f24d9666f2574b4.hdf5;dense-512;0.9014812707901001;0.9261500239372253;0.9478833079338074;0.9367312788963318;0.9310479164123535;0.9318562746047974;0.9355458617210388;0.9312250018119812;0.9364062547683716;0.9241771101951599;0.9386083483695984;0.9332104325294495;0.9478104114532471;0.9531645774841309;0.9332958459854126;0.9323999881744385;0.9424583315849304;0.9435791373252869;0.9715750217437744;0.9450437426567078;0.9477479457855225;0.9520479440689087;0.9462437629699707;0.9633062481880188;0.9697791934013367;0.9623937606811523;0.9516333341598511;0.9552500247955322;0.9597479104995728;0.9710687398910522;0.9696624875068665;0.9769041538238525;0.9451395869255066;0.9720604419708252;0.9656291604042053;0.9714083075523376;0.9748562574386597;0.9763312339782715;0.9778854250907898;0.9743270874023438;0.9727625250816345;0.9784749746322632;0.9778603911399841;0.9757875204086304;0.9707708358764648;0.9723874926567078;0.9783499836921692;0.9799583554267883;0.9828583598136902;0.9792312383651733;0.9780750274658203;0.9798250198364258;0.9804291725158691;0.9779833555221558;0.9791083335876465;0.9788146018981934;0.9790124893188477;0.979912519454956;0.9791749715805054;0.9821312427520752;0.9827166795730591;0.9805833101272583;0.982897937297821;0.980650007724762;0.9831708073616028;0.9820395708084106;0.9808937311172485;0.9803979396820068;0.9801083207130432;0.9847041964530945;0.9811978936195374;0.9816145896911621;0.9821354150772095;0.9825708270072937;0.9827187657356262;0.9833062291145325;0.9836021065711975;0.983860433101654;0.983454167842865;0.9839312434196472;0.9831374883651733;0.9841291904449463;0.9842979311943054;0.9842187762260437;0.9840478897094727;0.9843854308128357;0.984458327293396;0.9850375056266785;0.9856791496276855;0.9849666953086853;0.9846291542053223;0.9849166870117188;0.9854312539100647;0.9860125184059143;0.9862478971481323;0.9862208366394043;0.9864645600318909;0.9864937663078308;0.9865958094596863;0.986814558506012
5;ftnn-combined-718d4f98bf6100ad0f24d9666f2574b4.hdf5;dense-512;0.8338291645050049;0.8699291944503784;0.9037666916847229;0.9243062734603882;0.9193978905677795;0.9222978949546814;0.9053479433059692;0.8975520730018616;0.9240416884422302;0.9138020873069763;0.8923937678337097;0.899427056312561;0.899649977684021;0.9041416645050049;0.9113395810127258;0.9211458563804626;0.9144791960716248;0.9176499843597412;0.9146062731742859;0.9202271103858948;0.9175770878791809;0.906068742275238;0.9199374914169312;0.9116874933242798;0.9232228994369507;0.9268541932106018;0.9062374830245972;0.9176124930381775;0.9014999866485596;0.9241750240325928;0.9134604334831238;0.9308041930198669;0.9024437665939331;0.9174312353134155;0.9138979315757751;0.9332166910171509;0.9150187373161316;0.9216853976249695;0.9209374785423279;0.9122041463851929;0.9215229153633118;0.9155750274658203;0.9225562214851379;0.8664520978927612;0.9082229137420654;0.7092896103858948;0.9195812344551086;0.9134646058082581;0.9204645752906799;0.9122416377067566;0.9214937686920166;0.9126999974250793;0.9192020893096924;0.9148312211036682;0.9288395643234253;0.9382374882698059;0.9389749765396118;0.9387562274932861;0.9359270930290222;0.9400229454040527;0.9390770792961121;0.9453583359718323;0.941031277179718;0.9431020617485046;0.9497604370117188;0.9490666389465332;0.9451187252998352;0.9554062485694885;0.9483645558357239;0.9579583406448364;0.953962504863739;0.9571166634559631;0.9630874991416931;0.9563083052635193;0.9621791839599609;0.9620333313941956;0.9620541930198669;0.9650583267211914;0.9644333124160767;0.968610405921936;0.9684937596321106;0.9704895615577698;0.9697145819664001;0.9672145843505859;0.9644395709037781;0.9704541563987732;0.9685583114624023;0.9685312509536743;0.9666312336921692;0.9701937437057495;0.9693187475204468;0.9685916900634766;0.9672771096229553;0.9688521027565002;0.9686458110809326;0.9693333506584167;0.9700333476066589;0.9702374935150146;0.9701791405677795;0.9701271057128906
1;ftnn-combined-718d4f98bf6100ad0f24d9666f2574b4.hdf5;dense-1024;0.918483316898346;0.9329729080200195;0.9320479035377502;0.9401958584785461;0.939091682434082;0.945983350276947;0.9573541879653931;0.9421854019165039;0.9608833193778992;0.9792708158493042;0.9661041498184204;0.9752583503723145;0.9551874995231628;0.9605770707130432;0.9647687673568726;0.970674991607666;0.9662937521934509;0.9730166792869568;0.9458208084106445;0.9498999714851379;0.9688500165939331;0.9762625098228455;0.9735041856765747;0.9693604111671448;0.9730749726295471;0.9766854047775269;0.9686853885650635;0.9742854237556458;0.9695249795913696;0.9679999947547913;0.9578437209129333;0.9699729084968567;0.9786041378974915;0.9739187359809875;0.9727437496185303;0.9805583357810974;0.9740895628929138;0.9763708114624023;0.9733354449272156;0.9763479232788086;0.974524974822998;0.9793958067893982;0.9729874730110168;0.9717562794685364;0.9806666374206543;0.977524995803833;0.9773791432380676;0.9822958111763;0.9726353883743286;0.9811937212944031;0.9709104299545288;0.9729041457176208;0.9773916602134705;0.9807916879653931;0.9859083294868469;0.9792937636375427;0.9812270998954773;0.9773979187011719;0.9803333282470703;0.9793708324432373;0.9837687611579895;0.9814666509628296;0.9778083562850952;0.98189377784729;0.9818500280380249;0.9822103977203369;0.9824937582015991;0.9812999963760376;0.9822916388511658;0.9812416434288025;0.9827916622161865;0.9823416471481323;0.9812874794006348;0.9830541610717773;0.981362521648407;0.9800812602043152;0.9828937649726868;0.9829729199409485;0.9825791716575623;0.9848916530609131;0.9822187423706055;0.9830895662307739;0.9826208353042603;0.983370840549469;0.983370840549469;0.9854103922843933;0.983412504196167;0.9827083349227905;0.9835354089736938;0.9837208390235901;0.9835146069526672;0.9841499924659729;0.9839354157447815;0.9839145541191101;0.9844187498092651;0.9843541383743286;0.9847249984741211;0.9846854209899902;0.9847208261489868;0.9848520755767822
2;ftnn-combined-718d4f98bf6100ad0f24d9666f2574b4.hdf5;dense-1024;0.8592749834060669;0.9276000261306763;0.9373478889465332;0.937389612197876;0.9352729320526123;0.9389979243278503;0.9411437511444092;0.9689604043960571;0.9686354398727417;0.9654062390327454;0.95701664686203;0.9665979146957397;0.9572562575340271;0.9615083336830139;0.9715333580970764;0.9694541692733765;0.9581791758537292;0.9622604250907898;0.959627091884613;0.9777187705039978;0.9552708268165588;0.9605104327201843;0.9717854261398315;0.9684604406356812;0.9716249704360962;0.9738374948501587;0.9723708629608154;0.9660000205039978;0.9738437533378601;0.9745854139328003;0.9606145620346069;0.9687604308128357;0.9706500172615051;0.9737645983695984;0.9730499982833862;0.9772583246231079;0.9815270900726318;0.9733999967575073;0.9797520637512207;0.9715104103088379;0.9767270684242249;0.9768437743186951;0.9811229109764099;0.967439591884613;0.969837486743927;0.9731374979019165;0.9797583222389221;0.9598458409309387;0.9760249853134155;0.9757583141326904;0.9799041748046875;0.9712291955947876;0.9714458584785461;0.9748583436012268;0.976895809173584;0.9814062714576721;0.9793687462806702;0.9780874848365784;0.9751187562942505;0.9739291667938232;0.9783124923706055;0.9815083146095276;0.9794625043869019;0.9775854349136353;0.9796562790870667;0.9785479307174683;0.98459792137146;0.9807583093643188;0.9844895601272583;0.9799041748046875;0.9804791808128357;0.984083354473114;0.980329155921936;0.9824146032333374;0.9794395565986633;0.9820728898048401;0.9819916486740112;0.9822958111763;0.981347918510437;0.9821770787239075;0.9810020923614502;0.9817833304405212;0.9837083220481873;0.982227087020874;0.9830354452133179;0.9837708473205566;0.9823125004768372;0.9832500219345093;0.9820479154586792;0.9817041754722595;0.9831083416938782;0.9818770885467529;0.9830271005630493;0.982366681098938;0.983147919178009;0.9833729267120361;0.9836937785148621;0.9836916923522949;0.9836083054542542;0.9837083220481873
3;ftnn-combined-718d4f98bf6100ad0f24d9666f2574b4.hdf5;dense-1024;0.886006236076355;0.9233812689781189;0.9417979121208191;0.9348396062850952;0.9307000041007996;0.9507041573524475;0.9423083066940308;0.9503395557403564;0.9531833529472351;0.9432333111763;0.964270830154419;0.9703583121299744;0.9663541913032532;0.9724791646003723;0.9690041542053223;0.9651520848274231;0.9739124774932861;0.9675729274749756;0.9572895765304565;0.9695146083831787;0.9744833111763;0.9738125205039978;0.9693750143051147;0.9778208136558533;0.96298748254776;0.9817500114440918;0.9711562395095825;0.9722124934196472;0.977552056312561;0.9819145798683167;0.96876460313797;0.9642729163169861;0.9800541400909424;0.973743736743927;0.9745208621025085;0.9603478908538818;0.9779333472251892;0.9760854244232178;0.9790208339691162;0.9782541394233704;0.9793416857719421;0.974091649055481;0.9773958325386047;0.9773041605949402;0.9778603911399841;0.9791499972343445;0.9786021113395691;0.9801604151725769;0.9745104312896729;0.9738875031471252;0.9755479097366333;0.9794562458992004;0.9733645915985107;0.9797770977020264;0.9749979376792908;0.9770854115486145;0.9740208387374878;0.9744479060173035;0.9823187589645386;0.9791104197502136;0.9793645739555359;0.9792312383651733;0.9811229109764099;0.9791874885559082;0.9821937680244446;0.9791395664215088;0.9797124862670898;0.9813708066940308;0.9803125262260437;0.9846083521842957;0.984375;0.9822978973388672;0.9775750041007996;0.9818896055221558;0.9827770590782166;0.9821187257766724;0.9795104265213013;0.9822583198547363;0.9813312292098999;0.9831666946411133;0.9810541868209839;0.9846000075340271;0.9818958044052124;0.9840978980064392;0.9816708564758301;0.9847604036331177;0.9838666915893555;0.9833645820617676;0.9842228889465332;0.9832375049591064;0.9837708473205566;0.983299970626831;0.9830124974250793;0.9841895699501038;0.9837395548820496;0.984068751335144;0.9843103885650635;0.984291672706604;0.9843708276748657;0.9844666719436646
4;ftnn-combined-718d4f98bf6100ad0f24d9666f2574b4.hdf5;dense-1024;0.9182687401771545;0.9212666749954224;0.9349312782287598;0.9339374899864197;0.9463520646095276;0.9606124758720398;0.9676520824432373;0.9557791948318481;0.9667062759399414;0.9465458393096924;0.9581145644187927;0.9625729322433472;0.964760422706604;0.9618520736694336;0.9395750164985657;0.9590041637420654;0.9503645896911621;0.9711104035377502;0.9662625193595886;0.9738958477973938;0.9778125286102295;0.972391664981842;0.9691937565803528;0.9769208431243896;0.971304178237915;0.9678833484649658;0.9631103873252869;0.9795541763305664;0.9789437651634216;0.9791666865348816;0.9785208106040955;0.9766979217529297;0.9684625267982483;0.9711458086967468;0.960197925567627;0.9757562279701233;0.9741416573524475;0.9581375122070312;0.9776437282562256;0.970550000667572;0.974887490272522;0.9743333458900452;0.9733916521072388;0.9764249920845032;0.9818021059036255;0.9774937629699707;0.9791625142097473;0.9812104105949402;0.9771124720573425;0.9757458567619324;0.9781791567802429;0.979756236076355;0.9729499816894531;0.978487491607666;0.980427086353302;0.9769999980926514;0.9788166880607605;0.9780604243278503;0.979881227016449;0.9828416705131531;0.98026043176651;0.9794833064079285;0.9847291707992554;0.9807500243186951;0.9782708287239075;0.9801270961761475;0.9815770983695984;0.9814291596412659;0.9813270568847656;0.9829541444778442;0.9759166836738586;0.9824208617210388;0.9777770638465881;0.9828791618347168;0.9823687672615051;0.9813520908355713;0.9818124771118164;0.9832229018211365;0.9815208315849304;0.9809812307357788;0.9831916689872742;0.9833083152770996;0.9808708429336548;0.983287513256073;0.9838770627975464;0.9819229245185852;0.984277069568634;0.982981264591217;0.9829354286193848;0.9829875230789185;0.9827458262443542;0.9827562570571899;0.9835020899772644;0.9832749962806702;0.9832979440689087;0.9838229417800903;0.9838646054267883;0.9840396046638489;0.9840666651725769;0.9842416644096375
5;ftnn-combined-718d4f98bf6100ad0f24d9666f2574b4.hdf5;dense-1024;0.9179312586784363;0.9151853919029236;0.9096812605857849;0.931237518787384;0.9394229054450989;0.9368791580200195;0.9391499757766724;0.9470103979110718;0.9402895569801331;0.940527081489563;0.9406916499137878;0.9437708258628845;0.947210431098938;0.9391999840736389;0.9380270838737488;0.9545208215713501;0.9380896091461182;0.9469562768936157;0.9551520943641663;0.9444708228111267;0.9542250037193298;0.9434062242507935;0.958845853805542;0.9548458456993103;0.9429416656494141;0.9435999989509583;0.9482374787330627;0.9478541612625122;0.955512523651123;0.952037513256073;0.9498187303543091;0.9577249884605408;0.9612479209899902;0.956095814704895;0.9581354260444641;0.9605916738510132;0.9609166383743286;0.9663500189781189;0.9552666544914246;0.9534187316894531;0.9606395959854126;0.9657354354858398;0.9567458629608154;0.9519645571708679;0.9543770551681519;0.9582041501998901;0.9617937207221985;0.9581145644187927;0.9643312692642212;0.9557333588600159;0.9616479277610779;0.9543041586875916;0.951981246471405;0.9619604349136353;0.963085412979126;0.9622979164123535;0.9603270888328552;0.965218722820282;0.957785427570343;0.9604250192642212;0.9581812620162964;0.970102071762085;0.9751708507537842;0.9692479372024536;0.9752354025840759;0.9784333109855652;0.9785729050636292;0.9800312519073486;0.9789333343505859;0.9783916473388672;0.982897937297821;0.9798353910446167;0.9812395572662354;0.9820646047592163;0.9831604361534119;0.980983316898346;0.9827333092689514;0.9837208390235901;0.9820937514305115;0.9824291467666626;0.983427107334137;0.9834479093551636;0.9860520958900452;0.9856604337692261;0.9854562282562256;0.9853479266166687;0.9860333204269409;0.9856625199317932;0.9859645962715149;0.9849916696548462;0.9865291714668274;0.9868124723434448;0.9866708517074585;0.9868187308311462;0.9871645569801331;0.9871770739555359;0.9873729348182678;0.9874416589736938;0.9875312447547913;0.9876041412353516
1;ftnn-combined-718d4f98bf6100ad0f24d9666f2574b4.hdf5;dense-2048;0.9206249713897705;0.9173604249954224;0.9229270815849304;0.9339937567710876;0.9299749732017517;0.9334437251091003;0.9506020545959473;0.9323979020118713;0.9370833039283752;0.9406291842460632;0.9373375177383423;0.9568750262260437;0.9524895548820496;0.9687854051589966;0.9726353883743286;0.946483314037323;0.9402333498001099;0.9444020986557007;0.9675729274749756;0.971345841884613;0.9670437574386597;0.9672562479972839;0.9762395620346069;0.9695020914077759;0.9660479426383972;0.965847909450531;0.9779416918754578;0.9574333429336548;0.9751958250999451;0.9747041463851929;0.9752646088600159;0.9708499908447266;0.9711312651634216;0.9798416495323181;0.9742708206176758;0.9745916724205017;0.9768875241279602;0.97904372215271;0.9781895875930786;0.9736499786376953;0.9791708588600159;0.9800812602043152;0.9785833358764648;0.9788249731063843;0.972697913646698;0.9775145649909973;0.9772937297821045;0.9808333516120911;0.9782000184059143;0.9808666706085205;0.9797604084014893;0.9825124740600586;0.9770541787147522;0.9844979047775269;0.9807479381561279;0.9770146012306213;0.9790041446685791;0.9808229207992554;0.980412483215332;0.980358362197876;0.9807103872299194;0.9786229133605957;0.9809333086013794;0.9845749735832214;0.9838979244232178;0.9824687242507935;0.9844666719436646;0.983818769454956;0.9828812479972839;0.9829854369163513;0.9837520718574524;0.9809395670890808;0.9822729229927063;0.9834229350090027;0.9839354157447815;0.9834750294685364;0.9836666584014893;0.9836437702178955;0.9837708473205566;0.9832000136375427;0.983985424041748;0.9823353886604309;0.9843624830245972;0.9840499758720398;0.9845458269119263;0.984110414981842;0.9850791692733765;0.9846895933151245;0.9845458269119263;0.9853916764259338;0.9849374890327454;0.9849187731742859;0.985072910785675;0.985364556312561;0.9851666688919067;0.9853166937828064;0.9855333566665649;0.9856625199317932;0.9857875108718872;0.9859166741371155
2;ftnn-combined-718d4f98bf6100ad0f24d9666f2574b4.hdf5;dense-2048;0.8451937437057495;0.9249874949455261;0.9284645915031433;0.931418776512146;0.9504354000091553;0.9458146095275879;0.9334145784378052;0.938587486743927;0.8908874988555908;0.9417437314987183;0.9320562481880188;0.9357625246047974;0.9381937384605408;0.9464770555496216;0.9514604210853577;0.9286645650863647;0.9390395879745483;0.9563958048820496;0.9448021054267883;0.96114581823349;0.9535396099090576;0.9511833190917969;0.9539937376976013;0.9558479189872742;0.9539645910263062;0.9463833570480347;0.9512854218482971;0.9471520781517029;0.9561874866485596;0.9581562280654907;0.9536499977111816;0.9605166912078857;0.9650729298591614;0.9510208368301392;0.9518208503723145;0.9583083391189575;0.9687062501907349;0.9622604250907898;0.963658332824707;0.9638749957084656;0.9582083225250244;0.9510895609855652;0.9578354358673096;0.9510270953178406;0.9606603980064392;0.9532020688056946;0.9626937508583069;0.9537249803543091;0.9571958184242249;0.960868775844574;0.9614583253860474;0.9603833556175232;0.9580645561218262;0.9606375098228455;0.9567958116531372;0.9601333141326904;0.9533770680427551;0.9625729322433472;0.9594270586967468;0.9564499855041504;0.9644020795822144;0.9603041410446167;0.9622791409492493;0.9652354121208191;0.9653145670890808;0.9729854464530945;0.9719562530517578;0.9741062521934509;0.9699041843414307;0.9679041504859924;0.970143735408783;0.9710208177566528;0.9712458252906799;0.9759374856948853;0.9792854189872742;0.9794812202453613;0.9814603924751282;0.9806583523750305;0.9829937219619751;0.9806625247001648;0.9846958518028259;0.9830020666122437;0.9829854369163513;0.9865249991416931;0.9849020838737488;0.9833958148956299;0.9859374761581421;0.9859562516212463;0.9854270815849304;0.9846541881561279;0.9861291646957397;0.9857729077339172;0.986258327960968;0.9868521094322205;0.9865583181381226;0.9869145750999451;0.9870020747184753;0.9871708154678345;0.9872541427612305;0.9873645901679993
3;ftnn-combined-718d4f98bf6100ad0f24d9666f2574b4.hdf5;dense-2048;0.9090853929519653;0.9455999732017517;0.927581250667572;0.9307208061218262;0.9586291909217834;0.9729458093643188;0.9726041555404663;0.9694937467575073;0.9635520577430725;0.7405666708946228;0.9253541827201843;0.9404249787330627;0.9332937598228455;0.942145824432373;0.9377458095550537;0.9414812326431274;0.9519916772842407;0.9405103921890259;0.9374562501907349;0.9439020752906799;0.9522104263305664;0.9671208262443542;0.9451708197593689;0.9581666588783264;0.9500874876976013;0.937541663646698;0.9605270624160767;0.9651520848274231;0.9731958508491516;0.9692791700363159;0.9646520614624023;0.9639333486557007;0.9627000093460083;0.975558340549469;0.9717187285423279;0.9659625291824341;0.9728145599365234;0.9741728901863098;0.9720958471298218;0.9744833111763;0.9731104373931885;0.9695270657539368;0.9680625200271606;0.966352105140686;0.9742749929428101;0.9752291440963745;0.9710083603858948;0.9761333465576172;0.9789416790008545;0.9767354130744934;0.9768062233924866;0.9793021082878113;0.9813791513442993;0.9666937589645386;0.9780750274658203;0.9793604016304016;0.9797312617301941;0.967856228351593;0.9761791825294495;0.9751583337783813;0.9719791412353516;0.9753479361534119;0.9767354130744934;0.9754624962806702;0.9798312783241272;0.9792541861534119;0.9759166836738586;0.9792312383651733;0.9768291711807251;0.9751833081245422;0.9780916571617126;0.9770520925521851;0.9760770797729492;0.9782978892326355;0.9764687418937683;0.9803958535194397;0.9782187342643738;0.9769437313079834;0.9753833413124084;0.9765999913215637;0.9761000275611877;0.9762166738510132;0.9738020896911621;0.9788374900817871;0.9713583588600159;0.9752728939056396;0.9755874872207642;0.9768666625022888;0.9784125089645386;0.9777354001998901;0.9770541787147522;0.9776062369346619;0.9788374900817871;0.9783291816711426;0.9791958332061768;0.9796541929244995;0.979645848274231;0.9795520901679993;0.9793562293052673;0.9794583320617676
4;ftnn-combined-718d4f98bf6100ad0f24d9666f2574b4.hdf5;dense-2048;0.9156875014305115;0.9290937781333923;0.9308687448501587;0.9329479336738586;0.9359354376792908;0.9550708532333374;0.9354375004768372;0.9479687213897705;0.9522562623023987;0.9529041647911072;0.929797887802124;0.9636541604995728;0.941337525844574;0.9697666764259338;0.9720812439918518;0.9677479267120361;0.9664999842643738;0.956193745136261;0.959808349609375;0.9689124822616577;0.9570103883743286;0.9692833423614502;0.9790104031562805;0.9641687273979187;0.9761250019073486;0.9643562436103821;0.976016640663147;0.9732999801635742;0.9786896109580994;0.9753437638282776;0.9786208271980286;0.9770854115486145;0.9694562554359436;0.9657291769981384;0.9728479385375977;0.975572943687439;0.978347897529602;0.9737271070480347;0.9771812558174133;0.975585401058197;0.978502094745636;0.9739416837692261;0.9753812551498413;0.9724270701408386;0.9711041450500488;0.9695708155632019;0.9750645756721497;0.9696249961853027;0.9757978916168213;0.9720520973205566;0.9804458618164062;0.9788916707038879;0.97408127784729;0.9788646101951599;0.9771603941917419;0.9791937470436096;0.981320858001709;0.9793354272842407;0.9791666865348816;0.9784520864486694;0.9717000126838684;0.9833354353904724;0.9784374833106995;0.9786875247955322;0.9821895956993103;0.9825375080108643;0.9802666902542114;0.9791791439056396;0.9789979457855225;0.9814124703407288;0.9785749912261963;0.9812874794006348;0.9840520620346069;0.9804896116256714;0.9801375269889832;0.9813458323478699;0.9827625155448914;0.9822916388511658;0.9841416478157043;0.9840562343597412;0.9829124808311462;0.9841041564941406;0.9846104383468628;0.9850208163261414;0.984041690826416;0.9836833477020264;0.9842812418937683;0.9839395880699158;0.9830374717712402;0.9838458299636841;0.983370840549469;0.9837520718574524;0.9840396046638489;0.98458331823349;0.9840729236602783;0.9848145842552185;0.9849062561988831;0.9849333167076111;0.9849437475204468;0.9849604368209839
5;ftnn-combined-718d4f98bf6100ad0f24d9666f2574b4.hdf5;dense-2048;0.9078854322433472;0.9254541397094727;0.9214000105857849;0.9343312382698059;0.9344833493232727;0.9469249844551086;0.9522166848182678;0.9608374834060669;0.9466812610626221;0.9519104361534119;0.9604604244232178;0.9673791527748108;0.967241644859314;0.9622874855995178;0.9540916681289673;0.956012487411499;0.9656999707221985;0.9692249894142151;0.9438187479972839;0.9698646068572998;0.9729020595550537;0.9735875129699707;0.979756236076355;0.9645125269889832;0.9747666716575623;0.9690187573432922;0.9696249961853027;0.9680541753768921;0.9742770791053772;0.9645854234695435;0.9789416790008545;0.9819520711898804;0.9755041599273682;0.9790270924568176;0.9799333214759827;0.9642833471298218;0.9653958082199097;0.9763728976249695;0.9800312519073486;0.973645806312561;0.9748854041099548;0.9699749946594238;0.9758833050727844;0.9710708260536194;0.9738166928291321;0.9775562286376953;0.9784374833106995;0.9781770706176758;0.9790916442871094;0.9765874743461609;0.9754312634468079;0.977177083492279;0.9769187569618225;0.9737937450408936;0.9769604206085205;0.9769291877746582;0.9756583571434021;0.9771875143051147;0.9764687418937683;0.979283332824707;0.9808354377746582;0.9779062271118164;0.9823271036148071;0.9775937795639038;0.9818791747093201;0.9808916449546814;0.973758339881897;0.9810020923614502;0.9839500188827515;0.9818083047866821;0.9831708073616028;0.9801395535469055;0.9817625284194946;0.9814479351043701;0.9799333214759827;0.980204164981842;0.9811458587646484;0.9824520945549011;0.9812333583831787;0.9808791875839233;0.9809666872024536;0.9833499789237976;0.9838500022888184;0.9838125109672546;0.9840333461761475;0.9842062592506409;0.9840083122253418;0.984193742275238;0.9823020696640015;0.983860433101654;0.9842437505722046;0.9837812781333923;0.9837124943733215;0.9840541481971741;0.9842146039009094;0.9845499992370605;0.9848562479019165;0.984931230545044;0.9848874807357788;0.9849791526794434
1;ftnn-combined-718d4f98bf6100ad0f24d9666f2574b4.hdf5;dense-128-128;0.9269270896911621;0.920199990272522;0.9408687353134155;0.9352437257766724;0.929354190826416;0.9409041404724121;0.9335874915122986;0.9681062698364258;0.9425250291824341;0.9617458581924438;0.9086645841598511;0.9184583425521851;0.8972958326339722;0.8265541791915894;0.789327085018158;0.9597062468528748;0.8695937395095825;0.9305166602134705;0.9643229246139526;0.9722895622253418;0.9674354195594788;0.9391437768936157;0.974554181098938;0.9797333478927612;0.9789270758628845;0.981083333492279;0.9847021102905273;0.984208345413208;0.9829541444778442;0.983552098274231;0.9839583039283752;0.9789875149726868;0.9790083169937134;0.9868270754814148;0.9872958064079285;0.9847833514213562;0.9845958352088928;0.9876958131790161;0.9859812259674072;0.9862666726112366;0.9869416952133179;0.9827353954315186;0.985977053642273;0.9861666560173035;0.9805708527565002;0.9785187244415283;0.980774998664856;0.9861812591552734;0.9841750264167786;0.9851895570755005;0.9884291887283325;0.987568736076355;0.9871312379837036;0.9900645613670349;0.9881874918937683;0.9870625138282776;0.9892687797546387;0.986814558506012;0.9894833564758301;0.9864312410354614;0.9884541630744934;0.9720937609672546;0.989216685295105;0.9898458123207092;0.983231246471405;0.9895583391189575;0.9894187450408936;0.9904270768165588;0.9905812740325928;0.9908937215805054;0.9889020919799805;0.9905999898910522;0.9851541519165039;0.9917625188827515;0.9909312725067139;0.990497887134552;0.9935041666030884;0.9911312460899353;0.9929770827293396;0.9920395612716675;0.9939625263214111;0.9938458204269409;0.99425208568573;0.9934791922569275;0.9945604205131531;0.994575023651123;0.9931979179382324;0.9941624999046326;0.9946291446685791;0.9945291876792908;0.9947603940963745;0.9943270683288574;0.9949187636375427;0.9947812557220459;0.9950249791145325;0.9950562715530396;0.9950833320617676;0.9950979351997375;0.995131254196167;0.9951229095458984
2;ftnn-combined-718d4f98bf6100ad0f24d9666f2574b4.hdf5;dense-128-128;0.8875895738601685;0.9247145652770996;0.9290500283241272;0.9667770862579346;0.9267500042915344;0.9090937376022339;0.9219958186149597;0.9334812760353088;0.9724228978157043;0.9677708148956299;0.9437458515167236;0.9354541897773743;0.9291666746139526;0.9453145861625671;0.9698062539100647;0.9187541604042053;0.9206437468528748;0.9826604127883911;0.979672908782959;0.9792812466621399;0.9762833118438721;0.9818583130836487;0.9871708154678345;0.9676666855812073;0.9801041483879089;0.9827395677566528;0.9784374833106995;0.9839770793914795;0.9860666394233704;0.9807666540145874;0.9860228896141052;0.9843312501907349;0.9854249954223633;0.9850603938102722;0.985841691493988;0.9796104431152344;0.9873124957084656;0.9836291670799255;0.9875395894050598;0.9864562749862671;0.9842937588691711;0.9876770973205566;0.9847729206085205;0.9832958579063416;0.987429141998291;0.9843958616256714;0.9884416460990906;0.9854604005813599;0.9891312718391418;0.9912562370300293;0.9873541593551636;0.9881583452224731;0.9898229241371155;0.9894541501998901;0.9920041561126709;0.9912624955177307;0.9926145672798157;0.9881583452224731;0.9905937314033508;0.9894916415214539;0.992368757724762;0.9923208355903625;0.9912166595458984;0.991895854473114;0.9928374886512756;0.9931729435920715;0.993331253528595;0.9922229051589966;0.993331253528595;0.9926624894142151;0.9938937425613403;0.9927895665168762;0.9935312271118164;0.9936479330062866;0.994350016117096;0.9943228960037231;0.9938729405403137;0.9940375089645386;0.9943249821662903;0.994391679763794;0.9944645762443542;0.9946520924568176;0.9941771030426025;0.9948604106903076;0.9948854446411133;0.9947208166122437;0.9949374794960022;0.9949125051498413;0.9950937628746033;0.9949291944503784;0.9951062202453613;0.9951812624931335;0.995187520980835;0.9952354431152344;0.9952666759490967;0.9953312277793884;0.9953646063804626;0.995381236076355;0.995395839214325;0.9954145550727844
3;ftnn-combined-718d4f98bf6100ad0f24d9666f2574b4.hdf5;dense-128-128;0.920579195022583;0.9372166395187378;0.9005125164985657;0.9710729122161865;0.8956124782562256;0.9289520978927612;0.9546541571617126;0.9362437725067139;0.9584458470344543;0.9443437457084656;0.9613083600997925;0.9255771040916443;0.9492416381835938;0.8782812356948853;0.9481270909309387;0.9483583569526672;0.9672666788101196;0.9744833111763;0.9752166867256165;0.973535418510437;0.979158341884613;0.9816770553588867;0.9774208068847656;0.974860429763794;0.9830916523933411;0.979964554309845;0.9841687679290771;0.9837250113487244;0.9822666645050049;0.9760416746139526;0.9851333498954773;0.9859395623207092;0.9843416810035706;0.9849646091461182;0.9803458452224731;0.9856770634651184;0.9829541444778442;0.985435426235199;0.9879541397094727;0.9872375130653381;0.9883666634559631;0.9885146021842957;0.9881520867347717;0.9886603951454163;0.9863958358764648;0.9833104014396667;0.9885812401771545;0.9875541925430298;0.9907875061035156;0.9909458160400391;0.9887937307357788;0.9871416687965393;0.9907249808311462;0.9899874925613403;0.9896249771118164;0.9908103942871094;0.9905187487602234;0.9900270700454712;0.9880541563034058;0.9895520806312561;0.9911354184150696;0.9914791584014893;0.9907000064849854;0.991391658782959;0.9918645620346069;0.991168737411499;0.9911354184150696;0.9921625256538391;0.9913979172706604;0.9922103881835938;0.9922812581062317;0.9918937683105469;0.9916853904724121;0.9915479421615601;0.9923083186149597;0.9921166896820068;0.9924646019935608;0.9924562573432922;0.9929666519165039;0.9931187629699707;0.9932249784469604;0.9933187365531921;0.9936145544052124;0.9935500025749207;0.9937624931335449;0.9938083291053772;0.9941458106040955;0.9940083622932434;0.9942583441734314;0.994308352470398;0.9943125247955322;0.9943000078201294;0.9942708611488342;0.9943937659263611;0.9943854212760925;0.9944791793823242;0.9945187568664551;0.9945625066757202;0.9945791959762573;0.9945874810218811
4;ftnn-combined-718d4f98bf6100ad0f24d9666f2574b4.hdf5;dense-128-128;0.9112458229064941;0.9374041557312012;0.9418749809265137;0.7843770980834961;0.9568020701408386;0.7362604141235352;0.9363124966621399;0.9200249910354614;0.8507978916168213;0.9734479188919067;0.8570874929428101;0.874666690826416;0.9568541646003723;0.9017062783241272;0.9715750217437744;0.9779708385467529;0.9710562229156494;0.9819250106811523;0.9773791432380676;0.9429125189781189;0.9729229211807251;0.9845083355903625;0.9844270944595337;0.9775208234786987;0.9693729281425476;0.9255874752998352;0.9850770831108093;0.9838541746139526;0.9855333566665649;0.9735541939735413;0.9788520932197571;0.9828958511352539;0.9816791415214539;0.9843375086784363;0.9827583432197571;0.9804250001907349;0.9874145984649658;0.9837229251861572;0.9742312431335449;0.985197901725769;0.9851020574569702;0.985925018787384;0.9863583445549011;0.9813791513442993;0.9876875281333923;0.9858270883560181;0.9835020899772644;0.9816187620162964;0.9865896105766296;0.9857249855995178;0.9780479073524475;0.9860520958900452;0.986466646194458;0.9830916523933411;0.9898020625114441;0.9872812628746033;0.9900687336921692;0.9842812418937683;0.9878228902816772;0.9895604252815247;0.9903479218482971;0.985810399055481;0.9901854395866394;0.9909833073616028;0.989535391330719;0.9871208071708679;0.9875291585922241;0.9912708401679993;0.9914458394050598;0.9921500086784363;0.9914374947547913;0.9905583262443542;0.9926103949546814;0.9909291863441467;0.9922479391098022;0.9908479452133179;0.9914979338645935;0.9931041598320007;0.9925708174705505;0.9932562708854675;0.9932000041007996;0.9931437373161316;0.9936187267303467;0.9941291809082031;0.9937041401863098;0.994070827960968;0.994320809841156;0.9944562315940857;0.9940687417984009;0.9938853979110718;0.9944000244140625;0.9942916631698608;0.9944437742233276;0.9945541620254517;0.994585394859314;0.9946187734603882;0.9947083592414856;0.9947645664215088;0.9947812557220459;0.9948083162307739
5;ftnn-combined-718d4f98bf6100ad0f24d9666f2574b4.hdf5;dense-128-128;0.8881208300590515;0.9453208446502686;0.9291874766349792;0.9386374950408936;0.9375958442687988;0.9282958507537842;0.9561833143234253;0.9454083442687988;0.9502520561218262;0.9054853916168213;0.9059770703315735;0.9036250114440918;0.9175270795822144;0.909152090549469;0.9229416847229004;0.9401041865348816;0.9403749704360962;0.9341958165168762;0.9346979260444641;0.9408375024795532;0.9354521036148071;0.9149166941642761;0.9371125102043152;0.9662270545959473;0.8957270979881287;0.9233124852180481;0.9351500272750854;0.9285770654678345;0.9361437559127808;0.9350062608718872;0.9576937556266785;0.934556245803833;0.9331937432289124;0.9399333596229553;0.8613312244415283;0.9339020848274231;0.9348687529563904;0.8991458415985107;0.9353708624839783;0.9375791549682617;0.9376583099365234;0.9355854392051697;0.9295833110809326;0.9558749794960022;0.9298833608627319;0.9608979225158691;0.960422933101654;0.9677208065986633;0.9748895764350891;0.9715291857719421;0.9817749857902527;0.9782708287239075;0.9761416912078857;0.9807729125022888;0.9526854157447815;0.9870208501815796;0.9448249936103821;0.9711520671844482;0.9827646017074585;0.9599437713623047;0.9731249809265137;0.9741979241371155;0.9681562781333923;0.9811229109764099;0.9744853973388672;0.9810437560081482;0.959220826625824;0.9797687530517578;0.9689750075340271;0.9843270778656006;0.9883416891098022;0.9909479022026062;0.9853916764259338;0.9871958494186401;0.9896208047866821;0.9903479218482971;0.9888166785240173;0.9867562651634216;0.9868291616439819;0.9894062280654907;0.9913958311080933;0.9924812316894531;0.9927124977111816;0.9902687668800354;0.9924166798591614;0.9932187795639038;0.9925270676612854;0.9924062490463257;0.9934937357902527;0.9936729073524475;0.9938083291053772;0.9939354062080383;0.9939291477203369;0.9938250184059143;0.9937124848365784;0.9938312768936157;0.9939791560173035;0.9940624833106995;0.9941708445549011;0.9942333102226257
1;ftnn-combined-718d4f98bf6100ad0f24d9666f2574b4.hdf5;dense-256-256;0.9356062412261963;0.9250791668891907;0.9406375288963318;0.9716770648956299;0.9769999980926514;0.9555604457855225;0.9751020669937134;0.9812687635421753;0.9818520545959473;0.9783916473388672;0.9734749794006348;0.9804624915122986;0.9808375239372253;0.9756208062171936;0.9727874994277954;0.9813083410263062;0.9836958050727844;0.9763333201408386;0.9806437492370605;0.9832083582878113;0.9809291958808899;0.9835500121116638;0.9822312593460083;0.9846291542053223;0.9826270937919617;0.9818458557128906;0.9855270981788635;0.983579158782959;0.9856520891189575;0.9788270592689514;0.983204185962677;0.9745374917984009;0.9842125177383423;0.9852104187011719;0.9849749803543091;0.984499990940094;0.986679196357727;0.9823874831199646;0.9847249984741211;0.983537495136261;0.9784500002861023;0.9868541955947876;0.9851770997047424;0.987375020980835;0.9861729145050049;0.985435426235199;0.9858250021934509;0.9885646104812622;0.9829729199409485;0.987470805644989;0.987179160118103;0.986495852470398;0.9869979023933411;0.9872833490371704;0.987527072429657;0.9888166785240173;0.9890708327293396;0.989160418510437;0.9887791872024536;0.9890541434288025;0.9896000027656555;0.9894437789916992;0.9902666807174683;0.9901354312896729;0.98850417137146;0.9905416369438171;0.9897520542144775;0.9902979135513306;0.9903333187103271;0.991266667842865;0.9912770986557007;0.9915750026702881;0.9890103936195374;0.991447925567627;0.9914770722389221;0.9884374737739563;0.9917479157447815;0.9912687540054321;0.9920562505722046;0.9922229051589966;0.9918979406356812;0.9919604063034058;0.9930499792098999;0.9933395981788635;0.9935458302497864;0.9935125112533569;0.9938125014305115;0.9936916828155518;0.9939646124839783;0.9939437508583069;0.9939374923706055;0.9940958619117737;0.9941145777702332;0.9940937757492065;0.9942353963851929;0.9943187236785889;0.9943603873252869;0.9943833351135254;0.9944021105766296;0.9944208264350891
2;ftnn-combined-718d4f98bf6100ad0f24d9666f2574b4.hdf5;dense-256-256;0.9100958108901978;0.9234750270843506;0.9491166472434998;0.7191125154495239;0.9286437630653381;0.9105395674705505;0.9411541819572449;0.9153458476066589;0.9240978956222534;0.9323208332061768;0.8741645812988281;0.8932499885559082;0.9024229049682617;0.9260770678520203;0.9266937375068665;0.9291853904724121;0.9499916434288025;0.9365770816802979;0.9284395575523376;0.9350333213806152;0.9370604157447815;0.932033360004425;0.9374916553497314;0.9581479430198669;0.933343768119812;0.9357166886329651;0.9451895952224731;0.9724187254905701;0.9775562286376953;0.9670083522796631;0.9771041870117188;0.9734249711036682;0.9765458106994629;0.9754791855812073;0.972100019454956;0.9738812446594238;0.9616291522979736;0.9256646037101746;0.9633291959762573;0.9537500143051147;0.9678937792778015;0.8795541524887085;0.9028375148773193;0.9160125255584717;0.9384979009628296;0.8491520881652832;0.9362083077430725;0.9620312452316284;0.9618562459945679;0.9389416575431824;0.9420333504676819;0.9739978909492493;0.9748958349227905;0.9621750116348267;0.9816895723342896;0.9409666657447815;0.9296125173568726;0.9720520973205566;0.978866696357727;0.982506275177002;0.9820728898048401;0.9833375215530396;0.9373583197593689;0.9836875200271606;0.9818541407585144;0.9829270839691162;0.9656895995140076;0.9845437407493591;0.9739896059036255;0.9867458343505859;0.9820062518119812;0.9876312613487244;0.9882041811943054;0.9876166582107544;0.988406240940094;0.988099992275238;0.9881271123886108;0.9889291524887085;0.9889062643051147;0.9875458478927612;0.9883041381835938;0.9887499809265137;0.9884874820709229;0.9901124835014343;0.9882354140281677;0.9903249740600586;0.990179181098938;0.9901312589645386;0.9899062514305115;0.9908333420753479;0.9908666610717773;0.9908896088600159;0.9907146096229553;0.9906646013259888;0.9906333088874817;0.9905895590782166;0.9906958341598511;0.9908666610717773;0.9910354018211365;0.9910958409309387
3;ftnn-combined-718d4f98bf6100ad0f24d9666f2574b4.hdf5;dense-256-256;0.9048833250999451;0.9487812519073486;0.9315375089645386;0.9028916954994202;0.7371166944503784;0.9129916429519653;0.9612625241279602;0.9215083122253418;0.9720249772071838;0.9597208499908447;0.9573333263397217;0.9279041886329651;0.9579749703407288;0.9266229271888733;0.963979184627533;0.9568541646003723;0.9782041907310486;0.9735999703407288;0.980302095413208;0.9751479029655457;0.9550999999046326;0.9593083262443542;0.9758166670799255;0.9782624840736389;0.9839458465576172;0.9841708540916443;0.984041690826416;0.9737625122070312;0.9760603904724121;0.98189377784729;0.9845229387283325;0.9825541377067566;0.9831562638282776;0.975487470626831;0.9864645600318909;0.9466291666030884;0.9686729311943054;0.96300208568573;0.9367562532424927;0.9867354035377502;0.9876833558082581;0.983120858669281;0.9830354452133179;0.9826250076293945;0.9735416769981384;0.9865729212760925;0.9838728904724121;0.9832187294960022;0.9883103966712952;0.9651583433151245;0.9876833558082581;0.9859604239463806;0.9848853945732117;0.9863312244415283;0.9800187349319458;0.9889729022979736;0.9879812598228455;0.9894020557403564;0.9865312576293945;0.9871416687965393;0.9867916703224182;0.9863041639328003;0.986579179763794;0.9903541803359985;0.9893770813941956;0.9889208078384399;0.9903520941734314;0.9906499981880188;0.9896228909492493;0.9899583458900452;0.9899291396141052;0.9913791418075562;0.9902708530426025;0.9921833276748657;0.991531252861023;0.9920187592506409;0.9921895861625671;0.9915833473205566;0.9928833246231079;0.9937458038330078;0.9921833276748657;0.9930291771888733;0.993497908115387;0.9930270910263062;0.99361252784729;0.9937854409217834;0.9942062497138977;0.9943687319755554;0.9946458339691162;0.993877112865448;0.9944708347320557;0.9946604371070862;0.9941666722297668;0.9943249821662903;0.9948041439056396;0.9947896003723145;0.9948999881744385;0.9949250221252441;0.9949416518211365;0.9949250221252441
4;ftnn-combined-718d4f98bf6100ad0f24d9666f2574b4.hdf5;dense-256-256;0.9030958414077759;0.9395750164985657;0.9275791645050049;0.9518125057220459;0.9439583420753479;0.9586604237556458;0.8864083290100098;0.875;0.9714978933334351;0.9077249765396118;0.956193745136261;0.9289645552635193;0.8751312494277954;0.8440791964530945;0.9219708442687988;0.9710812568664551;0.9585791826248169;0.9718645811080933;0.9673916697502136;0.9538666605949402;0.9586853981018066;0.9456396102905273;0.9760666489601135;0.9774479269981384;0.965358316898346;0.963127076625824;0.9801833629608154;0.9826499819755554;0.9824187755584717;0.9613083600997925;0.9843083620071411;0.9824479222297668;0.9854896068572998;0.9846729040145874;0.9853083491325378;0.929827094078064;0.9689333438873291;0.9754541516304016;0.9844458103179932;0.9472208619117737;0.9805124998092651;0.9695354104042053;0.9637791514396667;0.9452999830245972;0.9271708130836487;0.9405229091644287;0.9547041654586792;0.9515666961669922;0.9790771007537842;0.9714354276657104;0.9736708402633667;0.9834750294685364;0.9838812351226807;0.9641208052635193;0.9875333309173584;0.9883666634559631;0.9863541722297668;0.987235426902771;0.9862499833106995;0.9848291873931885;0.986985445022583;0.9884999990463257;0.9883999824523926;0.9866353869438171;0.9855437278747559;0.9851104021072388;0.9857645630836487;0.9889833331108093;0.9894999861717224;0.9898083209991455;0.9890541434288025;0.9894895553588867;0.9905937314033508;0.990975022315979;0.9909853935241699;0.9909771084785461;0.9920750260353088;0.9911770820617676;0.9888145923614502;0.9905729293823242;0.9915354251861572;0.9911291599273682;0.9926249980926514;0.9924541711807251;0.9921583533287048;0.9927041530609131;0.9934478998184204;0.993414580821991;0.9935687780380249;0.993904173374176;0.9938104152679443;0.9939104318618774;0.993918776512146;0.9939354062080383;0.9940041899681091;0.9940624833106995;0.9941916465759277;0.994210422039032;0.9942625164985657;0.9943041801452637
5;ftnn-combined-718d4f98bf6100ad0f24d9666f2574b4.hdf5;dense-256-256;0.8725000023841858;0.9032145738601685;0.9227666854858398;0.9233687520027161;0.8940958380699158;0.9244583249092102;0.9282895922660828;0.9221208095550537;0.9456520676612854;0.9600250124931335;0.9518041610717773;0.9621375203132629;0.9041979312896729;0.9298937320709229;0.9145166873931885;0.9216708540916443;0.9715083241462708;0.9774916768074036;0.9788416624069214;0.970341682434082;0.9709104299545288;0.9656645655632019;0.9759979248046875;0.9671333432197571;0.9215041399002075;0.9437729120254517;0.9833916425704956;0.9815895557403564;0.9730729460716248;0.9846208095550537;0.9801791906356812;0.9790291786193848;0.9825812578201294;0.9842749834060669;0.9835125207901001;0.9857603907585144;0.9843124747276306;0.9689562320709229;0.9860291481018066;0.9838229417800903;0.98642498254776;0.9802749752998352;0.9868645668029785;0.9854645729064941;0.9850249886512756;0.9863958358764648;0.9855916500091553;0.983620822429657;0.9807541370391846;0.984962522983551;0.9857395887374878;0.9851458072662354;0.9878562688827515;0.9845312237739563;0.9844562411308289;0.9791541695594788;0.9866604208946228;0.9875666499137878;0.9854416847229004;0.9861645698547363;0.9884395599365234;0.9871062636375427;0.9885604381561279;0.9868896007537842;0.9881854057312012;0.9819104075431824;0.9886270761489868;0.9889000058174133;0.9886021018028259;0.9897603988647461;0.988447904586792;0.9888353943824768;0.9883103966712952;0.9887833595275879;0.9892874956130981;0.9896354079246521;0.9902145862579346;0.9900603890419006;0.9886770844459534;0.9896583557128906;0.9906437397003174;0.9904479384422302;0.9905333518981934;0.9906854033470154;0.9908041954040527;0.9908458590507507;0.9907562732696533;0.991016685962677;0.9910125136375427;0.9911458492279053;0.9910416603088379;0.9911541938781738;0.9911291599273682;0.9911145567893982;0.9912729263305664;0.9913062453269958;0.9913458228111267;0.9912979006767273;0.9913187623023987;0.9913125038146973
1;ftnn-combined-718d4f98bf6100ad0f24d9666f2574b4.hdf5;dense-512-512;0.9513875246047974;0.9026145935058594;0.8764791488647461;0.7122041583061218;0.9215896129608154;0.936552107334137;0.9056895971298218;0.9163083434104919;0.9543562531471252;0.9624395966529846;0.9472895860671997;0.9638479351997375;0.9486229419708252;0.9584708213806152;0.9654458165168762;0.9626937508583069;0.9362937211990356;0.974216639995575;0.9605312347412109;0.9292958378791809;0.9609041810035706;0.9740645885467529;0.9570978879928589;0.9564478993415833;0.9617833495140076;0.9648374915122986;0.97123122215271;0.9753062725067139;0.9788625240325928;0.9728770852088928;0.9734687209129333;0.9715729355812073;0.9534791707992554;0.9740604162216187;0.9286104440689087;0.9572520852088928;0.9711562395095825;0.9804396033287048;0.9723312258720398;0.9649103879928589;0.9778708219528198;0.9638124704360962;0.9781083464622498;0.9772583246231079;0.9769145846366882;0.9622458219528198;0.9719708561897278;0.9727479219436646;0.9782354235649109;0.9766583442687988;0.9774624705314636;0.9716270565986633;0.9698229432106018;0.9796895980834961;0.9793479442596436;0.9811375141143799;0.9775708317756653;0.9783999919891357;0.9722354412078857;0.9748770594596863;0.9778624773025513;0.9817437529563904;0.9767104387283325;0.9791041612625122;0.9786750078201294;0.9696687459945679;0.9809520840644836;0.9749500155448914;0.9770541787147522;0.9810166954994202;0.981389582157135;0.9821166396141052;0.9803645610809326;0.9828833341598511;0.9832291603088379;0.9852333068847656;0.9825729131698608;0.9834353923797607;0.9830687642097473;0.9831854104995728;0.9829604029655457;0.9812833070755005;0.981543779373169;0.9827479124069214;0.9826708436012268;0.9824749827384949;0.9835583567619324;0.9834229350090027;0.9835708141326904;0.9841333627700806;0.9833520650863647;0.9834187626838684;0.9838666915893555;0.984235405921936;0.9844375252723694;0.9845895767211914;0.9847312569618225;0.9849041700363159;0.9849916696548462;0.9849229454994202
2;ftnn-combined-718d4f98bf6100ad0f24d9666f2574b4.hdf5;dense-512-512;0.9199208617210388;0.8181541562080383;0.6790854334831238;0.8618021011352539;0.8469625115394592;0.9656624794006348;0.9662708044052124;0.9740437269210815;0.8182979226112366;0.9599354267120361;0.8938978910446167;0.974133312702179;0.8703145980834961;0.932297945022583;0.7693395614624023;0.9221020936965942;0.9205062389373779;0.9723770618438721;0.9376145601272583;0.9063645601272583;0.9552749991416931;0.9770541787147522;0.9731749892234802;0.9780271053314209;0.938518762588501;0.9741104245185852;0.9720645546913147;0.9446812272071838;0.9828916788101196;0.9795916676521301;0.9820250272750854;0.9767208099365234;0.9776666760444641;0.9807041883468628;0.9823853969573975;0.946010410785675;0.9451854228973389;0.9805604219436646;0.9777416586875916;0.9769395589828491;0.9699416756629944;0.9767749905586243;0.955258309841156;0.9808416962623596;0.9807729125022888;0.9665499925613403;0.9788562655448914;0.9839645624160767;0.9665041565895081;0.9815750122070312;0.9837833046913147;0.9855291843414307;0.9808062314987183;0.9792666435241699;0.9796979427337646;0.975683331489563;0.9799395799636841;0.9781041741371155;0.9800021052360535;0.9810208082199097;0.9798687696456909;0.9760458469390869;0.9828354120254517;0.9792937636375427;0.9762250185012817;0.9833270907402039;0.9808624982833862;0.9827291369438171;0.9811375141143799;0.9816312789916992;0.9847750067710876;0.9798750281333923;0.984499990940094;0.9785666465759277;0.9848041534423828;0.9842312335968018;0.9853958487510681;0.9855729341506958;0.9853770732879639;0.985893726348877;0.9866374731063843;0.9862375259399414;0.9865770936012268;0.9876854419708252;0.9864500164985657;0.9883812665939331;0.9888770580291748;0.9875333309173584;0.9881749749183655;0.9889583587646484;0.9890021085739136;0.9888062477111816;0.9888416528701782;0.9884395599365234;0.9892812371253967;0.9896083474159241;0.9897187352180481;0.9897770881652832;0.9898104071617126;0.989841639995575
3;ftnn-combined-718d4f98bf6100ad0f24d9666f2574b4.hdf5;dense-512-512;0.9061999917030334;0.917074978351593;0.8964104056358337;0.8233270645141602;0.8014166951179504;0.912137508392334;0.8998583555221558;0.9132770895957947;0.8783249855041504;0.8708978891372681;0.9130895733833313;0.8922229409217834;0.9139124751091003;0.9165771007537842;0.8925291895866394;0.9239645600318909;0.9460771083831787;0.9591479301452637;0.9647916555404663;0.9691937565803528;0.9665395617485046;0.9593750238418579;0.9742500185966492;0.9685999751091003;0.9608020782470703;0.9607083201408386;0.9651187658309937;0.9608791470527649;0.9731041789054871;0.9678729176521301;0.9680728912353516;0.9489874839782715;0.9698728919029236;0.9645041823387146;0.8897749781608582;0.9653666615486145;0.9708291888237;0.9639291763305664;0.9727500081062317;0.9654124975204468;0.9767645597457886;0.9734395742416382;0.9796416759490967;0.9751937389373779;0.9724916815757751;0.973202109336853;0.9825521111488342;0.9800208210945129;0.9731583595275879;0.9456562399864197;0.9543187618255615;0.9523062705993652;0.9656854271888733;0.959947943687439;0.9588354229927063;0.9713916778564453;0.9641479253768921;0.9555458426475525;0.9641583561897278;0.9709833264350891;0.9646708369255066;0.9826895594596863;0.9680187702178955;0.9697375297546387;0.9726625084877014;0.9690999984741211;0.980608344078064;0.974566638469696;0.9699791669845581;0.9694604277610779;0.9777812361717224;0.9802229404449463;0.9798708558082581;0.9844708442687988;0.9788646101951599;0.9847791790962219;0.9825999736785889;0.9777770638465881;0.9753812551498413;0.9800520539283752;0.9846770763397217;0.9791937470436096;0.9824104309082031;0.9813374876976013;0.9828521013259888;0.9828479290008545;0.9816895723342896;0.9821729063987732;0.9785833358764648;0.9819104075431824;0.9834750294685364;0.9832791686058044;0.9830499887466431;0.9834874868392944;0.9832979440689087;0.9835500121116638;0.9840875267982483;0.9842854142189026;0.9845104217529297;0.9845187664031982
4;ftnn-combined-718d4f98bf6100ad0f24d9666f2574b4.hdf5;dense-512-512;0.9328250288963318;0.9715750217437744;0.8984166383743286;0.908564567565918;0.9199146032333374;0.9143562316894531;0.9536229372024536;0.94942706823349;0.9506999850273132;0.9327874779701233;0.9666749835014343;0.9399250149726868;0.915835440158844;0.9368604421615601;0.6801041960716248;0.9244187474250793;0.7332500219345093;0.901283323764801;0.90829998254776;0.9430541396141052;0.9175666570663452;0.9277937412261963;0.9304437637329102;0.9219666719436646;0.929547905921936;0.9296083450317383;0.9270520806312561;0.9589041471481323;0.9429437518119812;0.9559458494186401;0.9569437503814697;0.9653021097183228;0.9619874954223633;0.9682937264442444;0.9643083214759827;0.9481874704360962;0.9681562781333923;0.9743437767028809;0.9743250012397766;0.97017502784729;0.9825937747955322;0.9624999761581421;0.9745791554450989;0.9716500043869019;0.9686291813850403;0.9753854274749756;0.9791604280471802;0.9751499891281128;0.9769583344459534;0.9629916548728943;0.9782354235649109;0.9738041758537292;0.9747312664985657;0.9726625084877014;0.9789833426475525;0.9770104289054871;0.9726916551589966;0.9733708500862122;0.9687374830245972;0.9738541841506958;0.9753749966621399;0.9697833061218262;0.9777437448501587;0.9793791770935059;0.9811187386512756;0.9233478903770447;0.9487895965576172;0.9653458595275879;0.964468777179718;0.9680812358856201;0.9671208262443542;0.9638500213623047;0.9617437720298767;0.968162477016449;0.9705395698547363;0.971345841884613;0.9667854309082031;0.9706416726112366;0.9728812575340271;0.9752312302589417;0.9753583073616028;0.9758312702178955;0.9767395853996277;0.9769041538238525;0.9758478999137878;0.9769041538238525;0.9771708250045776;0.9750249981880188;0.9763979315757751;0.9780729413032532;0.9785228967666626;0.977135419845581;0.9772541522979736;0.9783499836921692;0.9784104228019714;0.9784687757492065;0.9787979125976562;0.9790291786193848;0.9789541959762573;0.9789062738418579
5;ftnn-combined-718d4f98bf6100ad0f24d9666f2574b4.hdf5;dense-512-512;0.9174833297729492;0.9136458039283752;0.908679187297821;0.898187518119812;0.9367353916168213;0.9179562330245972;0.9252291917800903;0.9429083466529846;0.9065853953361511;0.912554144859314;0.9522833228111267;0.8030999898910522;0.9085854291915894;0.9533854126930237;0.9148874878883362;0.9350770711898804;0.9423375129699707;0.9539374709129333;0.9614041447639465;0.9470187425613403;0.9576791524887085;0.969712495803833;0.9446187615394592;0.9523166418075562;0.9684208035469055;0.9583604335784912;0.9530791640281677;0.970452070236206;0.967272937297821;0.8952562212944031;0.9624500274658203;0.9046124815940857;0.9328479170799255;0.9704750180244446;0.9690687656402588;0.9647812247276306;0.975974977016449;0.9614771008491516;0.9664062261581421;0.9739750027656555;0.9788312315940857;0.9783541560173035;0.9748416543006897;0.9572437405586243;0.9749437570571899;0.9795374870300293;0.9719541668891907;0.9732666611671448;0.9691479206085205;0.9656416773796082;0.9768333435058594;0.9792958498001099;0.9824728965759277;0.9757437705993652;0.9720541834831238;0.9797270894050598;0.9801520705223083;0.9815229177474976;0.9844083189964294;0.9832979440689087;0.983620822429657;0.9826937317848206;0.9778979420661926;0.9845479130744934;0.9833770990371704;0.982616662979126;0.9850958585739136;0.9851833581924438;0.9847791790962219;0.9847479462623596;0.9866853952407837;0.9871666431427002;0.9873020648956299;0.9874812364578247;0.988420844078064;0.9888520836830139;0.9882687330245972;0.9880937337875366;0.9893458485603333;0.9879375100135803;0.9896895885467529;0.989466667175293;0.9898853898048401;0.9907749891281128;0.9901250004768372;0.990081250667572;0.9899353981018066;0.9906187653541565;0.9911770820617676;0.9910791516304016;0.991281270980835;0.9916395545005798;0.9915812611579895;0.9919958114624023;0.9918083548545837;0.9919624924659729;0.9920271039009094;0.9920583367347717;0.9920729398727417;0.992077112197876
1;ftnn-combined-718d4f98bf6100ad0f24d9666f2574b4.hdf5;dense-1024-1024;0.9376999735832214;0.9283604025840759;0.929979145526886;0.920185387134552;0.9120916724205017;0.9309729337692261;0.8767458200454712;0.9248124957084656;0.9182875156402588;0.9363437294960022;0.9560604095458984;0.954045832157135;0.9608062505722046;0.969097912311554;0.9287895560264587;0.685337483882904;0.9491896033287048;0.9520729184150696;0.947293758392334;0.9483562707901001;0.9543250203132629;0.9702187776565552;0.9510416388511658;0.9394333362579346;0.9710124731063843;0.96050626039505;0.9770541787147522;0.9741479158401489;0.933927059173584;0.9794333577156067;0.9231208562850952;0.971554160118103;0.9778770804405212;0.9806166887283325;0.9753208160400391;0.9819166660308838;0.9822875261306763;0.9857521057128906;0.9656041860580444;0.9799749851226807;0.9850000143051147;0.9800145626068115;0.9769874811172485;0.9834625124931335;0.9859874844551086;0.9834666848182678;0.98003751039505;0.9863020777702332;0.9779375195503235;0.9849958419799805;0.988614559173584;0.9859499931335449;0.988545835018158;0.9776895642280579;0.9884687662124634;0.9882083535194397;0.9901166558265686;0.987277090549469;0.9884250164031982;0.9780020713806152;0.9886603951454163;0.9895333051681519;0.9887478947639465;0.9885749816894531;0.9891395568847656;0.989799976348877;0.9876687526702881;0.9901103973388672;0.9870229363441467;0.9894000291824341;0.9880687594413757;0.9899333119392395;0.9910500049591064;0.990918755531311;0.9925937652587891;0.9907333254814148;0.990627110004425;0.9906874895095825;0.9914104342460632;0.9906479120254517;0.9925270676612854;0.9923145771026611;0.9923375248908997;0.9923750162124634;0.9929666519165039;0.9935437440872192;0.9931062459945679;0.9933083057403564;0.9934687614440918;0.9928146004676819;0.9928291440010071;0.9937624931335449;0.99382084608078;0.9931854009628296;0.9939895868301392;0.9940541386604309;0.9941729307174683;0.9942458271980286;0.9942916631698608;0.9943104386329651
2;ftnn-combined-718d4f98bf6100ad0f24d9666f2574b4.hdf5;dense-1024-1024;0.8970458507537842;0.8140979409217834;0.9164833426475525;0.9362145662307739;0.9372270703315735;0.927970826625824;0.9463958144187927;0.9619708061218262;0.9401749968528748;0.9390458464622498;0.9309708476066589;0.9520604014396667;0.9385416507720947;0.9503874778747559;0.9507125020027161;0.9679604172706604;0.9565104246139526;0.9395041465759277;0.942229151725769;0.957660436630249;0.9554250240325928;0.923087477684021;0.9280979037284851;0.9335812330245972;0.9191583395004272;0.9255750179290771;0.9240312576293945;0.9431895613670349;0.9401833415031433;0.9427145719528198;0.9472687244415283;0.9588916897773743;0.9481208324432373;0.9722187519073486;0.9674979448318481;0.966825008392334;0.9728666543960571;0.9676708579063416;0.9458645582199097;0.9666395783424377;0.9751583337783813;0.9743208289146423;0.9765937328338623;0.9703395962715149;0.9718833565711975;0.9753999710083008;0.9689875245094299;0.9749458432197571;0.9762645959854126;0.9738895893096924;0.9783124923706055;0.9695000052452087;0.9752249717712402;0.9504812359809875;0.9743750095367432;0.9726312756538391;0.9738395810127258;0.979479193687439;0.977218747138977;0.9772854447364807;0.9803562760353088;0.9731020927429199;0.9811208248138428;0.982379138469696;0.9825354218482971;0.9767000079154968;0.9803312420845032;0.9830729365348816;0.9813291430473328;0.9796333312988281;0.9816416501998901;0.9772104024887085;0.9800562262535095;0.9817437529563904;0.9824666380882263;0.979797899723053;0.9822499752044678;0.9831562638282776;0.9824958443641663;0.9826229214668274;0.9816145896911621;0.9811604022979736;0.9818083047866821;0.9819916486740112;0.9820312261581421;0.9819812774658203;0.9829416871070862;0.9830583333969116;0.9831146001815796;0.9831749796867371;0.9827646017074585;0.9829854369163513;0.9834062457084656;0.9833520650863647;0.9837208390235901;0.9840062260627747;0.9840458035469055;0.9840958118438721;0.9842166900634766;0.9841853976249695
3;ftnn-combined-718d4f98bf6100ad0f24d9666f2574b4.hdf5;dense-1024-1024;0.9240666627883911;0.6983833312988281;0.9043229222297668;0.9211750030517578;0.9271895885467529;0.8675833344459534;0.930899977684021;0.9301333427429199;0.9522791504859924;0.9288187623023987;0.9627666473388672;0.7844333052635193;0.7930583357810974;0.8093228936195374;0.8405520915985107;0.8260375261306763;0.6825770735740662;0.8408312797546387;0.8454604148864746;0.8304958343505859;0.754045844078064;0.846666693687439;0.8515729308128357;0.8504229187965393;0.8436645865440369;0.8684333562850952;0.8708791732788086;0.8926104307174683;0.8758145570755005;0.8755958080291748;0.8779645562171936;0.874412477016449;0.8945562243461609;0.8944125175476074;0.8731604218482971;0.8839729428291321;0.8986853957176208;0.8770666718482971;0.8823541402816772;0.8816896080970764;0.8804500102996826;0.8836249709129333;0.8928937315940857;0.8953708410263062;0.8964270949363708;0.8849062323570251;0.8824750185012817;0.8943833112716675;0.8896166682243347;0.8972916603088379;0.891447901725769;0.9052000045776367;0.8890541791915894;0.8873249888420105;0.9113562703132629;0.8800104260444641;0.9275479316711426;0.926716685295105;0.921625018119812;0.8896999955177307;0.8951208591461182;0.9162541627883911;0.9250500202178955;0.9165416955947876;0.9201041460037231;0.9265833497047424;0.913516640663147;0.9182416796684265;0.925614595413208;0.9287541508674622;0.923743724822998;0.9265000224113464;0.9251812696456909;0.9266999959945679;0.9307083487510681;0.926785409450531;0.9314479231834412;0.9320187568664551;0.9287604093551636;0.9289458394050598;0.9340166449546814;0.9289666414260864;0.9342937469482422;0.9351791739463806;0.9348687529563904;0.9328145980834961;0.9307270646095276;0.9364770650863647;0.9364416599273682;0.9364333152770996;0.9358708262443542;0.9369333386421204;0.9356687664985657;0.9367625117301941;0.9368125200271606;0.9368104338645935;0.9367666840553284;0.936787486076355;0.9367791414260864;0.9368083477020264
4;ftnn-combined-718d4f98bf6100ad0f24d9666f2574b4.hdf5;dense-1024-1024;0.9224583506584167;0.9039875268936157;0.8914583325386047;0.873075008392334;0.8901374936103821;0.9261458516120911;0.9192041754722595;0.9365312457084656;0.9392791390419006;0.95455002784729;0.9533458352088928;0.9667937755584717;0.961927056312561;0.9511083364486694;0.9723958373069763;0.9708395600318909;0.9689229130744934;0.9743624925613403;0.9665853977203369;0.9722791910171509;0.9657895565032959;0.7418333292007446;0.9628958106040955;0.962372899055481;0.9449916481971741;0.9738291501998901;0.9800479412078857;0.9798499941825867;0.9750062227249146;0.9756125211715698;0.9789541959762573;0.98253333568573;0.9846895933151245;0.9852187633514404;0.9821375012397766;0.9808687567710876;0.9843687415122986;0.9859812259674072;0.9821916818618774;0.9858291745185852;0.9851124882698059;0.9799395799636841;0.9850749969482422;0.9822875261306763;0.9853687286376953;0.9845187664031982;0.9864416718482971;0.9870583415031433;0.9838083386421204;0.986133337020874;0.9868395924568176;0.9861103892326355;0.9877791404724121;0.9888520836830139;0.9842520952224731;0.9871604442596436;0.9884041547775269;0.990081250667572;0.9886187314987183;0.9887020587921143;0.9884353876113892;0.9902353882789612;0.9902416467666626;0.9905937314033508;0.9907916784286499;0.9913458228111267;0.9911875128746033;0.9913395643234253;0.991210401058197;0.9910833239555359;0.9914916753768921;0.9916645884513855;0.9914937615394592;0.9916999936103821;0.9917937517166138;0.992145836353302;0.9915083050727844;0.9923437237739563;0.9926291704177856;0.9926229119300842;0.9927312731742859;0.9926708340644836;0.9921812415122986;0.9927771091461182;0.9931062459945679;0.9932437539100647;0.9935520887374878;0.9934604167938232;0.9937291741371155;0.9935187697410583;0.9937291741371155;0.9937750101089478;0.9938499927520752;0.9938562512397766;0.9939104318618774;0.9939208626747131;0.9939270615577698;0.9939249753952026;0.9939270615577698;0.9939562678337097
5;ftnn-combined-718d4f98bf6100ad0f24d9666f2574b4.hdf5;dense-1024-1024;0.9306062459945679;0.8667041659355164;0.9277083277702332;0.9182645678520203;0.9400687217712402;0.9270729422569275;0.9370229244232178;0.927997887134552;0.9442895650863647;0.9569875001907349;0.9606541395187378;0.9453937411308289;0.9468187689781189;0.950237512588501;0.9614333510398865;0.9313812255859375;0.9485166668891907;0.9658312797546387;0.9690958261489868;0.9572020769119263;0.9622250199317932;0.924610435962677;0.9530125260353088;0.9658083319664001;0.9518333077430725;0.9681729078292847;0.9684500098228455;0.9599145650863647;0.9433228969573975;0.9564062356948853;0.962289571762085;0.9697937369346619;0.9618812203407288;0.9713541865348816;0.9794771075248718;0.9163208603858948;0.8876312375068665;0.9637458324432373;0.9680646061897278;0.9785395860671997;0.9760187268257141;0.9733437299728394;0.9676104187965393;0.9731000065803528;0.9720895886421204;0.9677937626838684;0.9768562316894531;0.9729916453361511;0.9793083071708679;0.9779958128929138;0.9789979457855225;0.9772895574569702;0.9756895899772644;0.9792312383651733;0.9742937684059143;0.9730125069618225;0.979645848274231;0.977858304977417;0.9777958393096924;0.9789583086967468;0.9793103933334351;0.9803249835968018;0.9819666743278503;0.9802062511444092;0.9786645770072937;0.9850562214851379;0.9808958172798157;0.9809708595275879;0.9811229109764099;0.9842291474342346;0.984514594078064;0.9852916598320007;0.9846374988555908;0.9856333136558533;0.9842062592506409;0.9811479449272156;0.9861916899681091;0.9861249923706055;0.9858478903770447;0.98600834608078;0.9867437481880188;0.9860041737556458;0.9859166741371155;0.9871146082878113;0.9861833453178406;0.9860749840736389;0.9868812561035156;0.9870625138282776;0.9866041541099548;0.9874500036239624;0.9877166748046875;0.9876499772071838;0.9876145720481873;0.9879291653633118;0.987777054309845;0.9877958297729492;0.9879000186920166;0.9880458116531372;0.9881208539009094;0.9881541728973389
