1;ftnn-otf-02ebccf01c63fa7af5c271a85ce8f4d8.hdf5;dense-128;0.699916660785675;0.8987500071525574;0.8911250233650208;0.8793958425521851;0.8705624938011169;0.9034791588783264;0.9056249856948853;0.9126041531562805;0.7091666460037231;0.8970416784286499;0.9314583539962769;0.8980833292007446;0.7421249747276306;0.9115625023841858;0.8954166769981384;0.9020624756813049;0.9159166812896729;0.9380624890327454;0.9021458625793457;0.8310208320617676;0.9052916765213013;0.729729175567627;0.9084791541099548;0.9452499747276306;0.7188541889190674;0.8690624833106995;0.9439374804496765;0.9176874756813049;0.9472708106040955;0.9201458096504211;0.8977708220481873;0.613895833492279;0.9307708144187927;0.9183124899864197;0.9477708339691162;0.948520839214325;0.903041660785675;0.9399791955947876;0.9434791803359985;0.9358958601951599;0.9455416798591614;0.9338333606719971;0.929770827293396;0.9466458559036255;0.9121666550636292;0.9584375023841858;0.9559999704360962;0.952750027179718;0.9595208168029785;0.9500208497047424;0.9574791789054871;0.9458958506584167;0.9292291402816772;0.9345625042915344;0.9175208210945129;0.9339583516120911;0.9643958210945129;0.9661041498184204;0.9668750166893005;0.9330833554267883;0.9674999713897705;0.9683333039283752;0.9489583373069763;0.8923958539962769;0.9686874747276306;0.9654791951179504;0.9510625004768372;0.9676041603088379;0.9603541493415833;0.968458354473114;0.9714166522026062;0.9638124704360962;0.9720208048820496;0.9744374752044678;0.9736666679382324;0.9736666679382324;0.9722916483879089;0.9712291955947876;0.9728124737739563;0.9726874828338623;0.9701250195503235;0.9755833148956299;0.9739375114440918;0.9753958582878113;0.971875011920929;0.9741250276565552;0.9631875157356262;0.9697083234786987;0.976229190826416;0.9748125076293945;0.9745625257492065;0.9771041870117188;0.9773958325386047;0.9764999747276306;0.9774166941642761;0.9761250019073486;0.9777500033378601;0.9776041507720947;0.9774166941642761;0.9771041870117188
2;ftnn-otf-02ebccf01c63fa7af5c271a85ce8f4d8.hdf5;dense-128;0.6657291650772095;0.8867708444595337;0.9027083516120911;0.777958333492279;0.838979184627533;0.6911041736602783;0.9125416874885559;0.8786041736602783;0.8721666932106018;0.9224791526794434;0.9193541407585144;0.8983333110809326;0.9193750023841858;0.8891666531562805;0.9401666522026062;0.737291693687439;0.9195208549499512;0.9192083477973938;0.9036666750907898;0.8087291717529297;0.9454583525657654;0.9182500243186951;0.8069791793823242;0.932854175567627;0.9388541579246521;0.7854583263397217;0.9394791722297668;0.8098333477973938;0.9322708249092102;0.8976041674613953;0.6474583148956299;0.765999972820282;0.9250624775886536;0.9353958368301392;0.9100624918937683;0.9118541479110718;0.8605208396911621;0.8988749980926514;0.7319999933242798;0.9493958353996277;0.9384166598320007;0.9305833578109741;0.9474999904632568;0.8464791774749756;0.9541249871253967;0.9125416874885559;0.9444375038146973;0.9603333473205566;0.9266250133514404;0.9554583430290222;0.921750009059906;0.9536250233650208;0.9616875052452087;0.9574999809265137;0.9596250057220459;0.9631041884422302;0.8736666440963745;0.9178958535194397;0.9359583258628845;0.9679583311080933;0.9677291512489319;0.9621250033378601;0.9619374871253967;0.968583345413208;0.9696458578109741;0.9684374928474426;0.9716249704360962;0.9427291750907898;0.9317083358764648;0.9744374752044678;0.9653333425521851;0.968833327293396;0.9746458530426025;0.9670208096504211;0.9759583473205566;0.9743541479110718;0.9769166707992554;0.9745625257492065;0.96854168176651;0.948437511920929;0.9528541564941406;0.976270854473114;0.9698333144187927;0.9757291674613953;0.9772916436195374;0.9711041450500488;0.9779166579246521;0.9713541865348816;0.97635418176651;0.9761041402816772;0.9767500162124634;0.9748958349227905;0.9774583578109741;0.9754999876022339;0.973604142665863;0.9751250147819519;0.9780833125114441;0.9785416722297668;0.9787083268165588;0.9785208106040955
3;ftnn-otf-02ebccf01c63fa7af5c271a85ce8f4d8.hdf5;dense-128;0.745479166507721;0.7160208225250244;0.74979168176651;0.9278125166893005;0.874708354473114;0.8987916707992554;0.8688750267028809;0.8793749809265137;0.9286249876022339;0.9018958210945129;0.9198541641235352;0.9253958463668823;0.9223958253860474;0.9134166836738586;0.7125208377838135;0.839270830154419;0.893791675567627;0.7704166769981384;0.8908958435058594;0.9301666617393494;0.8958958387374878;0.9388333559036255;0.9145208597183228;0.9181249737739563;0.9484166502952576;0.9288125038146973;0.9028333425521851;0.9151041507720947;0.8902708292007446;0.7371041774749756;0.8858333230018616;0.9183333516120911;0.9243958592414856;0.9599583148956299;0.9114375114440918;0.843416690826416;0.9398124814033508;0.9470624923706055;0.9105208516120911;0.9278125166893005;0.8688541650772095;0.9464166760444641;0.9305833578109741;0.8845208287239075;0.9482083320617676;0.9594166874885559;0.9538958072662354;0.9492083191871643;0.9524166584014893;0.9285208582878113;0.9626250267028809;0.9231458306312561;0.8681458234786987;0.9409375190734863;0.8372083306312561;0.9455833435058594;0.9402083158493042;0.9334583282470703;0.9388333559036255;0.9488124847412109;0.9571874737739563;0.9715208411216736;0.9389583468437195;0.9488333463668823;0.9422500133514404;0.9339374899864197;0.9726874828338623;0.9610833525657654;0.9489583373069763;0.9756041765213013;0.9719791412353516;0.9557291865348816;0.9479166865348816;0.9455833435058594;0.9761666655540466;0.9745208621025085;0.9737083315849304;0.9748125076293945;0.9751458168029785;0.9452083110809326;0.9779999852180481;0.9763333201408386;0.956458330154419;0.9773541688919067;0.971958339214325;0.9782083630561829;0.9776458144187927;0.9702916741371155;0.976395845413208;0.9786666631698608;0.9779583215713501;0.9768333435058594;0.9779166579246521;0.9788958430290222;0.9788541793823242;0.9789583086967468;0.9792708158493042;0.979812502861023;0.9793958067893982;0.9792916774749756
4;ftnn-otf-02ebccf01c63fa7af5c271a85ce8f4d8.hdf5;dense-128;0.5858333110809326;0.7091666460037231;0.8932499885559082;0.8757500052452087;0.8461250066757202;0.9060624837875366;0.9025624990463257;0.9233124852180481;0.8735416531562805;0.9297083616256714;0.8517500162124634;0.831458330154419;0.9279583096504211;0.9193541407585144;0.9358749985694885;0.8089791536331177;0.7929999828338623;0.8850833177566528;0.753083348274231;0.702791690826416;0.8712499737739563;0.7524791955947876;0.8018125295639038;0.9445624947547913;0.765666663646698;0.9169166684150696;0.7437291741371155;0.9255416393280029;0.7824583053588867;0.9210000038146973;0.8732916712760925;0.9369166493415833;0.9153125286102295;0.8871250152587891;0.9581041932106018;0.9568541646003723;0.8544166684150696;0.9295416474342346;0.9497291445732117;0.9540208578109741;0.9194791913032532;0.7147083282470703;0.742437481880188;0.6037083268165588;0.9163958430290222;0.9052500128746033;0.9375625252723694;0.9218541383743286;0.9318958520889282;0.9586458206176758;0.9515625238418579;0.949999988079071;0.9573125243186951;0.9625833630561829;0.9626874923706055;0.9393125176429749;0.9409999847412109;0.937749981880188;0.9451666474342346;0.9422916769981384;0.9639999866485596;0.964145839214325;0.9646666646003723;0.9445000290870667;0.9696458578109741;0.9434791803359985;0.9599375128746033;0.9614999890327454;0.9701874852180481;0.957770824432373;0.934166669845581;0.9555833339691162;0.9384999871253967;0.9516041874885559;0.9662083387374878;0.9512500166893005;0.9743124842643738;0.9428750276565552;0.9759374856948853;0.9711874723434448;0.9761041402816772;0.9472500085830688;0.9733333587646484;0.9660000205039978;0.9565833210945129;0.9771249890327454;0.9723958373069763;0.9737083315849304;0.9726666808128357;0.9662500023841858;0.9735416769981384;0.9784791469573975;0.9785416722297668;0.9770833253860474;0.976312518119812;0.9776666760444641;0.9779583215713501;0.9783124923706055;0.9782291650772095;0.9781666398048401
5;ftnn-otf-02ebccf01c63fa7af5c271a85ce8f4d8.hdf5;dense-128;0.7204791903495789;0.8790833353996277;0.8228124976158142;0.9106458425521851;0.9151041507720947;0.5958958268165588;0.5360833406448364;0.8816666603088379;0.5575833320617676;0.695645809173584;0.8840000033378601;0.659583330154419;0.9014583230018616;0.8488125205039978;0.9097499847412109;0.6570833325386047;0.9358333349227905;0.9336458444595337;0.8767291903495789;0.9168958067893982;0.745395839214325;0.9253958463668823;0.9131875038146973;0.8569166660308838;0.8197708129882812;0.8996250033378601;0.9119583368301392;0.7667916417121887;0.8790416717529297;0.9123541712760925;0.9382708072662354;0.9474166631698608;0.9537708163261414;0.9446666836738586;0.9419375061988831;0.9286249876022339;0.953125;0.862541675567627;0.9553958177566528;0.890625;0.9312499761581421;0.9428958296775818;0.9280624985694885;0.9438541531562805;0.9443125128746033;0.9513750076293945;0.9528541564941406;0.9577083587646484;0.9239374995231628;0.9590833187103271;0.9182083606719971;0.9652083516120911;0.9498124718666077;0.9228541851043701;0.9665416479110718;0.9681875109672546;0.9660208225250244;0.9478750228881836;0.9425416588783264;0.9591458439826965;0.9697708487510681;0.9676874876022339;0.9677916765213013;0.9540208578109741;0.9672499895095825;0.9559791684150696;0.9740208387374878;0.9691458344459534;0.9480416774749756;0.9619583487510681;0.9731875061988831;0.9664375185966492;0.9692708253860474;0.9748749732971191;0.9617708325386047;0.9763749837875366;0.9496041536331177;0.9775624871253967;0.9722916483879089;0.9753333330154419;0.9695208072662354;0.9772499799728394;0.9650208353996277;0.976687490940094;0.973312497138977;0.971833348274231;0.9753124713897705;0.9738125205039978;0.9771666526794434;0.9758541584014893;0.9784583449363708;0.9782500267028809;0.9786041378974915;0.9766666889190674;0.9787083268165588;0.9781875014305115;0.9792500138282776;0.9786458611488342;0.9786458611488342;0.9783958196640015
1;ftnn-otf-02ebccf01c63fa7af5c271a85ce8f4d8.hdf5;dense-256;0.7957916855812073;0.8960416913032532;0.8457708358764648;0.5226874947547913;0.9240624904632568;0.7668958306312561;0.8932291865348816;0.6209166646003723;0.8876041769981384;0.9093958139419556;0.8982499837875366;0.9154583215713501;0.8451041579246521;0.8382291793823242;0.9426041841506958;0.9077500104904175;0.9067083597183228;0.9271249771118164;0.9240000247955322;0.8944166898727417;0.9221041798591614;0.8637083172798157;0.8958541750907898;0.9481458067893982;0.9336666464805603;0.9570624828338623;0.7493125200271606;0.9394999742507935;0.8976874947547913;0.8983333110809326;0.9254999756813049;0.9253541827201843;0.9425416588783264;0.9518958330154419;0.9568750262260437;0.9252708554267883;0.9418749809265137;0.9600208401679993;0.9275000095367432;0.9517499804496765;0.9513750076293945;0.9272916913032532;0.9370833039283752;0.9580416679382324;0.9541458487510681;0.9558958411216736;0.9620208144187927;0.9370208382606506;0.9590625166893005;0.9675833582878113;0.9538333415985107;0.9702083468437195;0.9703750014305115;0.9536874890327454;0.9485833048820496;0.9637500047683716;0.9566249847412109;0.9702083468437195;0.9738749861717224;0.9723749756813049;0.9700208306312561;0.9751458168029785;0.9486250281333923;0.9733333587646484;0.9754166603088379;0.9751666784286499;0.9739375114440918;0.976854145526886;0.9747083187103271;0.9730833172798157;0.9651874899864197;0.9670208096504211;0.9729583263397217;0.9760624766349792;0.976229190826416;0.9735416769981384;0.9774166941642761;0.9765416383743286;0.9773125052452087;0.9776250123977661;0.9775833487510681;0.9780416488647461;0.976645827293396;0.9776874780654907;0.9771666526794434;0.9769999980926514;0.9774166941642761;0.9781458377838135;0.9775208234786987;0.9786458611488342;0.9782291650772095;0.9785416722297668;0.9788125157356262;0.9788333177566528;0.9786458611488342;0.9787708520889282;0.9789166450500488;0.9787708520889282;0.9786249995231628;0.9784791469573975
2;ftnn-otf-02ebccf01c63fa7af5c271a85ce8f4d8.hdf5;dense-256;0.8073958158493042;0.903041660785675;0.8778333067893982;0.9118124842643738;0.9067500233650208;0.9067708253860474;0.7639583349227905;0.9198750257492065;0.8936041593551636;0.8707083463668823;0.9102500081062317;0.8900208473205566;0.9388750195503235;0.9187708497047424;0.8537083268165588;0.8948125243186951;0.9225000143051147;0.9204375147819519;0.9333541393280029;0.9160416722297668;0.8892708420753479;0.6154583096504211;0.945562481880188;0.8140624761581421;0.9135624766349792;0.9325624704360962;0.9471250176429749;0.781499981880188;0.9212708473205566;0.9213958382606506;0.9087916612625122;0.9535208344459534;0.9315208196640015;0.9432500004768372;0.9523749947547913;0.9540416598320007;0.9480833411216736;0.9570208191871643;0.9579166769981384;0.9518333077430725;0.9324166774749756;0.9521250128746033;0.9553958177566528;0.9479374885559082;0.9594166874885559;0.9319583177566528;0.9624583125114441;0.9636666774749756;0.9383333325386047;0.9609166383743286;0.9287708401679993;0.9638333320617676;0.9614583253860474;0.9503750205039978;0.968375027179718;0.9691666960716248;0.968625009059906;0.9437916874885559;0.9693541526794434;0.9636874794960022;0.9635416865348816;0.9724375009536743;0.9589375257492065;0.9674791693687439;0.973354160785675;0.9730833172798157;0.9664166569709778;0.9671875238418579;0.9737083315849304;0.9691458344459534;0.9758333563804626;0.9743958115577698;0.9756666421890259;0.971875011920929;0.976437509059906;0.9765625;0.9746249914169312;0.9763749837875366;0.9780208468437195;0.9752500057220459;0.9766250252723694;0.9782708287239075;0.9780208468437195;0.9781875014305115;0.9795833230018616;0.9783750176429749;0.9787499904632568;0.9787916541099548;0.9790416955947876;0.9779583215713501;0.9794583320617676;0.9792500138282776;0.9794583320617676;0.9800624847412109;0.9799166917800903;0.9801874756813049;0.9801874756813049;0.9802500009536743;0.9802500009536743;0.9803333282470703
3;ftnn-otf-02ebccf01c63fa7af5c271a85ce8f4d8.hdf5;dense-256;0.8812916874885559;0.8115833401679993;0.8814791440963745;0.9307083487510681;0.9151041507720947;0.8581458330154419;0.726229190826416;0.7455833554267883;0.9387500286102295;0.8892083168029785;0.9316666722297668;0.8940208554267883;0.9057083129882812;0.9107083082199097;0.940583348274231;0.7281041741371155;0.8684791922569275;0.831333339214325;0.8887500166893005;0.909416675567627;0.8652499914169312;0.9254791736602783;0.6704999804496765;0.929812490940094;0.9005833268165588;0.8941041827201843;0.9429374933242798;0.9378125071525574;0.949833333492279;0.948437511920929;0.9495833516120911;0.9443749785423279;0.9210208058357239;0.956333339214325;0.9364374876022339;0.9392708539962769;0.9435625076293945;0.9573333263397217;0.9511041641235352;0.9306874871253967;0.9163749814033508;0.9597083330154419;0.9390416741371155;0.9493333101272583;0.9422916769981384;0.9355208277702332;0.9587708115577698;0.934166669845581;0.948562502861023;0.9614791870117188;0.9427291750907898;0.9445833563804626;0.934291660785675;0.945270836353302;0.9674375057220459;0.9603333473205566;0.9681458473205566;0.9701041579246521;0.9681249856948853;0.9682499766349792;0.9672083258628845;0.9707291722297668;0.9711666703224182;0.9659166932106018;0.9714375138282776;0.9652708172798157;0.9730833172798157;0.9594166874885559;0.9715833067893982;0.9731249809265137;0.9708124995231628;0.9681458473205566;0.9683333039283752;0.9743958115577698;0.9593124985694885;0.973604142665863;0.9727916717529297;0.9748541712760925;0.9735833406448364;0.968791663646698;0.9726250171661377;0.9761250019073486;0.9762916564941406;0.976187527179718;0.97635418176651;0.9760416746139526;0.9764166474342346;0.9766666889190674;0.976812481880188;0.9770208597183228;0.9768750071525574;0.9772083163261414;0.9773541688919067;0.9773749709129333;0.9776874780654907;0.9778541922569275;0.9778958559036255;0.9779375195503235;0.9778958559036255;0.9777708053588867
4;ftnn-otf-02ebccf01c63fa7af5c271a85ce8f4d8.hdf5;dense-256;0.7976666688919067;0.7281666398048401;0.9035000205039978;0.8547916412353516;0.5770208239555359;0.675000011920929;0.9246875047683716;0.9194791913032532;0.836312472820282;0.9258750081062317;0.7306874990463257;0.9085416793823242;0.9089999794960022;0.9280208349227905;0.6588749885559082;0.9212083220481873;0.9197083115577698;0.8109166622161865;0.9251875281333923;0.9441458582878113;0.9252291917800903;0.8745416402816772;0.9526666402816772;0.9220208525657654;0.934291660785675;0.9284166693687439;0.9230416417121887;0.9411458373069763;0.9471250176429749;0.9239166378974915;0.8643541932106018;0.9457083344459534;0.9548749923706055;0.9426875114440918;0.9542499780654907;0.9325000047683716;0.9504374861717224;0.9470624923706055;0.9570416808128357;0.960687518119812;0.949916660785675;0.9659583568572998;0.9623125195503235;0.9426458477973938;0.9587291479110718;0.9561041593551636;0.9679166674613953;0.9665833115577698;0.9697291851043701;0.9694791436195374;0.9703541398048401;0.9610833525657654;0.9604374766349792;0.9698749780654907;0.9727291464805603;0.9700624942779541;0.9722291827201843;0.9727291464805603;0.9572291374206543;0.9641249775886536;0.9752708077430725;0.9745416641235352;0.9730416536331177;0.9735000133514404;0.9675624966621399;0.9653958082199097;0.9748541712760925;0.9712708592414856;0.9636250138282776;0.9715416431427002;0.973479151725769;0.9742708206176758;0.9779375195503235;0.9771458506584167;0.976270854473114;0.9707291722297668;0.9775208234786987;0.9777291417121887;0.976812481880188;0.9771458506584167;0.9766666889190674;0.9760624766349792;0.9782083630561829;0.9773958325386047;0.9777291417121887;0.9793124794960022;0.9777500033378601;0.9791874885559082;0.9785208106040955;0.979687511920929;0.9789583086967468;0.9791250228881836;0.9793750047683716;0.9788958430290222;0.9794374704360962;0.9792291522026062;0.9793124794960022;0.9791874885559082;0.9791041612625122;0.9789999723434448
5;ftnn-otf-02ebccf01c63fa7af5c271a85ce8f4d8.hdf5;dense-256;0.8765833377838135;0.635812520980835;0.7034791707992554;0.7844374775886536;0.8561041951179504;0.7139166593551636;0.8323749899864197;0.7700625061988831;0.726937472820282;0.8985000252723694;0.9030208587646484;0.8770416378974915;0.934333324432373;0.8636249899864197;0.9193750023841858;0.7761250138282776;0.9107916951179504;0.9238333106040955;0.9000416398048401;0.8854166865348816;0.885854184627533;0.9390000104904175;0.8814374804496765;0.9523749947547913;0.9366041421890259;0.921833336353302;0.9189791679382324;0.9490625262260437;0.9401458501815796;0.9504166841506958;0.9523541927337646;0.9108750224113464;0.8993541598320007;0.9256458282470703;0.9310208559036255;0.9425416588783264;0.9164583086967468;0.8227708339691162;0.9440208077430725;0.9322916865348816;0.9202499985694885;0.9621875286102295;0.9617916941642761;0.9403749704360962;0.9605833292007446;0.9624791741371155;0.9335416555404663;0.953083336353302;0.964104175567627;0.9561458230018616;0.9601874947547913;0.9610000252723694;0.9631458520889282;0.9574166536331177;0.9649375081062317;0.9636041522026062;0.9360416531562805;0.9504791498184204;0.950083315372467;0.96895831823349;0.9510833621025085;0.9610833525657654;0.9745000004768372;0.968999981880188;0.9725416898727417;0.9744791388511658;0.9652708172798157;0.9710000157356262;0.9745000004768372;0.9706875085830688;0.9738333225250244;0.9716041684150696;0.9742500185966492;0.976604163646698;0.971750020980835;0.9745625257492065;0.9756249785423279;0.9760208129882812;0.9722291827201843;0.9772083163261414;0.9742500185966492;0.9779999852180481;0.9771458506584167;0.9777291417121887;0.9776250123977661;0.9789166450500488;0.9785208106040955;0.9789999723434448;0.9785000085830688;0.979479193687439;0.9791666865348816;0.979520857334137;0.9800208210945129;0.9800000190734863;0.9802291393280029;0.9801250100135803;0.9800833463668823;0.9798750281333923;0.979729175567627;0.9797916412353516
1;ftnn-otf-02ebccf01c63fa7af5c271a85ce8f4d8.hdf5;dense-512;0.8065208196640015;0.8467291593551636;0.8656874895095825;0.9004166722297668;0.7382083535194397;0.5462916493415833;0.8683958053588867;0.901645839214325;0.8722708225250244;0.8619375228881836;0.8999166488647461;0.9267500042915344;0.921999990940094;0.9308750033378601;0.9206874966621399;0.9410208463668823;0.8549791574478149;0.8484166860580444;0.925083339214325;0.8881875276565552;0.9427499771118164;0.9371458292007446;0.9394583106040955;0.9431666731834412;0.941979169845581;0.9491875171661377;0.9496250152587891;0.9355416893959045;0.9318958520889282;0.9557083249092102;0.960562527179718;0.9291041493415833;0.9390833377838135;0.9530208110809326;0.9526666402816772;0.9338750243186951;0.9606666564941406;0.95291668176651;0.9615208506584167;0.9580833315849304;0.9307291507720947;0.9664166569709778;0.9627291560173035;0.96072918176651;0.9663958549499512;0.9543541669845581;0.9682499766349792;0.9621875286102295;0.9584791660308838;0.9661041498184204;0.9724375009536743;0.9686041474342346;0.9646458625793457;0.9618750214576721;0.9709583520889282;0.9679375290870667;0.969124972820282;0.9694791436195374;0.9724791646003723;0.9727083444595337;0.9724166393280029;0.9739999771118164;0.9589999914169312;0.9737916588783264;0.9707291722297668;0.9650833606719971;0.9636250138282776;0.9735000133514404;0.9621458053588867;0.9728333353996277;0.976395845413208;0.9725000262260437;0.9776250123977661;0.9768333435058594;0.976645827293396;0.9779375195503235;0.9758750200271606;0.9781666398048401;0.9776874780654907;0.9736666679382324;0.9757291674613953;0.9770833253860474;0.9772291779518127;0.9777916669845581;0.9784583449363708;0.9784374833106995;0.9749374985694885;0.9773958325386047;0.9782291650772095;0.9777291417121887;0.9782291650772095;0.9789583086967468;0.979729175567627;0.9799374938011169;0.9801041483879089;0.9801666736602783;0.9800833463668823;0.9801250100135803;0.9800833463668823;0.9800833463668823
2;ftnn-otf-02ebccf01c63fa7af5c271a85ce8f4d8.hdf5;dense-512;0.8252916932106018;0.8878750205039978;0.7729166746139526;0.8621875047683716;0.9186875224113464;0.8468958139419556;0.8962708115577698;0.7582708597183228;0.8253333568572998;0.8319374918937683;0.8745416402816772;0.93729168176651;0.8368958234786987;0.8939791917800903;0.9200208187103271;0.9437708258628845;0.901395857334137;0.9489791393280029;0.9418541789054871;0.914145827293396;0.9024166464805603;0.9458541870117188;0.9392083287239075;0.9246041774749756;0.9440833330154419;0.9411249756813049;0.9409999847412109;0.9514791369438171;0.9502291679382324;0.9588333368301392;0.956250011920929;0.953041672706604;0.9566666483879089;0.9573125243186951;0.9535208344459534;0.9615833163261414;0.9390208125114441;0.942104160785675;0.9521666765213013;0.9664791822433472;0.961312472820282;0.9653750061988831;0.9703958630561829;0.9681458473205566;0.965791642665863;0.9662291407585144;0.9627083539962769;0.9709791541099548;0.9660833477973938;0.969083309173584;0.9702500104904175;0.9554583430290222;0.9681875109672546;0.9667291641235352;0.9691041707992554;0.9713333249092102;0.9690208435058594;0.9715416431427002;0.9712083339691162;0.9706875085830688;0.9746875166893005;0.9693541526794434;0.9719374775886536;0.9717708230018616;0.9726666808128357;0.9745625257492065;0.9750000238418579;0.9752500057220459;0.9759791493415833;0.9692916870117188;0.9753958582878113;0.9759583473205566;0.9759374856948853;0.9758541584014893;0.9759583473205566;0.9753749966621399;0.9745625257492065;0.976312518119812;0.9758750200271606;0.976520836353302;0.9751874804496765;0.9762916564941406;0.9760624766349792;0.9779166579246521;0.9788541793823242;0.9777083396911621;0.9778125286102295;0.9780416488647461;0.9779375195503235;0.9781458377838135;0.9786875247955322;0.9789166450500488;0.9789999723434448;0.9791041612625122;0.9787499904632568;0.9785624742507935;0.9786666631698608;0.9786041378974915;0.9785833358764648;0.9785624742507935
3;ftnn-otf-02ebccf01c63fa7af5c271a85ce8f4d8.hdf5;dense-512;0.8307916522026062;0.7223541736602783;0.7762500047683716;0.8741041421890259;0.8591874837875366;0.8485000133514404;0.8603125214576721;0.9184374809265137;0.7282083630561829;0.8998125195503235;0.8918958306312561;0.6367708444595337;0.9295416474342346;0.8869791626930237;0.9402708411216736;0.9266666769981384;0.8660625219345093;0.925000011920929;0.9368333220481873;0.9197083115577698;0.9389374852180481;0.9319791793823242;0.9510416388511658;0.9510208368301392;0.81229168176651;0.9480416774749756;0.9470624923706055;0.9432083368301392;0.9481458067893982;0.9526666402816772;0.9519791603088379;0.9511250257492065;0.9494791626930237;0.9491666555404663;0.9568750262260437;0.9545833468437195;0.9567916393280029;0.956250011920929;0.9668958187103271;0.9614583253860474;0.9696041941642761;0.9491249918937683;0.9430208206176758;0.9632916450500488;0.9676041603088379;0.9361875057220459;0.96875;0.9670624732971191;0.9692916870117188;0.9653333425521851;0.9711458086967468;0.9706875085830688;0.9644166827201843;0.9584166407585144;0.9517499804496765;0.9589375257492065;0.9687708616256714;0.9704375267028809;0.9681458473205566;0.9691666960716248;0.9729166626930237;0.973645806312561;0.9682083129882812;0.9693124890327454;0.9740416407585144;0.9711041450500488;0.9721458554267883;0.9719374775886536;0.9745000004768372;0.9751666784286499;0.9729791879653931;0.973645806312561;0.9758958220481873;0.9713958501815796;0.9767500162124634;0.9776250123977661;0.9759374856948853;0.9737291932106018;0.9766250252723694;0.9779791831970215;0.9753124713897705;0.9773958325386047;0.9755625128746033;0.9776458144187927;0.9757500290870667;0.97635418176651;0.9757916927337646;0.9778125286102295;0.9780833125114441;0.9782916903495789;0.9786249995231628;0.9786458611488342;0.9791041612625122;0.9791041612625122;0.9789791703224182;0.9789166450500488;0.9789583086967468;0.9786875247955322;0.9786249995231628;0.9785416722297668
4;ftnn-otf-02ebccf01c63fa7af5c271a85ce8f4d8.hdf5;dense-512;0.8527291417121887;0.856249988079071;0.8781874775886536;0.8553125262260437;0.7079583406448364;0.8458750247955322;0.9189791679382324;0.918749988079071;0.8998541831970215;0.9002291560173035;0.9020416736602783;0.9148541688919067;0.7192500233650208;0.9172916412353516;0.9036250114440918;0.9427916407585144;0.9243749976158142;0.9432291388511658;0.9018750190734863;0.9417708516120911;0.9078124761581421;0.9057708382606506;0.9488958120346069;0.9146458506584167;0.952833354473114;0.9175000190734863;0.9556666612625122;0.9537291526794434;0.9336875081062317;0.9318958520889282;0.9470833539962769;0.9523333311080933;0.9375;0.9535416960716248;0.9626666903495789;0.9612083435058594;0.9582083225250244;0.9523749947547913;0.9696875214576721;0.9685624837875366;0.9711666703224182;0.9630625247955322;0.9663749933242798;0.9690625071525574;0.9647291898727417;0.9705208539962769;0.9651666879653931;0.9646041393280029;0.9694791436195374;0.9714166522026062;0.9696875214576721;0.9714791774749756;0.9736666679382324;0.9681041836738586;0.9707291722297668;0.9712083339691162;0.9651666879653931;0.9695208072662354;0.9705833196640015;0.9707916378974915;0.9730833172798157;0.9630833268165588;0.9718958139419556;0.9721666574478149;0.9754375219345093;0.9754791855812073;0.9728541374206543;0.9731458425521851;0.9746666550636292;0.9730416536331177;0.964104175567627;0.9694374799728394;0.9770833253860474;0.9713958501815796;0.9724791646003723;0.9733333587646484;0.976270854473114;0.9774374961853027;0.9736875295639038;0.9739375114440918;0.9761458039283752;0.9739375114440918;0.9757083058357239;0.976937472820282;0.9773749709129333;0.9767500162124634;0.9770208597183228;0.976937472820282;0.9768333435058594;0.9777916669845581;0.9779999852180481;0.9782708287239075;0.9786666631698608;0.9788125157356262;0.9787291884422302;0.9788958430290222;0.9786041378974915;0.9786458611488342;0.9785208106040955;0.9786249995231628
5;ftnn-otf-02ebccf01c63fa7af5c271a85ce8f4d8.hdf5;dense-512;0.8051875233650208;0.7378125190734863;0.6656458377838135;0.8988333344459534;0.5892083048820496;0.8947083353996277;0.7353333234786987;0.8909375071525574;0.9055625200271606;0.8808125257492065;0.9195416569709778;0.9253749847412109;0.9373541474342346;0.9252916574478149;0.9428333044052124;0.9151041507720947;0.8514999747276306;0.9402916431427002;0.9391666650772095;0.9282708168029785;0.9126458168029785;0.9082083106040955;0.9440624713897705;0.9410833120346069;0.9212083220481873;0.9253749847412109;0.9335208535194397;0.9040625095367432;0.9499791860580444;0.9526458382606506;0.9558749794960022;0.9394166469573975;0.9484999775886536;0.957770824432373;0.9333124756813049;0.9709166884422302;0.9647499918937683;0.9603124856948853;0.9631041884422302;0.960645854473114;0.9683958292007446;0.9671458601951599;0.965833306312561;0.965791642665863;0.953041672706604;0.9681666493415833;0.9603750109672546;0.9679375290870667;0.9628333449363708;0.9620833396911621;0.9590208530426025;0.9427916407585144;0.965708315372467;0.9691666960716248;0.9685208201408386;0.9729791879653931;0.9709166884422302;0.9691666960716248;0.9724375009536743;0.9716041684150696;0.973604142665863;0.9661874771118164;0.971791684627533;0.9693333506584167;0.9705833196640015;0.9717291593551636;0.9751041531562805;0.9746041893959045;0.9751250147819519;0.9744374752044678;0.9702916741371155;0.9666458368301392;0.976937472820282;0.9754583239555359;0.9739999771118164;0.9769166707992554;0.9748541712760925;0.9771249890327454;0.9782708287239075;0.9760000109672546;0.9777083396911621;0.9760416746139526;0.9770416617393494;0.9771458506584167;0.9747916460037231;0.9777083396911621;0.9787916541099548;0.9792708158493042;0.9794583320617676;0.9789166450500488;0.9792083501815796;0.9793958067893982;0.9792500138282776;0.9801458120346069;0.9795416593551636;0.9799166917800903;0.9800000190734863;0.9799791574478149;0.9799374938011169;0.9799166917800903
1;ftnn-otf-02ebccf01c63fa7af5c271a85ce8f4d8.hdf5;dense-1024;0.5995625257492065;0.8476874828338623;0.8445208072662354;0.8760625123977661;0.8913750052452087;0.8778125047683716;0.9186458587646484;0.898354172706604;0.9350625276565552;0.9012916684150696;0.9214375019073486;0.9134166836738586;0.9253125190734863;0.8756874799728394;0.9366666674613953;0.9440624713897705;0.9418333172798157;0.9412708282470703;0.9362083077430725;0.960854172706604;0.9214375019073486;0.930062472820282;0.9519583582878113;0.9583958387374878;0.96114581823349;0.9525625109672546;0.9591249823570251;0.9328333139419556;0.95291668176651;0.9567083120346069;0.949833333492279;0.9690625071525574;0.9653124809265137;0.9460208415985107;0.9635416865348816;0.9577916860580444;0.9679791927337646;0.9678333401679993;0.9693541526794434;0.9675624966621399;0.9672499895095825;0.9680833220481873;0.9337499737739563;0.9627083539962769;0.9691666960716248;0.9658125042915344;0.9615208506584167;0.9593333601951599;0.9693333506584167;0.9718958139419556;0.9672708511352539;0.9677708148956299;0.968666672706604;0.9700833559036255;0.9737291932106018;0.9585208296775818;0.9697083234786987;0.9696875214576721;0.9730208516120911;0.9729375243186951;0.9574583172798157;0.9667708277702332;0.9729375243186951;0.9729166626930237;0.9701250195503235;0.9762916564941406;0.9724791646003723;0.9740833044052124;0.9744166731834412;0.9747916460037231;0.9782083630561829;0.976437509059906;0.9786249995231628;0.9786666631698608;0.97677081823349;0.9780625104904175;0.9779791831970215;0.9777291417121887;0.9773333072662354;0.9776458144187927;0.9751874804496765;0.9779166579246521;0.9759583473205566;0.9757916927337646;0.9779166579246521;0.9786458611488342;0.9786249995231628;0.979562520980835;0.9798750281333923;0.9797499775886536;0.9802291393280029;0.9804166555404663;0.9808124899864197;0.9809583425521851;0.9811041951179504;0.9808750152587891;0.9808541536331177;0.9808750152587891;0.9807916879653931;0.9807916879653931
2;ftnn-otf-02ebccf01c63fa7af5c271a85ce8f4d8.hdf5;dense-1024;0.8622499704360962;0.901770830154419;0.8845416903495789;0.9121041893959045;0.7033125162124634;0.9272291660308838;0.9294583201408386;0.9073333144187927;0.8744375109672546;0.8805416822433472;0.9147083163261414;0.9350000023841858;0.929812490940094;0.9236666560173035;0.9287916421890259;0.9276250004768372;0.9463541507720947;0.9509375095367432;0.9276875257492065;0.9471458196640015;0.9424999952316284;0.9485416412353516;0.9206666946411133;0.9470416903495789;0.9379583597183228;0.9221875071525574;0.9590208530426025;0.9503750205039978;0.9511874914169312;0.9547083377838135;0.9559166431427002;0.9626250267028809;0.9412500262260437;0.9634583592414856;0.9657291769981384;0.9633958339691162;0.9621666669845581;0.9667708277702332;0.9430416822433472;0.9649166464805603;0.9682083129882812;0.969041645526886;0.9482499957084656;0.9708333611488342;0.9637500047683716;0.9674583077430725;0.9689375162124634;0.9709791541099548;0.9675208330154419;0.9711874723434448;0.9644374847412109;0.968625009059906;0.9648125171661377;0.9679999947547913;0.9648125171661377;0.9722708463668823;0.968583345413208;0.9728541374206543;0.973520815372467;0.9739583134651184;0.9731249809265137;0.9747916460037231;0.9707708358764648;0.9723749756813049;0.9685624837875366;0.9740833044052124;0.9742500185966492;0.9745833277702332;0.9731458425521851;0.976312518119812;0.9722291827201843;0.9745416641235352;0.9762083292007446;0.9765833616256714;0.9754791855812073;0.9781666398048401;0.9746666550636292;0.9786249995231628;0.9752291440963745;0.9729583263397217;0.9782916903495789;0.9781041741371155;0.9787499904632568;0.9784791469573975;0.9785624742507935;0.9787708520889282;0.9782916903495789;0.9777708053588867;0.9790833592414856;0.9793958067893982;0.9792916774749756;0.9798333048820496;0.9800624847412109;0.9799583554267883;0.9799374938011169;0.9802500009536743;0.9800208210945129;0.9800624847412109;0.9799791574478149;0.9799791574478149
3;ftnn-otf-02ebccf01c63fa7af5c271a85ce8f4d8.hdf5;dense-1024;0.8907291889190674;0.8977500200271606;0.8726666569709778;0.715416669845581;0.5472291707992554;0.8987083435058594;0.9201041460037231;0.9338958263397217;0.9198333621025085;0.9011666774749756;0.887333333492279;0.8655416369438171;0.9321666955947876;0.9241041541099548;0.8866458535194397;0.9431874752044678;0.9380208253860474;0.9364166855812073;0.9438124895095825;0.9465208053588867;0.9450416564941406;0.9357083439826965;0.9399374723434448;0.9427291750907898;0.9553333520889282;0.9254999756813049;0.961020827293396;0.945145845413208;0.9339166879653931;0.9368125200271606;0.9627916812896729;0.9536250233650208;0.9599375128746033;0.9616249799728394;0.9630416631698608;0.9637500047683716;0.9633333086967468;0.9546250104904175;0.9520000219345093;0.9399791955947876;0.9641249775886536;0.9571666717529297;0.9631458520889282;0.9682708382606506;0.9695000052452087;0.9693541526794434;0.9657708406448364;0.9695624709129333;0.9714999794960022;0.9680625200271606;0.9667083621025085;0.9682499766349792;0.971708357334137;0.9684791564941406;0.9745000004768372;0.9705833196640015;0.9670208096504211;0.9687291383743286;0.9705833196640015;0.9662291407585144;0.969041645526886;0.973354160785675;0.9673958420753479;0.9667500257492065;0.9730625152587891;0.9754583239555359;0.9757083058357239;0.9719374775886536;0.9747916460037231;0.9726666808128357;0.9729791879653931;0.9757916927337646;0.9782083630561829;0.9758333563804626;0.9733333587646484;0.9787708520889282;0.9765625;0.9777083396911621;0.976729154586792;0.9773958325386047;0.9778749942779541;0.9778749942779541;0.976479172706604;0.9789375066757202;0.9785416722297668;0.9793958067893982;0.9793333411216736;0.9799374938011169;0.9799374938011169;0.9802500009536743;0.979854166507721;0.9806666374206543;0.9809166789054871;0.9809166789054871;0.9806458353996277;0.9806666374206543;0.9809166789054871;0.9805833101272583;0.9803958535194397;0.9802916646003723
4;ftnn-otf-02ebccf01c63fa7af5c271a85ce8f4d8.hdf5;dense-1024;0.7248958349227905;0.7475416660308838;0.85177081823349;0.9261041879653931;0.9069791436195374;0.9250624775886536;0.922249972820282;0.9274791479110718;0.9193541407585144;0.6842708587646484;0.9319166541099548;0.8921874761581421;0.9296875;0.9355416893959045;0.9130625128746033;0.9435208439826965;0.9367291927337646;0.9417916536331177;0.9269375205039978;0.9347291588783264;0.9431041479110718;0.9336666464805603;0.9473958611488342;0.9455833435058594;0.9565625190734863;0.9375625252723694;0.9605833292007446;0.9521666765213013;0.9556041955947876;0.9528124928474426;0.9447916746139526;0.9634374976158142;0.9587708115577698;0.950124979019165;0.9619583487510681;0.960687518119812;0.9645208120346069;0.9681666493415833;0.9672916531562805;0.9548749923706055;0.9709166884422302;0.9507499933242798;0.9617708325386047;0.9558125138282776;0.9591041803359985;0.9602083563804626;0.9708750247955322;0.9703750014305115;0.9711874723434448;0.9723541736602783;0.9716041684150696;0.969041645526886;0.9693124890327454;0.9669374823570251;0.9592916369438171;0.9680416584014893;0.9692083597183228;0.9729999899864197;0.9710624814033508;0.9693124890327454;0.9710416793823242;0.973604142665863;0.9759166836738586;0.9642083048820496;0.9754791855812073;0.9776458144187927;0.976229190826416;0.9744791388511658;0.9772708415985107;0.9776458144187927;0.9761250019073486;0.9736666679382324;0.976520836353302;0.9750833511352539;0.9731458425521851;0.9755208492279053;0.9777500033378601;0.9759374856948853;0.9798750281333923;0.9785416722297668;0.9800833463668823;0.9783750176429749;0.9785416722297668;0.9787708520889282;0.9785000085830688;0.9794999957084656;0.9793124794960022;0.9784166812896729;0.979645848274231;0.979812502861023;0.9798750281333923;0.9800624847412109;0.9803333282470703;0.9803541898727417;0.9804791808128357;0.9805625081062317;0.9806874990463257;0.9807291626930237;0.9807291626930237;0.9808124899864197
5;ftnn-otf-02ebccf01c63fa7af5c271a85ce8f4d8.hdf5;dense-1024;0.7012083530426025;0.7547083497047424;0.8783958554267883;0.8627916574478149;0.9105833172798157;0.8962916731834412;0.8607291579246521;0.9106249809265137;0.8119375109672546;0.926479160785675;0.9042291641235352;0.914229154586792;0.9287499785423279;0.9068750143051147;0.9411041736602783;0.9302708506584167;0.9502708315849304;0.9547291398048401;0.9497083425521851;0.9344791769981384;0.9431458115577698;0.9415624737739563;0.9251041412353516;0.9572499990463257;0.9351458549499512;0.929979145526886;0.9540416598320007;0.9501041769981384;0.9277083277702332;0.9573749899864197;0.9516458511352539;0.9571666717529297;0.9611666798591614;0.9543750286102295;0.9524791836738586;0.9680208563804626;0.9593750238418579;0.9637083411216736;0.9669374823570251;0.9638124704360962;0.9626874923706055;0.9613333344459534;0.9675833582878113;0.9659791588783264;0.9672083258628845;0.9661041498184204;0.9682499766349792;0.9695208072662354;0.9726041555404663;0.9691874980926514;0.9634791612625122;0.9612500071525574;0.9649583101272583;0.9709791541099548;0.9616249799728394;0.9696875214576721;0.9672499895095825;0.9694791436195374;0.9617083072662354;0.9682708382606506;0.9742291569709778;0.9743750095367432;0.9764999747276306;0.9738958477973938;0.9736875295639038;0.9755625128746033;0.9754166603088379;0.973354160785675;0.9753333330154419;0.9742083549499512;0.9745208621025085;0.9779375195503235;0.973229169845581;0.9769583344459534;0.9759791493415833;0.9768750071525574;0.9761666655540466;0.979770839214325;0.9772083163261414;0.9785416722297668;0.9783958196640015;0.97677081823349;0.9761250019073486;0.9787291884422302;0.9776874780654907;0.9782291650772095;0.9787916541099548;0.9783958196640015;0.9787291884422302;0.9787499904632568;0.9791666865348816;0.979520857334137;0.979645848274231;0.9796666502952576;0.9796249866485596;0.9795833230018616;0.9796249866485596;0.9796249866485596;0.979645848274231;0.9795833230018616
1;ftnn-otf-02ebccf01c63fa7af5c271a85ce8f4d8.hdf5;dense-2048;0.8744999766349792;0.8468958139419556;0.9042083621025085;0.726687490940094;0.9158750176429749;0.9045833349227905;0.9319999814033508;0.929979145526886;0.9131458401679993;0.9175416827201843;0.9387291669845581;0.924875020980835;0.934541642665863;0.9362499713897705;0.9463124871253967;0.9336041808128357;0.9504166841506958;0.9350416660308838;0.9488958120346069;0.9437083601951599;0.9482916593551636;0.9497500061988831;0.9517499804496765;0.9390624761581421;0.942354142665863;0.942104160785675;0.960854172706604;0.9628958106040955;0.9557916522026062;0.9547083377838135;0.9588333368301392;0.9678124785423279;0.9497500061988831;0.9666666388511658;0.9568333625793457;0.9430833458900452;0.9559791684150696;0.96895831823349;0.9471874833106995;0.9496041536331177;0.9675833582878113;0.956083357334137;0.9695416688919067;0.9676458239555359;0.9617083072662354;0.9636250138282776;0.9700833559036255;0.963937520980835;0.9686458110809326;0.9679375290870667;0.9659791588783264;0.9705208539962769;0.9718541502952576;0.9684374928474426;0.9537083506584167;0.9707291722297668;0.9707083106040955;0.9707708358764648;0.9707916378974915;0.9732916951179504;0.9754999876022339;0.9752708077430725;0.9745416641235352;0.9746249914169312;0.9775624871253967;0.9774374961853027;0.9761458039283752;0.9751874804496765;0.9773333072662354;0.9751041531562805;0.9741666913032532;0.9769583344459534;0.9736666679382324;0.9753749966621399;0.9782500267028809;0.976604163646698;0.9788125157356262;0.9773749709129333;0.9773958325386047;0.9790208339691162;0.9791458249092102;0.979770839214325;0.9786041378974915;0.9784166812896729;0.9785208106040955;0.9796666502952576;0.9787916541099548;0.979479193687439;0.9797916412353516;0.9799791574478149;0.9807083606719971;0.9804999828338623;0.9807500243186951;0.9809166789054871;0.9808958172798157;0.9810000061988831;0.9810000061988831;0.981124997138977;0.9810000061988831;0.9810000061988831
2;ftnn-otf-02ebccf01c63fa7af5c271a85ce8f4d8.hdf5;dense-2048;0.8854583501815796;0.5166875123977661;0.7091458439826965;0.9169374704360962;0.9015416502952576;0.8876041769981384;0.909250020980835;0.9144791960716248;0.9234791398048401;0.9350000023841858;0.9253333210945129;0.9269583225250244;0.9167708158493042;0.913687527179718;0.9470000267028809;0.9384583234786987;0.9363541603088379;0.9369375109672546;0.9389374852180481;0.9514583349227905;0.9479166865348816;0.9437291622161865;0.9594791531562805;0.9517291784286499;0.9591666460037231;0.9467708468437195;0.9643958210945129;0.9587500095367432;0.9528124928474426;0.9518333077430725;0.963979184627533;0.965749979019165;0.9552083611488342;0.9565416574478149;0.9668333530426025;0.952750027179718;0.9556875228881836;0.9706249833106995;0.9648333191871643;0.9623958468437195;0.9594166874885559;0.9687291383743286;0.9656458497047424;0.9695000052452087;0.9673958420753479;0.9666249752044678;0.9627708196640015;0.968999981880188;0.9697083234786987;0.9697916507720947;0.9621666669845581;0.9637291431427002;0.973562479019165;0.965791642665863;0.9714375138282776;0.9601874947547913;0.9731249809265137;0.9746458530426025;0.9708541631698608;0.9703750014305115;0.9706666469573975;0.9744791388511658;0.9658541679382324;0.9715625047683716;0.9731041789054871;0.9731875061988831;0.9725208282470703;0.9637916684150696;0.9754999876022339;0.976520836353302;0.973229169845581;0.9758750200271606;0.9776874780654907;0.9742500185966492;0.9724166393280029;0.9754583239555359;0.9773125052452087;0.9775833487510681;0.9779166579246521;0.976645827293396;0.9746458530426025;0.9777916669845581;0.9751458168029785;0.9777708053588867;0.9778125286102295;0.9770833253860474;0.9781041741371155;0.9781666398048401;0.9777500033378601;0.9792916774749756;0.9790624976158142;0.9791874885559082;0.979645848274231;0.9794374704360962;0.979479193687439;0.9795833230018616;0.9794583320617676;0.9796249866485596;0.9795416593551636;0.979562520980835
3;ftnn-otf-02ebccf01c63fa7af5c271a85ce8f4d8.hdf5;dense-2048;0.8364583253860474;0.8675833344459534;0.910979151725769;0.9187291860580444;0.9300833344459534;0.9278125166893005;0.8515833616256714;0.9273333549499512;0.9281666874885559;0.9196041822433472;0.9382500052452087;0.9232500195503235;0.9459583163261414;0.9309791922569275;0.9492291808128357;0.929562509059906;0.9475208520889282;0.948312520980835;0.9271458387374878;0.9437291622161865;0.9557916522026062;0.9279999732971191;0.9451249837875366;0.9492708444595337;0.9586041569709778;0.9475208520889282;0.9517708420753479;0.9596666693687439;0.9490416646003723;0.9666875004768372;0.9544583559036255;0.956416666507721;0.9593541622161865;0.968666672706604;0.965583324432373;0.9539791941642761;0.9623958468437195;0.9579583406448364;0.9614583253860474;0.9594583511352539;0.9671875238418579;0.9639583230018616;0.969124972820282;0.9698333144187927;0.9721875190734863;0.968999981880188;0.9694166779518127;0.9687708616256714;0.9628541469573975;0.9401458501815796;0.9695000052452087;0.9731249809265137;0.9622291922569275;0.964229166507721;0.9659374952316284;0.9746041893959045;0.9723958373069763;0.9698958396911621;0.9721041917800903;0.9718958139419556;0.971833348274231;0.9754166603088379;0.9742708206176758;0.9761041402816772;0.9667500257492065;0.9699583053588867;0.9724375009536743;0.9726874828338623;0.9748749732971191;0.9744791388511658;0.9759791493415833;0.9784166812896729;0.9788541793823242;0.9775000214576721;0.9783333539962769;0.9763749837875366;0.9763749837875366;0.9793750047683716;0.9759791493415833;0.9772499799728394;0.9783958196640015;0.9789791703224182;0.9792291522026062;0.9786458611488342;0.9790833592414856;0.9785833358764648;0.9784374833106995;0.9794374704360962;0.9794166684150696;0.9792916774749756;0.9793958067893982;0.9799374938011169;0.9802708625793457;0.9803749918937683;0.9803125262260437;0.9804791808128357;0.9806458353996277;0.9806874990463257;0.9806874990463257;0.9805416464805603
4;ftnn-otf-02ebccf01c63fa7af5c271a85ce8f4d8.hdf5;dense-2048;0.8888124823570251;0.8123541474342346;0.7943958044052124;0.9347500205039978;0.9180416464805603;0.9003124833106995;0.8964375257492065;0.8841249942779541;0.9304791688919067;0.9360833168029785;0.8890208601951599;0.9376875162124634;0.8765000104904175;0.9192916750907898;0.9043958187103271;0.9191666841506958;0.9495624899864197;0.9117916822433472;0.952750027179718;0.9401458501815796;0.949833333492279;0.9433958530426025;0.9349374771118164;0.9493125081062317;0.9446041584014893;0.9490833282470703;0.9547083377838135;0.9519166946411133;0.9471250176429749;0.9628541469573975;0.950124979019165;0.9427708387374878;0.9461458325386047;0.956291675567627;0.9599166512489319;0.956041693687439;0.9657708406448364;0.9631875157356262;0.9590208530426025;0.9562291502952576;0.9695833325386047;0.9662708044052124;0.9512083530426025;0.9596874713897705;0.9487291574478149;0.9693958163261414;0.9627708196640015;0.9686458110809326;0.9702500104904175;0.9672083258628845;0.9699375033378601;0.9586458206176758;0.9664583206176758;0.9725416898727417;0.9707291722297668;0.9687708616256714;0.9737291932106018;0.9699166417121887;0.9740833044052124;0.9750624895095825;0.9756666421890259;0.976645827293396;0.9746249914169312;0.9742708206176758;0.976687490940094;0.9760624766349792;0.9763333201408386;0.9748125076293945;0.9735416769981384;0.9757916927337646;0.9723749756813049;0.9773958325386047;0.9773125052452087;0.9789583086967468;0.9767916798591614;0.9781875014305115;0.9782083630561829;0.9782083630561829;0.9736875295639038;0.9764583110809326;0.9772083163261414;0.9765833616256714;0.9795416593551636;0.979729175567627;0.9788749814033508;0.979520857334137;0.9794374704360962;0.979729175567627;0.9790416955947876;0.979687511920929;0.9800624847412109;0.9799166917800903;0.9806458353996277;0.9802083373069763;0.9807916879653931;0.9807083606719971;0.9808958172798157;0.9810624718666077;0.9810000061988831;0.9809374809265137
5;ftnn-otf-02ebccf01c63fa7af5c271a85ce8f4d8.hdf5;dense-2048;0.8566666841506958;0.7657708525657654;0.6150416731834412;0.9054166674613953;0.9251875281333923;0.9232291579246521;0.9036250114440918;0.8926666378974915;0.9135624766349792;0.9002916812896729;0.9246249794960022;0.918749988079071;0.93770831823349;0.9314583539962769;0.9301041960716248;0.948604166507721;0.9114375114440918;0.9286875128746033;0.9504166841506958;0.948604166507721;0.9521250128746033;0.9419999718666077;0.945187509059906;0.9542708396911621;0.9570833444595337;0.9431458115577698;0.9520416855812073;0.9598333239555359;0.9512083530426025;0.9559791684150696;0.9568541646003723;0.9626250267028809;0.9687291383743286;0.9393333196640015;0.9690208435058594;0.9674583077430725;0.9659166932106018;0.960645854473114;0.963854193687439;0.9695000052452087;0.9566666483879089;0.9577916860580444;0.9602291584014893;0.9660833477973938;0.9617499709129333;0.9644791483879089;0.9664999842643738;0.9625208377838135;0.9598749876022339;0.9705208539962769;0.9721041917800903;0.9679166674613953;0.9726458191871643;0.9731249809265137;0.9712708592414856;0.9722916483879089;0.971916675567627;0.9698541760444641;0.9704166650772095;0.9731041789054871;0.9774374961853027;0.9712499976158142;0.9747083187103271;0.9763749837875366;0.9735833406448364;0.9738125205039978;0.9714999794960022;0.9737708568572998;0.976729154586792;0.9742083549499512;0.9754375219345093;0.9791458249092102;0.9731458425521851;0.973437488079071;0.9765833616256714;0.9737499952316284;0.976479172706604;0.9762499928474426;0.9775416851043701;0.9751250147819519;0.9754166603088379;0.9766666889190674;0.9773958325386047;0.9741041660308838;0.9753333330154419;0.9758333563804626;0.976854145526886;0.9771041870117188;0.9763749837875366;0.9777291417121887;0.9784791469573975;0.9788958430290222;0.9782708287239075;0.9791250228881836;0.9790416955947876;0.9791666865348816;0.9792916774749756;0.9791458249092102;0.9789999723434448;0.9790208339691162
1;ftnn-otf-02ebccf01c63fa7af5c271a85ce8f4d8.hdf5;dense-128-128;0.7446249723434448;0.6975416541099548;0.8852291703224182;0.8436458110809326;0.8149999976158142;0.9257916808128357;0.8914791941642761;0.9281041622161865;0.8844375014305115;0.9232083559036255;0.9241874814033508;0.9330000281333923;0.9399374723434448;0.9424375295639038;0.9204375147819519;0.926395833492279;0.9447708129882812;0.9649375081062317;0.9216458201408386;0.9403749704360962;0.9440000057220459;0.9175208210945129;0.9460625052452087;0.9562708139419556;0.9513124823570251;0.9482499957084656;0.9614166617393494;0.9425833225250244;0.9594583511352539;0.949958324432373;0.9359583258628845;0.9579166769981384;0.9656041860580444;0.9684791564941406;0.9692708253860474;0.957687497138977;0.9706041812896729;0.9592499732971191;0.9502708315849304;0.960895836353302;0.9671041369438171;0.9749374985694885;0.9695208072662354;0.9685208201408386;0.9721249938011169;0.9692500233650208;0.976270854473114;0.9752291440963745;0.9750208258628845;0.9780208468437195;0.9745833277702332;0.9759374856948853;0.9789166450500488;0.9431250095367432;0.9774166941642761;0.9712083339691162;0.9775833487510681;0.9775208234786987;0.976812481880188;0.9823333621025085;0.9811458587646484;0.9811041951179504;0.9802916646003723;0.9788333177566528;0.9779999852180481;0.9850208163261414;0.9809166789054871;0.9857083559036255;0.98416668176651;0.9873958230018616;0.9887499809265137;0.9868958592414856;0.9871041774749756;0.9908333420753479;0.9863541722297668;0.9884791374206543;0.9883958101272583;0.9911041855812073;0.9872499704360962;0.9883958101272583;0.991937518119812;0.9924166798591614;0.9920833110809326;0.9926458597183228;0.9929166436195374;0.9919166564941406;0.9931250214576721;0.9931041598320007;0.9932500123977661;0.9935416579246521;0.9943958520889282;0.9940208196640015;0.9946666955947876;0.9944583177566528;0.9943125247955322;0.9945416450500488;0.9945833086967468;0.9949791431427002;0.9948333501815796;0.9948750138282776
2;ftnn-otf-02ebccf01c63fa7af5c271a85ce8f4d8.hdf5;dense-128-128;0.6903749704360962;0.8002916574478149;0.7419166564941406;0.9135208129882812;0.7220208048820496;0.9182500243186951;0.9260625243186951;0.9282916784286499;0.9418749809265137;0.9393958449363708;0.9378958344459534;0.9263125061988831;0.937416672706604;0.9524583220481873;0.9482916593551636;0.9025833606719971;0.9444791674613953;0.9547708630561829;0.965458333492279;0.8963958621025085;0.9476666450500488;0.9581875205039978;0.9518125057220459;0.9698125123977661;0.957812488079071;0.9719374775886536;0.9249374866485596;0.9642500281333923;0.9645624756813049;0.9700000286102295;0.9590416550636292;0.9617291688919067;0.9767916798591614;0.9722499847412109;0.9742916822433472;0.9541875123977661;0.9742500185966492;0.9750416874885559;0.9760208129882812;0.9654374718666077;0.9726250171661377;0.9760208129882812;0.9775208234786987;0.9792500138282776;0.9702291488647461;0.9825208187103271;0.9785624742507935;0.9791666865348816;0.9815416932106018;0.9852916598320007;0.9851041436195374;0.9855625033378601;0.9835208058357239;0.9786666631698608;0.9839166402816772;0.9877916574478149;0.9856666922569275;0.9862708449363708;0.961229145526886;0.9878333210945129;0.987500011920929;0.9864583611488342;0.989187479019165;0.9904166460037231;0.9893125295639038;0.9890833497047424;0.989020824432373;0.9841458201408386;0.9906041622161865;0.989229142665863;0.9895833134651184;0.9907083511352539;0.9876875281333923;0.9900000095367432;0.9907083511352539;0.9902708530426025;0.9909374713897705;0.989062488079071;0.9904583096504211;0.9910625219345093;0.9920833110809326;0.9911249876022339;0.9913958311080933;0.992145836353302;0.992229163646698;0.99239581823349;0.9922083616256714;0.9921666383743286;0.9921875;0.9922916889190674;0.9923750162124634;0.9924583435058594;0.99239581823349;0.9924166798591614;0.9922916889190674;0.9926249980926514;0.9927291870117188;0.9926875233650208;0.9926875233650208;0.9927083253860474
3;ftnn-otf-02ebccf01c63fa7af5c271a85ce8f4d8.hdf5;dense-128-128;0.809416651725769;0.5962291955947876;0.8946458101272583;0.8424999713897705;0.8868333101272583;0.9161875247955322;0.8823541402816772;0.9285416603088379;0.9317916631698608;0.9415000081062317;0.937583327293396;0.9272291660308838;0.9296666383743286;0.9474375247955322;0.9474583268165588;0.9464791417121887;0.9460208415985107;0.9669374823570251;0.9450416564941406;0.9571874737739563;0.8604999780654907;0.9513124823570251;0.9650416374206543;0.9681666493415833;0.9599583148956299;0.9426041841506958;0.9549166560173035;0.9670624732971191;0.9531458616256714;0.971833348274231;0.9693124890327454;0.9509791731834412;0.9482499957084656;0.965458333492279;0.9660416841506958;0.9705833196640015;0.948645830154419;0.9673541784286499;0.9714999794960022;0.9504166841506958;0.9727083444595337;0.9747708439826965;0.9703750014305115;0.9733750224113464;0.9503541588783264;0.9722499847412109;0.9732083082199097;0.9746458530426025;0.971833348274231;0.9672291874885559;0.9714375138282776;0.9749791622161865;0.9764999747276306;0.9770416617393494;0.9736666679382324;0.9757916927337646;0.979854166507721;0.9772708415985107;0.9787083268165588;0.9743541479110718;0.9775416851043701;0.981166660785675;0.9797916412353516;0.9793958067893982;0.981374979019165;0.9810208082199097;0.9776041507720947;0.9822916388511658;0.9838749766349792;0.9832708239555359;0.9803541898727417;0.9836249947547913;0.9806249737739563;0.9825416803359985;0.9825208187103271;0.9848750233650208;0.9850624799728394;0.9857083559036255;0.984250009059906;0.9853541851043701;0.9865416884422302;0.9853958487510681;0.9864791631698608;0.9865208268165588;0.9861458539962769;0.9869999885559082;0.9873541593551636;0.9853749871253967;0.9872499704360962;0.9866458177566528;0.987625002861023;0.9868749976158142;0.9870625138282776;0.9872708320617676;0.987333357334137;0.9877291917800903;0.9877499938011169;0.9876458048820496;0.9876458048820496;0.9877291917800903
4;ftnn-otf-02ebccf01c63fa7af5c271a85ce8f4d8.hdf5;dense-128-128;0.6569583415985107;0.8542708158493042;0.8345833420753479;0.7393541932106018;0.8220416903495789;0.9235625267028809;0.9317083358764648;0.882520854473114;0.9055833220481873;0.9324166774749756;0.9427916407585144;0.9292708039283752;0.937375009059906;0.9362083077430725;0.9459166526794434;0.9301875233650208;0.9491041898727417;0.9532708525657654;0.9540833234786987;0.9417291879653931;0.9411875009536743;0.9388958215713501;0.9579166769981384;0.9453750252723694;0.9664583206176758;0.8998958468437195;0.9692083597183228;0.9666875004768372;0.9504166841506958;0.950124979019165;0.9595416784286499;0.9362708330154419;0.9678333401679993;0.9659583568572998;0.9620000123977661;0.971916675567627;0.9762916564941406;0.9745833277702332;0.9736666679382324;0.9759166836738586;0.9750000238418579;0.9490625262260437;0.979854166507721;0.9826458096504211;0.9815416932106018;0.9826874732971191;0.9741041660308838;0.9821666479110718;0.9802291393280029;0.9847708344459534;0.9587500095367432;0.9853958487510681;0.9859374761581421;0.984541654586792;0.9871666431427002;0.9535416960716248;0.9887083172798157;0.9884166717529297;0.9841458201408386;0.9876041412353516;0.9871249794960022;0.9872083067893982;0.987625002861023;0.9824583530426025;0.9874791502952576;0.9891666769981384;0.9881041646003723;0.9887499809265137;0.9903125166893005;0.9897916913032532;0.9898958206176758;0.9903125166893005;0.9904166460037231;0.9903125166893005;0.9902083277702332;0.9848541617393494;0.987291693687439;0.9915208220481873;0.9912083148956299;0.9919999837875366;0.9915624856948853;0.9886875152587891;0.9921666383743286;0.992229163646698;0.992312490940094;0.992312490940094;0.9921875;0.9919999837875366;0.99239581823349;0.992562472820282;0.992270827293396;0.9923750162124634;0.9925000071525574;0.9919583201408386;0.9926249980926514;0.9926249980926514;0.9927083253860474;0.9926666617393494;0.9926249980926514;0.992562472820282
5;ftnn-otf-02ebccf01c63fa7af5c271a85ce8f4d8.hdf5;dense-128-128;0.8065416812896729;0.7783750295639038;0.8304374814033508;0.8285208344459534;0.8274375200271606;0.8675833344459534;0.8513333201408386;0.9381250143051147;0.9409999847412109;0.9387916922569275;0.9436666369438171;0.9398541450500488;0.9164375066757202;0.9519374966621399;0.9472291469573975;0.9444166421890259;0.9291041493415833;0.9220625162124634;0.9598541855812073;0.9445624947547913;0.9629791378974915;0.9546041488647461;0.9520000219345093;0.9647083282470703;0.9547708630561829;0.9479791522026062;0.9595624804496765;0.9714583158493042;0.9723125100135803;0.9750000238418579;0.9748541712760925;0.9711874723434448;0.9705208539962769;0.9652708172798157;0.960854172706604;0.9736666679382324;0.9657708406448364;0.976229190826416;0.9709583520889282;0.9756875038146973;0.9770416617393494;0.976895809173584;0.9709791541099548;0.9794374704360962;0.9746875166893005;0.9780625104904175;0.9815208315849304;0.9739583134651184;0.9825208187103271;0.981374979019165;0.9818750023841858;0.9746875166893005;0.9829166531562805;0.984208345413208;0.984708309173584;0.9851458072662354;0.9831041693687439;0.9858333468437195;0.9869375228881836;0.9872708320617676;0.9881458282470703;0.9861249923706055;0.9880833625793457;0.9868749976158142;0.9852499961853027;0.9850833415985107;0.988854169845581;0.9892916679382324;0.9886666536331177;0.9870208501815796;0.9855833053588867;0.9889583587646484;0.9876875281333923;0.988895833492279;0.9868749976158142;0.9900416731834412;0.9899166822433472;0.9862291812896729;0.9884583353996277;0.9895416498184204;0.9904791712760925;0.9909583330154419;0.9869375228881836;0.9895208477973938;0.9916458129882812;0.9912291765213013;0.9913750290870667;0.9912083148956299;0.9916458129882812;0.9913541674613953;0.9915416836738586;0.9919166564941406;0.991854190826416;0.991895854473114;0.9920416474342346;0.9920416474342346;0.992270827293396;0.992229163646698;0.992104172706604;0.992104172706604
1;ftnn-otf-02ebccf01c63fa7af5c271a85ce8f4d8.hdf5;dense-256-256;0.7760416865348816;0.9057291746139526;0.8658750057220459;0.8915625214576721;0.934416651725769;0.9338333606719971;0.8979374766349792;0.932604193687439;0.9215624928474426;0.9495416879653931;0.9565625190734863;0.9245208501815796;0.9121875166893005;0.9554166793823242;0.9548125267028809;0.9662083387374878;0.9387083053588867;0.9656458497047424;0.9428958296775818;0.9661041498184204;0.9695416688919067;0.9607916474342346;0.9306250214576721;0.9629166722297668;0.9570624828338623;0.9465208053588867;0.9431666731834412;0.9748958349227905;0.9585624933242798;0.9567916393280029;0.9591666460037231;0.971708357334137;0.9676250219345093;0.9734166860580444;0.9707499742507935;0.9712083339691162;0.9490416646003723;0.9703958630561829;0.9426875114440918;0.9753333330154419;0.9756875038146973;0.9670833349227905;0.9738749861717224;0.9729166626930237;0.9788749814033508;0.9760000109672546;0.9732499718666077;0.9705625176429749;0.9698125123977661;0.9760833382606506;0.9715416431427002;0.9765416383743286;0.9770416617393494;0.9715208411216736;0.9725000262260437;0.9738541841506958;0.9679791927337646;0.9799374938011169;0.9770416617393494;0.9736875295639038;0.9820833206176758;0.9738749861717224;0.9763333201408386;0.9788958430290222;0.9803958535194397;0.9781458377838135;0.979729175567627;0.9816250205039978;0.9823333621025085;0.9801458120346069;0.9819583296775818;0.9783958196640015;0.9813125133514404;0.9817708134651184;0.9811458587646484;0.9829375147819519;0.9840624928474426;0.9826874732971191;0.9824374914169312;0.9815000295639038;0.9838333129882812;0.9831666946411133;0.9824583530426025;0.9843958616256714;0.984541654586792;0.9843958616256714;0.9849166870117188;0.9844791889190674;0.9853333234786987;0.9850416779518127;0.984541654586792;0.9849583506584167;0.9850000143051147;0.9850208163261414;0.9850624799728394;0.9851666688919067;0.9853125214576721;0.9854791760444641;0.9854791760444641;0.9854999780654907
2;ftnn-otf-02ebccf01c63fa7af5c271a85ce8f4d8.hdf5;dense-256-256;0.8033541440963745;0.6613749861717224;0.5921875238418579;0.8454166650772095;0.9312083125114441;0.9190833568572998;0.8947499990463257;0.9309999942779541;0.9037500023841858;0.9227291941642761;0.9344375133514404;0.9133958220481873;0.937250018119812;0.9094374775886536;0.9346874952316284;0.9490625262260437;0.9502291679382324;0.9356458187103271;0.952875018119812;0.9591458439826965;0.9701250195503235;0.9570833444595337;0.9643124938011169;0.9701250195503235;0.9632083177566528;0.9676041603088379;0.9634791612625122;0.9544791579246521;0.9756041765213013;0.9630625247955322;0.9702083468437195;0.9608333110809326;0.9710000157356262;0.9709374904632568;0.9702916741371155;0.9789999723434448;0.976937472820282;0.9791458249092102;0.9684374928474426;0.9749791622161865;0.9705416560173035;0.9795833230018616;0.9788541793823242;0.9809791445732117;0.9742708206176758;0.9838333129882812;0.9771041870117188;0.9788541793823242;0.9808541536331177;0.9843958616256714;0.9847916960716248;0.9852291941642761;0.9818541407585144;0.9860833287239075;0.9856458306312561;0.9859166741371155;0.9866458177566528;0.9791874885559082;0.987458348274231;0.9857500195503235;0.9878125190734863;0.9856041669845581;0.9820416569709778;0.9834791421890259;0.987500011920929;0.9882083535194397;0.9880208373069763;0.9888749718666077;0.989062488079071;0.987458348274231;0.9875208139419556;0.9881458282470703;0.9877291917800903;0.9901458621025085;0.9893749952316284;0.9885833263397217;0.9886875152587891;0.9902291893959045;0.9890416860580444;0.9879791736602783;0.9903333187103271;0.987583339214325;0.9901875257492065;0.9907083511352539;0.9905208349227905;0.9904583096504211;0.9903749823570251;0.9903749823570251;0.9905624985694885;0.9905208349227905;0.9907083511352539;0.9907083511352539;0.9907708168029785;0.9907708168029785;0.9908124804496765;0.9909583330154419;0.9909999966621399;0.9912708401679993;0.9912916421890259;0.9912708401679993
3;ftnn-otf-02ebccf01c63fa7af5c271a85ce8f4d8.hdf5;dense-256-256;0.713895857334137;0.9103958606719971;0.9208333492279053;0.9083124995231628;0.8661666512489319;0.9119583368301392;0.9175000190734863;0.9445000290870667;0.925166666507721;0.9465833306312561;0.957854151725769;0.9592291712760925;0.9589999914169312;0.9582916498184204;0.9401041865348816;0.9472291469573975;0.9603541493415833;0.9710208177566528;0.9701458215713501;0.9658541679382324;0.9746666550636292;0.9571874737739563;0.9616666436195374;0.9757500290870667;0.9662708044052124;0.9630416631698608;0.973270833492279;0.9521874785423279;0.9767916798591614;0.9776666760444641;0.9686458110809326;0.9790416955947876;0.9737499952316284;0.9780208468437195;0.9791041612625122;0.979770839214325;0.9765833616256714;0.9695624709129333;0.9720208048820496;0.9815208315849304;0.9840624928474426;0.9703124761581421;0.984083354473114;0.9788541793823242;0.9633749723434448;0.9642500281333923;0.9836875200271606;0.9766666889190674;0.9837708473205566;0.9869375228881836;0.9727916717529297;0.9744791388511658;0.9878749847412109;0.9723541736602783;0.9893333315849304;0.9894791841506958;0.9861666560173035;0.9862708449363708;0.9863749742507935;0.989229142665863;0.9898333549499512;0.9885625243186951;0.9907500147819519;0.9850624799728394;0.989270806312561;0.9906458258628845;0.9903749823570251;0.9918749928474426;0.9907708168029785;0.9908541440963745;0.987458348274231;0.9915208220481873;0.9915416836738586;0.9910416603088379;0.9918333292007446;0.9919583201408386;0.989062488079071;0.9914166927337646;0.9911041855812073;0.9915000200271606;0.991812527179718;0.9909374713897705;0.9921875;0.9916458129882812;0.9920833110809326;0.991937518119812;0.992312490940094;0.992062509059906;0.992354154586792;0.992104172706604;0.9921666383743286;0.9919583201408386;0.9922916889190674;0.9921666383743286;0.9921666383743286;0.9922916889190674;0.992354154586792;0.992145836353302;0.9922083616256714;0.9922083616256714
4;ftnn-otf-02ebccf01c63fa7af5c271a85ce8f4d8.hdf5;dense-256-256;0.7160416841506958;0.8963124752044678;0.9126458168029785;0.8723541498184204;0.8568958044052124;0.9191458225250244;0.8771041631698608;0.9414166808128357;0.9461458325386047;0.9230416417121887;0.9448750019073486;0.9210833311080933;0.945145845413208;0.9483333230018616;0.9430833458900452;0.9520624876022339;0.9465625286102295;0.9624791741371155;0.9465833306312561;0.9273958206176758;0.9487291574478149;0.9674791693687439;0.973645806312561;0.9663333296775818;0.9727500081062317;0.9616666436195374;0.9643124938011169;0.9652708172798157;0.973270833492279;0.9778749942779541;0.9648541808128357;0.9777083396911621;0.9714375138282776;0.9771875143051147;0.9570000171661377;0.9604166746139526;0.9694583415985107;0.9686458110809326;0.9702708125114441;0.9735833406448364;0.9805416464805603;0.9758124947547913;0.971916675567627;0.9821666479110718;0.9836041927337646;0.9787083268165588;0.973562479019165;0.9840208292007446;0.9660624861717224;0.9791041612625122;0.9763333201408386;0.9475625157356262;0.9869791865348816;0.9816666841506958;0.9857708215713501;0.984333336353302;0.9831666946411133;0.9869999885559082;0.9868749976158142;0.987708330154419;0.9858958125114441;0.9864791631698608;0.9631041884422302;0.9870625138282776;0.9864583611488342;0.9839166402816772;0.984708309173584;0.9852708578109741;0.9897916913032532;0.9893125295639038;0.987500011920929;0.9861041903495789;0.9841041564941406;0.9904375076293945;0.9897500276565552;0.9895416498184204;0.9904375076293945;0.9887083172798157;0.9909999966621399;0.9911041855812073;0.9884166717529297;0.9910416603088379;0.9910416603088379;0.9913333058357239;0.9913333058357239;0.9916458129882812;0.9899374842643738;0.9917708039283752;0.9913125038146973;0.992229163646698;0.9919583201408386;0.9918333292007446;0.9923333525657654;0.9925833344459534;0.9926249980926514;0.992520809173584;0.9927499890327454;0.9927499890327454;0.9926875233650208;0.9926666617393494
5;ftnn-otf-02ebccf01c63fa7af5c271a85ce8f4d8.hdf5;dense-256-256;0.531291663646698;0.8123124837875366;0.9165416955947876;0.9067083597183228;0.9283124804496765;0.9367499947547913;0.942270815372467;0.9315000176429749;0.9154791831970215;0.937749981880188;0.9572499990463257;0.9535208344459534;0.9632083177566528;0.9582083225250244;0.9677500128746033;0.9297916889190674;0.9502708315849304;0.945645809173584;0.96895831823349;0.9487083554267883;0.9489583373069763;0.9556041955947876;0.9731875061988831;0.95291668176651;0.9476249814033508;0.9694374799728394;0.9761666655540466;0.9599791765213013;0.9341250061988831;0.9781666398048401;0.9609166383743286;0.979562520980835;0.9809166789054871;0.957687497138977;0.9579583406448364;0.9644583463668823;0.9507916569709778;0.9253125190734863;0.9729375243186951;0.9845208525657654;0.9840624928474426;0.984250009059906;0.9815624952316284;0.9815624952316284;0.973395824432373;0.9827499985694885;0.9865208268165588;0.9831874966621399;0.9863958358764648;0.9776458144187927;0.9835416674613953;0.987291693687439;0.9865000247955322;0.9864374995231628;0.9840208292007446;0.988979160785675;0.987333357334137;0.987583339214325;0.9894999861717224;0.9896249771118164;0.9868958592414856;0.9845625162124634;0.9798750281333923;0.984666645526886;0.9903333187103271;0.9864583611488342;0.9901250004768372;0.9900000095367432;0.9892500042915344;0.9905416369438171;0.9890416860580444;0.9895416498184204;0.9909374713897705;0.9901875257492065;0.9894791841506958;0.9888749718666077;0.9909791946411133;0.9909374713897705;0.9903958439826965;0.9909999966621399;0.9908750057220459;0.9911458492279053;0.9901875257492065;0.9892083406448364;0.9910625219345093;0.9905624985694885;0.9908958077430725;0.9914374947547913;0.9915000200271606;0.9915833473205566;0.9915208220481873;0.9915624856948853;0.9916458129882812;0.9916874766349792;0.9915000200271606;0.9916666746139526;0.991854190826416;0.9916874766349792;0.9917083382606506;0.9916874766349792
1;ftnn-otf-02ebccf01c63fa7af5c271a85ce8f4d8.hdf5;dense-512-512;0.8223749995231628;0.8907291889190674;0.9125624895095825;0.890916645526886;0.9287708401679993;0.9282083511352539;0.9357291460037231;0.9408541917800903;0.9362499713897705;0.9523958563804626;0.9381041526794434;0.9547916650772095;0.9386041760444641;0.9540833234786987;0.9581041932106018;0.9555833339691162;0.9674791693687439;0.9507499933242798;0.9666666388511658;0.7371875047683716;0.9709583520889282;0.9703541398048401;0.9727083444595337;0.9674999713897705;0.9757708311080933;0.9775624871253967;0.9661458134651184;0.9698958396911621;0.9702500104904175;0.968583345413208;0.9731041789054871;0.9638749957084656;0.9621875286102295;0.9792500138282776;0.9787708520889282;0.968916654586792;0.9754999876022339;0.9777291417121887;0.9794374704360962;0.9614166617393494;0.9705833196640015;0.9800624847412109;0.9776874780654907;0.9814791679382324;0.9757500290870667;0.9817500114440918;0.9827499985694885;0.9833541512489319;0.9814375042915344;0.9818333387374878;0.9855625033378601;0.9841458201408386;0.9859374761581421;0.9851041436195374;0.9864374995231628;0.9806249737739563;0.9854166507720947;0.9821666479110718;0.9880833625793457;0.9857291579246521;0.9832916855812073;0.9877291917800903;0.9850624799728394;0.9877916574478149;0.9882708191871643;0.987416684627533;0.9855833053588867;0.9861875176429749;0.9876458048820496;0.9853125214576721;0.9901250004768372;0.9880208373069763;0.9876875281333923;0.9869166612625122;0.9909583330154419;0.988854169845581;0.9872291684150696;0.9909166693687439;0.9897291660308838;0.9907291531562805;0.9913125038146973;0.9907500147819519;0.988937497138977;0.9866874814033508;0.9914791584014893;0.9916458129882812;0.9916666746139526;0.9917500019073486;0.9918333292007446;0.9919166564941406;0.9920416474342346;0.9921666383743286;0.9919583201408386;0.992020845413208;0.991895854473114;0.992062509059906;0.9921666383743286;0.992312490940094;0.9921666383743286;0.9922083616256714
2;ftnn-otf-02ebccf01c63fa7af5c271a85ce8f4d8.hdf5;dense-512-512;0.7743541598320007;0.7934166789054871;0.8922708630561829;0.8847916722297668;0.9206458330154419;0.9437291622161865;0.930062472820282;0.9372708201408386;0.9492916464805603;0.9412083625793457;0.9402083158493042;0.9243541955947876;0.9347708225250244;0.9303125143051147;0.9417083263397217;0.8958333134651184;0.937666654586792;0.950083315372467;0.9564791917800903;0.9584375023841858;0.9441041946411133;0.9527291655540466;0.9520208239555359;0.9648958444595337;0.976229190826416;0.961020827293396;0.9666666388511658;0.9410833120346069;0.9569166898727417;0.9581041932106018;0.9596250057220459;0.9751041531562805;0.9715416431427002;0.9638749957084656;0.9643333554267883;0.956083357334137;0.953166663646698;0.9715833067893982;0.9753541946411133;0.9633958339691162;0.9735000133514404;0.979687511920929;0.9780416488647461;0.9787708520889282;0.9787291884422302;0.9555208086967468;0.9745208621025085;0.9815624952316284;0.9806041717529297;0.9806249737739563;0.9767916798591614;0.981416642665863;0.9827291369438171;0.9828958511352539;0.9805625081062317;0.9817291498184204;0.9823333621025085;0.9850624799728394;0.9831666946411133;0.9838958382606506;0.9788541793823242;0.9855416417121887;0.9830416440963745;0.9877499938011169;0.9866458177566528;0.9855416417121887;0.9838125109672546;0.9864583611488342;0.9858958125114441;0.9866250157356262;0.9851874709129333;0.9855208396911621;0.9869583249092102;0.9865624904632568;0.9860000014305115;0.9850208163261414;0.9844375252723694;0.9876041412353516;0.987375020980835;0.984541654586792;0.9851250052452087;0.9881041646003723;0.9883958101272583;0.9872708320617676;0.9885416626930237;0.9880625009536743;0.9896249771118164;0.9894583225250244;0.9897500276565552;0.9898333549499512;0.9902916550636292;0.9903333187103271;0.9904166460037231;0.9904166460037231;0.9903958439826965;0.9904999732971191;0.9907708168029785;0.9908124804496765;0.9908541440963745;0.9908750057220459
3;ftnn-otf-02ebccf01c63fa7af5c271a85ce8f4d8.hdf5;dense-512-512;0.7605416774749756;0.9221041798591614;0.9057499766349792;0.9309791922569275;0.9100208282470703;0.9238125085830688;0.9115833044052124;0.9387500286102295;0.9475833177566528;0.9480208158493042;0.9553958177566528;0.9531041383743286;0.9509791731834412;0.9380208253860474;0.9639583230018616;0.9601041674613953;0.9657708406448364;0.9123125076293945;0.932645857334137;0.9660624861717224;0.9434583187103271;0.9647916555404663;0.9565833210945129;0.9638749957084656;0.9680625200271606;0.9368541836738586;0.945479154586792;0.9721249938011169;0.9643541574478149;0.9522500038146973;0.9690208435058594;0.9729166626930237;0.9666458368301392;0.9726874828338623;0.9626041650772095;0.9731666445732117;0.9686458110809326;0.9691041707992554;0.9743333458900452;0.9746041893959045;0.9738333225250244;0.9688125252723694;0.9580833315849304;0.9796249866485596;0.9790833592414856;0.9718958139419556;0.9714791774749756;0.9785416722297668;0.979729175567627;0.9782500267028809;0.969124972820282;0.9787291884422302;0.981416642665863;0.9790624976158142;0.9795833230018616;0.981458306312561;0.976645827293396;0.9800416827201843;0.9823125004768372;0.9829583168029785;0.9746458530426025;0.9786458611488342;0.9799791574478149;0.981333315372467;0.9203749895095825;0.9816041588783264;0.979895830154419;0.9822499752044678;0.9808541536331177;0.9835208058357239;0.9824374914169312;0.9832916855812073;0.9777708053588867;0.9834583401679993;0.9804791808128357;0.9833541512489319;0.9833958148956299;0.984250009059906;0.9836458563804626;0.9843541383743286;0.9839166402816772;0.9776874780654907;0.9850624799728394;0.984458327293396;0.984541654586792;0.9853125214576721;0.9847291707992554;0.9849583506584167;0.9852499961853027;0.9853125214576721;0.9854166507720947;0.9853541851043701;0.9853749871253967;0.9854166507720947;0.9855416417121887;0.9856666922569275;0.9856666922569275;0.9857500195503235;0.9857500195503235;0.9858124852180481
4;ftnn-otf-02ebccf01c63fa7af5c271a85ce8f4d8.hdf5;dense-512-512;0.7955625057220459;0.9233541488647461;0.9212291836738586;0.9178749918937683;0.9306041598320007;0.9464583396911621;0.9132708311080933;0.6946250200271606;0.9314374923706055;0.9163958430290222;0.9357708096504211;0.9087916612625122;0.9398958086967468;0.9379583597183228;0.9108333587646484;0.9487291574478149;0.945354163646698;0.914312481880188;0.9595208168029785;0.9630625247955322;0.9513333439826965;0.9575833082199097;0.9592708349227905;0.9661041498184204;0.9741458296775818;0.9662500023841858;0.9652083516120911;0.9759374856948853;0.9778541922569275;0.9740833044052124;0.9738541841506958;0.9756249785423279;0.9799166917800903;0.9745000004768372;0.9742500185966492;0.9758124947547913;0.9733333587646484;0.9833124876022339;0.9789583086967468;0.9756041765213013;0.984250009059906;0.9854791760444641;0.9839791655540466;0.979604184627533;0.9825833439826965;0.9693124890327454;0.9748749732971191;0.9678750038146973;0.9872708320617676;0.9739999771118164;0.9800624847412109;0.987458348274231;0.9867500066757202;0.9885208606719971;0.989145815372467;0.9885625243186951;0.9854166507720947;0.9853125214576721;0.9890416860580444;0.9885416626930237;0.9704375267028809;0.9900000095367432;0.98458331823349;0.9895625114440918;0.9845625162124634;0.9865416884422302;0.9860208630561829;0.9900208115577698;0.9907708168029785;0.9893333315849304;0.991937518119812;0.9884999990463257;0.9919166564941406;0.9892083406448364;0.9911666512489319;0.9919999837875366;0.9922916889190674;0.9913125038146973;0.991895854473114;0.9925416707992554;0.992520809173584;0.9928333163261414;0.9929791688919067;0.9927291870117188;0.9927916526794434;0.9927708506584167;0.9929999709129333;0.9933124780654907;0.9931458234786987;0.9933333396911621;0.9931666851043701;0.9930833578109741;0.9928333163261414;0.9930416941642761;0.9931666851043701;0.9933958053588867;0.9934166669845581;0.9933124780654907;0.9932083487510681;0.9932083487510681
5;ftnn-otf-02ebccf01c63fa7af5c271a85ce8f4d8.hdf5;dense-512-512;0.7393541932106018;0.878125011920929;0.9261458516120911;0.9320625066757202;0.9334999918937683;0.9303541779518127;0.9427499771118164;0.9088333249092102;0.918833315372467;0.9513750076293945;0.960770845413208;0.9430416822433472;0.9701041579246521;0.9517916440963745;0.9310208559036255;0.8540624976158142;0.9504791498184204;0.9622499942779541;0.9598125219345093;0.952750027179718;0.9502291679382324;0.9677291512489319;0.9597083330154419;0.964270830154419;0.9679375290870667;0.9722708463668823;0.9726666808128357;0.972041666507721;0.9503333568572998;0.9641666412353516;0.9713958501815796;0.9728749990463257;0.9669374823570251;0.9741666913032532;0.9808124899864197;0.965458333492279;0.971791684627533;0.979770839214325;0.979604184627533;0.9783541560173035;0.9791041612625122;0.9823958277702332;0.9397916793823242;0.9816458225250244;0.9829791784286499;0.9850416779518127;0.9845208525657654;0.9850000143051147;0.9858124852180481;0.9821041822433472;0.9823541641235352;0.9758333563804626;0.9869583249092102;0.9732499718666077;0.9846041798591614;0.9835625290870667;0.9874374866485596;0.981124997138977;0.9871666431427002;0.984333336353302;0.9847708344459534;0.9848750233650208;0.987375020980835;0.9871458411216736;0.9885208606719971;0.9876041412353516;0.9882916808128357;0.9878125190734863;0.9875208139419556;0.9893125295639038;0.9884374737739563;0.9897083044052124;0.9898333549499512;0.9896666407585144;0.9896458387374878;0.9872499704360962;0.9899583458900452;0.9880833625793457;0.9892083406448364;0.9903958439826965;0.9900833368301392;0.9887499809265137;0.9894375205039978;0.9906250238418579;0.9903958439826965;0.9904583096504211;0.9901875257492065;0.9908124804496765;0.9905208349227905;0.9907500147819519;0.9910416603088379;0.9903125166893005;0.9910208582878113;0.9907083511352539;0.9909374713897705;0.9909791946411133;0.9909999966621399;0.9911249876022339;0.9911875128746033;0.9911666512489319
1;ftnn-otf-02ebccf01c63fa7af5c271a85ce8f4d8.hdf5;dense-1024-1024;0.7205208539962769;0.9281250238418579;0.8534374833106995;0.9237708449363708;0.913979172706604;0.9415624737739563;0.9195416569709778;0.9402291774749756;0.9453125;0.9478958249092102;0.9555833339691162;0.9707083106040955;0.8588958382606506;0.9084791541099548;0.9323124885559082;0.8370416760444641;0.9457291960716248;0.8759999871253967;0.9424375295639038;0.9206041693687439;0.9225624799728394;0.9323541522026062;0.9494166374206543;0.9601041674613953;0.9279791712760925;0.9743333458900452;0.9673958420753479;0.9628958106040955;0.941979169845581;0.9710624814033508;0.9698958396911621;0.965624988079071;0.9707916378974915;0.9622083306312561;0.9713541865348816;0.9628541469573975;0.9731458425521851;0.9695208072662354;0.9760833382606506;0.9745833277702332;0.9757083058357239;0.9609583616256714;0.9766666889190674;0.9776666760444641;0.9778958559036255;0.9775833487510681;0.9778333306312561;0.9756666421890259;0.9786041378974915;0.9785416722297668;0.9704375267028809;0.976645827293396;0.9796249866485596;0.9742083549499512;0.9777708053588867;0.9764999747276306;0.9817291498184204;0.973479151725769;0.9805416464805603;0.9760208129882812;0.9808124899864197;0.9780833125114441;0.9772083163261414;0.9804166555404663;0.979854166507721;0.9776874780654907;0.9774166941642761;0.981291651725769;0.9806874990463257;0.9813125133514404;0.9823125004768372;0.9825624823570251;0.9822083115577698;0.9829999804496765;0.9796666502952576;0.9825624823570251;0.9830208420753479;0.9828749895095825;0.9836249947547913;0.9836666584014893;0.9841041564941406;0.9840624928474426;0.9831041693687439;0.9836458563804626;0.984499990940094;0.9844375252723694;0.9843124747276306;0.9843541383743286;0.984541654586792;0.984541654586792;0.984624981880188;0.984749972820282;0.9847916960716248;0.9848541617393494;0.9848750233650208;0.9850624799728394;0.9850833415985107;0.9852083325386047;0.9852083325386047;0.9851874709129333
2;ftnn-otf-02ebccf01c63fa7af5c271a85ce8f4d8.hdf5;dense-1024-1024;0.9036041498184204;0.9102916717529297;0.932937502861023;0.9243749976158142;0.9114583134651184;0.922124981880188;0.9445833563804626;0.9465208053588867;0.9307916760444641;0.9497083425521851;0.9442083239555359;0.9581041932106018;0.9216458201408386;0.9708541631698608;0.9366250038146973;0.9674999713897705;0.9557083249092102;0.9659166932106018;0.9550416469573975;0.9362291693687439;0.9724791646003723;0.9541666507720947;0.9543958306312561;0.9616249799728394;0.9727083444595337;0.963979184627533;0.9756875038146973;0.9791874885559082;0.9628958106040955;0.9580416679382324;0.9696666598320007;0.9652083516120911;0.968416690826416;0.9729791879653931;0.9659791588783264;0.9725624918937683;0.96854168176651;0.9522708058357239;0.9563541412353516;0.963895857334137;0.9665625095367432;0.9738958477973938;0.971875011920929;0.9725416898727417;0.9666041731834412;0.9756458401679993;0.9739999771118164;0.9726874828338623;0.976812481880188;0.9750833511352539;0.9792291522026062;0.9800624847412109;0.9785416722297668;0.9790208339691162;0.9777916669845581;0.9807708263397217;0.9811041951179504;0.9745416641235352;0.976937472820282;0.9788541793823242;0.9777708053588867;0.9807083606719971;0.9806458353996277;0.9767083525657654;0.979562520980835;0.981374979019165;0.9787291884422302;0.9792291522026062;0.9819375276565552;0.981083333492279;0.9828541874885559;0.9818541407585144;0.9804791808128357;0.9821249842643738;0.9822083115577698;0.9831458330154419;0.9832916855812073;0.9828333258628845;0.9831041693687439;0.9827499985694885;0.9837916493415833;0.9833958148956299;0.9833750128746033;0.9839583039283752;0.9837708473205566;0.9837499856948853;0.9839791655540466;0.984291672706604;0.984250009059906;0.984250009059906;0.984125018119812;0.9841874837875366;0.984375;0.984250009059906;0.9846041798591614;0.984708309173584;0.9846875071525574;0.9847291707992554;0.984708309173584;0.9847916960716248
3;ftnn-otf-02ebccf01c63fa7af5c271a85ce8f4d8.hdf5;dense-1024-1024;0.8169375061988831;0.9227499961853027;0.9153958559036255;0.9306666851043701;0.9046666622161865;0.934458315372467;0.9295416474342346;0.910937488079071;0.9469166398048401;0.9195833206176758;0.8926041722297668;0.9266666769981384;0.9168541431427002;0.929770827293396;0.9513124823570251;0.9342291951179504;0.9402291774749756;0.9349374771118164;0.968708336353302;0.9429791569709778;0.9286041855812073;0.9428541660308838;0.945562481880188;0.9509999752044678;0.9389583468437195;0.9587500095367432;0.9477291703224182;0.9703541398048401;0.9338124990463257;0.9243541955947876;0.9468125104904175;0.9678958058357239;0.9600416421890259;0.9611250162124634;0.9652083516120911;0.9760000109672546;0.9753541946411133;0.9602916836738586;0.9468958377838135;0.9651874899864197;0.95291668176651;0.9796249866485596;0.9604791402816772;0.9754375219345093;0.9748749732971191;0.9854583144187927;0.9861041903495789;0.9868541955947876;0.9764999747276306;0.9828333258628845;0.9766666889190674;0.9860833287239075;0.9854583144187927;0.9730625152587891;0.9821249842643738;0.9703958630561829;0.9865000247955322;0.98458331823349;0.9869999885559082;0.9879375100135803;0.989270806312561;0.9835208058357239;0.9799166917800903;0.9803958535194397;0.9884166717529297;0.989270806312561;0.9876458048820496;0.9894583225250244;0.9883958101272583;0.9883958101272583;0.9893749952316284;0.9899583458900452;0.9870625138282776;0.9903958439826965;0.9902916550636292;0.988854169845581;0.9841874837875366;0.9898333549499512;0.9884374737739563;0.988854169845581;0.9912291765213013;0.9907500147819519;0.9913125038146973;0.9896875023841858;0.9907708168029785;0.9915000200271606;0.9910625219345093;0.9910416603088379;0.9911458492279053;0.9914166927337646;0.9911041855812073;0.9916874766349792;0.9914374947547913;0.9914583563804626;0.9910833239555359;0.9915416836738586;0.9915833473205566;0.9914791584014893;0.9913125038146973;0.9913125038146973
4;ftnn-otf-02ebccf01c63fa7af5c271a85ce8f4d8.hdf5;dense-1024-1024;0.7005624771118164;0.9120000004768372;0.909166693687439;0.9135416746139526;0.9097499847412109;0.9189791679382324;0.9230208396911621;0.9253333210945129;0.9426249861717224;0.9391875267028809;0.9174583554267883;0.9269375205039978;0.9574166536331177;0.9448750019073486;0.9577916860580444;0.9397708177566528;0.9545000195503235;0.957854151725769;0.9596666693687439;0.9072499871253967;0.9232916831970215;0.9726458191871643;0.9372708201408386;0.9085208177566528;0.9677083492279053;0.9706041812896729;0.9476458430290222;0.9500208497047424;0.9298750162124634;0.9615416526794434;0.9751874804496765;0.9669791460037231;0.9737083315849304;0.9732083082199097;0.9582291841506958;0.9750208258628845;0.9725416898727417;0.9713125228881836;0.9744583368301392;0.9707291722297668;0.9777083396911621;0.9762499928474426;0.9739791750907898;0.9694374799728394;0.9804791808128357;0.9784166812896729;0.9825624823570251;0.9722916483879089;0.98416668176651;0.9822499752044678;0.9826458096504211;0.9834374785423279;0.9757083058357239;0.9832500219345093;0.9834374785423279;0.987625002861023;0.9868958592414856;0.987375020980835;0.9853541851043701;0.9834374785423279;0.9846875071525574;0.9799583554267883;0.9885625243186951;0.987541675567627;0.9880208373069763;0.9887291789054871;0.9878541827201843;0.9873124957084656;0.9898958206176758;0.9899583458900452;0.9900416731834412;0.9899583458900452;0.989187479019165;0.9887708425521851;0.9903333187103271;0.9910208582878113;0.9910416603088379;0.9901041388511658;0.9911041855812073;0.9914166927337646;0.9896875023841858;0.9910416603088379;0.9869999885559082;0.9903958439826965;0.9917291402816772;0.9914791584014893;0.9916874766349792;0.9920416474342346;0.9922500252723694;0.9921666383743286;0.992312490940094;0.992437481880188;0.9922083616256714;0.992104172706604;0.9919166564941406;0.992562472820282;0.992562472820282;0.9926666617393494;0.9924583435058594;0.992437481880188
5;ftnn-otf-02ebccf01c63fa7af5c271a85ce8f4d8.hdf5;dense-1024-1024;0.8054375052452087;0.9040416479110718;0.6679583191871643;0.932812511920929;0.9005625247955322;0.9304375052452087;0.7283124923706055;0.8740000128746033;0.9176666736602783;0.9259374737739563;0.9490208625793457;0.9403125047683716;0.9391666650772095;0.9442083239555359;0.9516041874885559;0.9473333358764648;0.945437490940094;0.9440416693687439;0.9586458206176758;0.9413333535194397;0.9391458630561829;0.718874990940094;0.9393333196640015;0.9673749804496765;0.9553541541099548;0.9415208101272583;0.9618124961853027;0.9626041650772095;0.9700624942779541;0.9672291874885559;0.9514999985694885;0.9457083344459534;0.9723749756813049;0.9679999947547913;0.9616458415985107;0.9574791789054871;0.9692083597183228;0.9649375081062317;0.9672083258628845;0.9646666646003723;0.9738125205039978;0.9596250057220459;0.971833348274231;0.9754583239555359;0.9495000243186951;0.9748749732971191;0.9528124928474426;0.9703958630561829;0.9706041812896729;0.9729791879653931;0.9660624861717224;0.9756666421890259;0.9773333072662354;0.9667708277702332;0.9777083396911621;0.9705208539962769;0.9789999723434448;0.9736250042915344;0.9721249938011169;0.9756666421890259;0.9644791483879089;0.9771041870117188;0.9785833358764648;0.9522083401679993;0.9748749732971191;0.9782708287239075;0.979854166507721;0.9806666374206543;0.9801874756813049;0.9773541688919067;0.9774166941642761;0.9782500267028809;0.9815833568572998;0.9815416932106018;0.9798333048820496;0.9791666865348816;0.9794583320617676;0.9820416569709778;0.9834166765213013;0.9816041588783264;0.9830208420753479;0.9810208082199097;0.9817500114440918;0.9839791655540466;0.9830833077430725;0.9836875200271606;0.9836666584014893;0.9834583401679993;0.98458331823349;0.984208345413208;0.984624981880188;0.9842708110809326;0.9848541617393494;0.9848958253860474;0.984458327293396;0.984708309173584;0.9848750233650208;0.9849166870117188;0.9848124980926514;0.984749972820282
