1;ftnn-otf-f5d29f8f945f2a076cb6d316758a604c.hdf5;dense-128;0.8228771090507507;0.7021458148956299;0.9471083283424377;0.9562437534332275;0.8632354140281677;0.9305624961853027;0.9680125117301941;0.9646750092506409;0.9340270757675171;0.9681708216667175;0.9812729358673096;0.9705395698547363;0.9692375063896179;0.9773250222206116;0.9789312481880188;0.983397901058197;0.9742416739463806;0.9816604256629944;0.9812270998954773;0.9610687494277954;0.9800270795822144;0.9781895875930786;0.9855479001998901;0.9848812222480774;0.9812187552452087;0.9826771020889282;0.9808312654495239;0.980370819568634;0.9799854159355164;0.9814083576202393;0.9839458465576172;0.9838833212852478;0.9843770861625671;0.9879958629608154;0.9866374731063843;0.9838541746139526;0.9797770977020264;0.9851666688919067;0.9839541912078857;0.9786583185195923;0.9876396059989929;0.9853875041007996;0.9836187362670898;0.9883999824523926;0.9835708141326904;0.9871562719345093;0.9820458292961121;0.9879083037376404;0.9872375130653381;0.9871479272842407;0.9862291812896729;0.9867687225341797;0.9882916808128357;0.9866208434104919;0.9869083166122437;0.9866750240325928;0.9872041940689087;0.9856145977973938;0.9882416725158691;0.9874458312988281;0.9871645569801331;0.9875041842460632;0.9882291555404663;0.9868937730789185;0.9876812696456909;0.9882146120071411;0.987206220626831;0.9880437254905701;0.9879958629608154;0.9878958463668823;0.9871979355812073;0.9883687496185303;0.9886021018028259;0.9885354042053223;0.9874250292778015;0.9884083271026611;0.9882312417030334;0.9882354140281677;0.9883333444595337;0.9887791872024536;0.9878687262535095;0.9881083369255066;0.9880250096321106;0.9883978962898254;0.9882583618164062;0.9887145757675171;0.9884771108627319;0.9885020852088928;0.9887312650680542;0.9886354207992554;0.9887333512306213;0.9888333082199097;0.9887499809265137;0.9887708425521851;0.9887437224388123;0.9888583421707153;0.9888291954994202;0.988854169845581;0.988895833492279;0.9889166951179504
2;ftnn-otf-f5d29f8f945f2a076cb6d316758a604c.hdf5;dense-128;0.6904333233833313;0.7776437401771545;0.9353229403495789;0.9551416635513306;0.9251499772071838;0.9610333442687988;0.9364979267120361;0.937666654586792;0.9584583044052124;0.958622932434082;0.9774916768074036;0.9746833443641663;0.9662500023841858;0.9785083532333374;0.9587354063987732;0.9735333323478699;0.9741958379745483;0.9790354371070862;0.979672908782959;0.9778708219528198;0.9785270690917969;0.9807416796684265;0.9767374992370605;0.9739083051681519;0.9751395583152771;0.9803875088691711;0.9825833439826965;0.9768604040145874;0.9717125296592712;0.9778479337692261;0.9777646064758301;0.9803458452224731;0.9840896129608154;0.9770625233650208;0.972837507724762;0.9810812473297119;0.9800021052360535;0.9817875027656555;0.975095808506012;0.9777500033378601;0.9825541377067566;0.9857562780380249;0.9846603870391846;0.9800145626068115;0.9843416810035706;0.9820416569709778;0.9802250266075134;0.9831104278564453;0.984235405921936;0.9824374914169312;0.9807291626930237;0.9839562773704529;0.9850583076477051;0.9815624952316284;0.9869999885559082;0.9858187437057495;0.986175000667572;0.9866853952407837;0.9862562417984009;0.9848020672798157;0.9862520694732666;0.9864354133605957;0.9868999719619751;0.9863728880882263;0.9862666726112366;0.9843541383743286;0.9854479432106018;0.986985445022583;0.9857875108718872;0.9883520603179932;0.9866958260536194;0.9873999953269958;0.9859958291053772;0.987443745136261;0.9862145781517029;0.9871312379837036;0.9878416657447815;0.988170862197876;0.9869833588600159;0.9879916906356812;0.9879958629608154;0.9875312447547913;0.9878228902816772;0.9879312515258789;0.9881208539009094;0.9878354072570801;0.9882291555404663;0.9877208471298218;0.9879666566848755;0.9882603883743286;0.9885916709899902;0.9882770776748657;0.9883478879928589;0.988364577293396;0.9881020784378052;0.9883812665939331;0.9882895946502686;0.9883291721343994;0.9883604049682617;0.988379180431366
3;ftnn-otf-f5d29f8f945f2a076cb6d316758a604c.hdf5;dense-128;0.9246729016304016;0.9423041939735413;0.9089312553405762;0.936802089214325;0.8696708083152771;0.9625020623207092;0.9610896110534668;0.9575999975204468;0.9680250287055969;0.9740999937057495;0.9684749841690063;0.9703083038330078;0.9458749890327454;0.9727562665939331;0.9755104184150696;0.9782333374023438;0.9743396043777466;0.9763291478157043;0.9807270765304565;0.9799354076385498;0.9832541942596436;0.9835729002952576;0.9782854318618774;0.9821875095367432;0.9849604368209839;0.984458327293396;0.9826979041099548;0.9820062518119812;0.9848687648773193;0.9818603992462158;0.9846104383468628;0.9860520958900452;0.9865437746047974;0.9786312580108643;0.9861562252044678;0.9868812561035156;0.9877395629882812;0.987304151058197;0.9882416725158691;0.9875916838645935;0.9870395660400391;0.9861354231834412;0.9883708357810974;0.987152099609375;0.985925018787384;0.9882791638374329;0.9885249733924866;0.9860895872116089;0.9887416958808899;0.9870770573616028;0.9882083535194397;0.9896937608718872;0.9880853891372681;0.9884187579154968;0.9885354042053223;0.9892395734786987;0.9855333566665649;0.9889500141143799;0.9886999726295471;0.9897312521934509;0.9879000186920166;0.9875603914260864;0.9886270761489868;0.9895250201225281;0.9888604283332825;0.9891708493232727;0.9876000285148621;0.9887979030609131;0.9887396097183228;0.9887250065803528;0.9896291494369507;0.9895229339599609;0.9891312718391418;0.986522912979126;0.9892458319664001;0.9891229271888733;0.9891937375068665;0.9891687631607056;0.9898895621299744;0.9903437495231628;0.989285409450531;0.9894145727157593;0.9898208379745483;0.9897937774658203;0.9894916415214539;0.9891104102134705;0.9897708296775818;0.9898895621299744;0.989549994468689;0.9897145628929138;0.9898270964622498;0.9896979331970215;0.9896312355995178;0.9897354245185852;0.9896562695503235;0.9896312355995178;0.9896062612533569;0.9896083474159241;0.9896020889282227;0.9896416664123535
4;ftnn-otf-f5d29f8f945f2a076cb6d316758a604c.hdf5;dense-128;0.8775062561035156;0.8679770827293396;0.9076499938964844;0.9460999965667725;0.9341687560081482;0.9143249988555908;0.9635021090507507;0.9577187299728394;0.9519666433334351;0.9780895709991455;0.969879150390625;0.9642312526702881;0.9561353921890259;0.9752083420753479;0.9629708528518677;0.9636562466621399;0.9795145988464355;0.9769020676612854;0.9780250191688538;0.9813833236694336;0.978570818901062;0.9791854023933411;0.9804624915122986;0.9820666909217834;0.9825166463851929;0.9839708209037781;0.9806437492370605;0.9820812344551086;0.9850208163261414;0.9797166585922241;0.9836166501045227;0.9837395548820496;0.9823833107948303;0.9819083213806152;0.9825437664985657;0.9761624932289124;0.984920859336853;0.9810270667076111;0.985004186630249;0.9866853952407837;0.9856666922569275;0.9826124906539917;0.9853083491325378;0.9805874824523926;0.985004186630249;0.984083354473114;0.9828875064849854;0.9868770837783813;0.9841353893280029;0.9859604239463806;0.981404185295105;0.9827145934104919;0.9818812608718872;0.9857541918754578;0.9841750264167786;0.9874833226203918;0.986285388469696;0.985670804977417;0.9871583580970764;0.9853979349136353;0.9869604110717773;0.9856895804405212;0.9868500232696533;0.9866916537284851;0.9862478971481323;0.9862895607948303;0.9866083264350891;0.9881687760353088;0.9881500005722046;0.9883124828338623;0.987975001335144;0.9870770573616028;0.9878062605857849;0.9882875084877014;0.9878728985786438;0.9882749915122986;0.988239586353302;0.9882146120071411;0.9875166416168213;0.9880916476249695;0.9881041646003723;0.9885249733924866;0.9888020753860474;0.9884999990463257;0.988629162311554;0.9884541630744934;0.9883458614349365;0.9885583519935608;0.9889604449272156;0.9886395931243896;0.9885833263397217;0.9888437390327454;0.9886999726295471;0.9886458516120911;0.9886896014213562;0.9886249899864197;0.9886000156402588;0.9886229038238525;0.9886583089828491;0.9886749982833862
5;ftnn-otf-f5d29f8f945f2a076cb6d316758a604c.hdf5;dense-128;0.8455187678337097;0.6661437749862671;0.9567937254905701;0.9383958578109741;0.953795850276947;0.9552958607673645;0.9272291660308838;0.9653624892234802;0.9682604074478149;0.9544020891189575;0.9618208408355713;0.9776979088783264;0.9785104393959045;0.9742228984832764;0.9786583185195923;0.9812333583831787;0.9765437245368958;0.9743124842643738;0.9859541654586792;0.9796437621116638;0.9759125113487244;0.9807770848274231;0.9824520945549011;0.9681083559989929;0.9810374975204468;0.9815041422843933;0.985768735408783;0.9850999712944031;0.983677089214325;0.9820312261581421;0.9772708415985107;0.9765437245368958;0.9809791445732117;0.9853500127792358;0.9842895865440369;0.9866104125976562;0.9859437346458435;0.9867437481880188;0.9846479296684265;0.9852729439735413;0.9845020771026611;0.9859812259674072;0.9873999953269958;0.9838646054267883;0.9861124753952026;0.985310435295105;0.9823166728019714;0.9816229343414307;0.9866020679473877;0.9857500195503235;0.9849833250045776;0.9864895939826965;0.9783729314804077;0.9852770566940308;0.9869645833969116;0.9868187308311462;0.9852729439735413;0.9868479371070862;0.9862083196640015;0.9866874814033508;0.985364556312561;0.9855354428291321;0.9855312705039978;0.9869229197502136;0.9859958291053772;0.9861791729927063;0.9859916567802429;0.986804187297821;0.984485387802124;0.9865062236785889;0.9861437678337097;0.9871146082878113;0.9875770807266235;0.9872083067893982;0.9879458546638489;0.9872729182243347;0.988031268119812;0.9868812561035156;0.9881812334060669;0.9877541661262512;0.986679196357727;0.98828125;0.9879103899002075;0.988895833492279;0.987933337688446;0.9881666898727417;0.9885541796684265;0.9883896112442017;0.9886041879653931;0.9886958599090576;0.9884958267211914;0.9885333180427551;0.9884708523750305;0.9884374737739563;0.9886124730110168;0.9884750247001648;0.9885228872299194;0.9885479211807251;0.9885916709899902;0.9885979294776917
1;ftnn-otf-f5d29f8f945f2a076cb6d316758a604c.hdf5;dense-256;0.8256833553314209;0.9360479116439819;0.9032833576202393;0.9383729100227356;0.9480770826339722;0.9235875010490417;0.9525499939918518;0.9489437341690063;0.9687125086784363;0.9673083424568176;0.9687437415122986;0.9685750007629395;0.9720916748046875;0.9646333456039429;0.9757083058357239;0.9811916947364807;0.983760416507721;0.9759416580200195;0.9814770817756653;0.980427086353302;0.9854229092597961;0.9810479283332825;0.9769541621208191;0.9820312261581421;0.985518753528595;0.979393720626831;0.9766271114349365;0.9761375188827515;0.9846458435058594;0.9800145626068115;0.9821333289146423;0.9845958352088928;0.982631266117096;0.9787979125976562;0.9812416434288025;0.9858499765396118;0.9841083288192749;0.9764437675476074;0.9854937791824341;0.9856895804405212;0.9849041700363159;0.9840937256813049;0.981820821762085;0.9865854382514954;0.9836291670799255;0.9837999939918518;0.9859020709991455;0.978600025177002;0.9819625020027161;0.9850021004676819;0.9804854393005371;0.9833958148956299;0.9797645807266235;0.9866437315940857;0.9864291548728943;0.9850145578384399;0.9855895638465881;0.9847437739372253;0.9870458245277405;0.9862208366394043;0.9841041564941406;0.9865021109580994;0.9843645691871643;0.9864479303359985;0.9870083332061768;0.9841604232788086;0.9872249960899353;0.9868541955947876;0.9855312705039978;0.9857666492462158;0.9866374731063843;0.9876229166984558;0.987235426902771;0.9875479340553284;0.9866853952407837;0.9862020611763;0.9870937466621399;0.9869104027748108;0.9863291382789612;0.987277090549469;0.9876312613487244;0.987068772315979;0.9871749877929688;0.9871249794960022;0.9879270792007446;0.9878937602043152;0.9873437285423279;0.9877729415893555;0.9875291585922241;0.9879354238510132;0.9880916476249695;0.9880416393280029;0.9879999756813049;0.9880666732788086;0.9881291389465332;0.9880145788192749;0.9880478978157043;0.9881229400634766;0.9881604313850403;0.9881749749183655
2;ftnn-otf-f5d29f8f945f2a076cb6d316758a604c.hdf5;dense-256;0.9168687462806702;0.8999395966529846;0.9439125061035156;0.9400604367256165;0.9660770893096924;0.9557666778564453;0.9582229256629944;0.965654194355011;0.9549520611763;0.9760312438011169;0.9674583077430725;0.971845805644989;0.9570103883743286;0.9714124798774719;0.9746583104133606;0.9776708483695984;0.976952075958252;0.97904372215271;0.9553250074386597;0.9754062294960022;0.9609583616256714;0.9743103981018066;0.9723625183105469;0.979393720626831;0.9811687469482422;0.9690083265304565;0.9769958257675171;0.981333315372467;0.9770749807357788;0.9811312556266785;0.9745228886604309;0.9780312776565552;0.9775645732879639;0.9823853969573975;0.9759104251861572;0.9785666465759277;0.9831270575523376;0.978347897529602;0.9809854030609131;0.983522891998291;0.9758853912353516;0.9813770651817322;0.9863395690917969;0.9816645979881287;0.9818500280380249;0.9847937226295471;0.9866853952407837;0.9854103922843933;0.9823187589645386;0.9841853976249695;0.9814291596412659;0.9849708080291748;0.9795520901679993;0.9861041903495789;0.9844874739646912;0.9870062470436096;0.9864437580108643;0.9857833385467529;0.9877104163169861;0.9867583513259888;0.9863646030426025;0.9865604043006897;0.9869270920753479;0.9875708222389221;0.9858270883560181;0.9870312213897705;0.9874520897865295;0.9861416816711426;0.9870583415031433;0.9875645637512207;0.9875458478927612;0.9872875213623047;0.9887771010398865;0.9880895614624023;0.9879187345504761;0.9873937368392944;0.9877729415893555;0.988572895526886;0.9883312582969666;0.9889312386512756;0.98850417137146;0.9885666370391846;0.9890229105949402;0.9889125227928162;0.9890750050544739;0.9891625046730042;0.9886833429336548;0.9892229437828064;0.9891166687011719;0.9890333414077759;0.9892625212669373;0.9891479015350342;0.9893875122070312;0.9893187284469604;0.9894291758537292;0.9894166588783264;0.9893854260444641;0.989493727684021;0.9895020723342896;0.989508330821991
3;ftnn-otf-f5d29f8f945f2a076cb6d316758a604c.hdf5;dense-256;0.8798083066940308;0.6723916530609131;0.9242854118347168;0.8911499977111816;0.9231770634651184;0.9636333584785461;0.9368812441825867;0.969587504863739;0.961047887802124;0.955049991607666;0.9692291617393494;0.9549854397773743;0.9775791764259338;0.9722958207130432;0.9756708145141602;0.9736396074295044;0.9663312435150146;0.9732229113578796;0.9732666611671448;0.9799916744232178;0.9639750123023987;0.9770187735557556;0.9723770618438721;0.9776041507720947;0.9749770760536194;0.9781020879745483;0.9726729393005371;0.9772166609764099;0.9770333170890808;0.977343738079071;0.9688708186149597;0.9753687381744385;0.9780958294868469;0.9814333319664001;0.9688666462898254;0.9764354228973389;0.9794354438781738;0.9706521034240723;0.9776437282562256;0.9790729284286499;0.9802562594413757;0.9709374904632568;0.9842437505722046;0.9815541505813599;0.9770583510398865;0.9796500205993652;0.9803521037101746;0.9833583235740662;0.9764978885650635;0.9840145707130432;0.9818395972251892;0.9799249768257141;0.9821395874023438;0.9821208119392395;0.9815083146095276;0.9841895699501038;0.9839375019073486;0.9852937459945679;0.9851958155632019;0.9854479432106018;0.9841333627700806;0.9843103885650635;0.9848166704177856;0.9835354089736938;0.9852458238601685;0.9833396077156067;0.9815645813941956;0.9844812750816345;0.9853916764259338;0.9860979318618774;0.9844375252723694;0.9838625192642212;0.9850791692733765;0.9873354434967041;0.9847166538238525;0.9851354360580444;0.9864875078201294;0.9871333241462708;0.9867916703224182;0.9887708425521851;0.9879541397094727;0.9882375001907349;0.9888479113578796;0.9875125288963318;0.988545835018158;0.9879833459854126;0.9887604117393494;0.9892062544822693;0.9883833527565002;0.9893187284469604;0.9888520836830139;0.9889875054359436;0.9888166785240173;0.9890062212944031;0.9890000224113464;0.9889604449272156;0.9888625144958496;0.9889729022979736;0.9889729022979736;0.9889333248138428
4;ftnn-otf-f5d29f8f945f2a076cb6d316758a604c.hdf5;dense-256;0.8165812492370605;0.8740312457084656;0.9205458164215088;0.9134604334831238;0.939845860004425;0.9571478962898254;0.9448541402816772;0.969083309173584;0.9682916402816772;0.9719312787055969;0.965987503528595;0.9695833325386047;0.9712062478065491;0.9742500185966492;0.9693833589553833;0.9730145931243896;0.980593740940094;0.9687625169754028;0.9801958203315735;0.9762458205223083;0.9740853905677795;0.9755479097366333;0.9827916622161865;0.9812166690826416;0.9761687517166138;0.9829687476158142;0.9772166609764099;0.9798479080200195;0.9793000221252441;0.977456271648407;0.9787229299545288;0.9821125268936157;0.9834041595458984;0.9846583604812622;0.9826145768165588;0.9830020666122437;0.9813520908355713;0.9844396114349365;0.982685387134552;0.9836896061897278;0.9847791790962219;0.9848874807357788;0.9810749888420105;0.9852458238601685;0.9869541525840759;0.9859271049499512;0.982658326625824;0.9880750179290771;0.9849979281425476;0.9870979189872742;0.9845125079154968;0.9867500066757202;0.9869375228881836;0.9863874912261963;0.9870020747184753;0.986272931098938;0.9868645668029785;0.9849270582199097;0.986887514591217;0.9858291745185852;0.9865396022796631;0.9870312213897705;0.986106276512146;0.9865770936012268;0.9871270656585693;0.9880124926567078;0.9872562289237976;0.9871479272842407;0.9881041646003723;0.9870625138282776;0.9886083602905273;0.9883604049682617;0.9884541630744934;0.9882437586784363;0.9880562424659729;0.9882749915122986;0.9881229400634766;0.9878854155540466;0.9881749749183655;0.9881083369255066;0.9888333082199097;0.9885437488555908;0.9885291457176208;0.988391637802124;0.9888416528701782;0.988993763923645;0.988614559173584;0.9887250065803528;0.9887771010398865;0.9888812303543091;0.9888729453086853;0.9888166785240173;0.9886249899864197;0.988993763923645;0.9888833165168762;0.9889249801635742;0.9889895915985107;0.9890103936195374;0.9890249967575073;0.989035427570343
5;ftnn-otf-f5d29f8f945f2a076cb6d316758a604c.hdf5;dense-256;0.877693772315979;0.9309791922569275;0.9241333603858948;0.9483000040054321;0.9573000073432922;0.9557333588600159;0.971818745136261;0.9703166484832764;0.947502076625824;0.9772833585739136;0.9465833306312561;0.9657874703407288;0.9760812520980835;0.9775208234786987;0.9794874787330627;0.9757041931152344;0.9783375263214111;0.9797083139419556;0.9752770662307739;0.9795041680335999;0.9789708256721497;0.977118730545044;0.9812166690826416;0.9778228998184204;0.9790354371070862;0.9821187257766724;0.9842708110809326;0.9799520969390869;0.9822999835014343;0.9834583401679993;0.981487512588501;0.9826604127883911;0.9797750115394592;0.9800833463668823;0.9791353940963745;0.9777604341506958;0.9790729284286499;0.9842249751091003;0.9820479154586792;0.9853354096412659;0.9845458269119263;0.9840937256813049;0.983231246471405;0.9858250021934509;0.9877625107765198;0.9843562245368958;0.9820458292961121;0.9846791625022888;0.9839416742324829;0.9840645790100098;0.9860312342643738;0.981458306312561;0.9809979200363159;0.9840145707130432;0.983454167842865;0.9863604307174683;0.9834770560264587;0.9848458170890808;0.9845604300498962;0.9850166440010071;0.9855250120162964;0.9844041466712952;0.9868104457855225;0.9855124950408936;0.9848958253860474;0.9850624799728394;0.9863458275794983;0.9849666953086853;0.9854145646095276;0.9863625168800354;0.9848312735557556;0.985883355140686;0.9867520928382874;0.9857812523841858;0.9853479266166687;0.9856583476066589;0.9869812726974487;0.985925018787384;0.9873812794685364;0.9862104058265686;0.9872312545776367;0.9871562719345093;0.9872041940689087;0.986970841884613;0.9869604110717773;0.9872166514396667;0.9869812726974487;0.9876562356948853;0.9879291653633118;0.9873958230018616;0.9878749847412109;0.9874458312988281;0.9875208139419556;0.9876208305358887;0.987485408782959;0.9875603914260864;0.9877625107765198;0.9878146052360535;0.9878312349319458;0.9878687262535095
1;ftnn-otf-f5d29f8f945f2a076cb6d316758a604c.hdf5;dense-512;0.9418625235557556;0.8991333246231079;0.9608312249183655;0.9500937461853027;0.9388124942779541;0.9536083340644836;0.9675437211990356;0.9568583369255066;0.9672916531562805;0.9702208042144775;0.9564375281333923;0.9657708406448364;0.9708499908447266;0.9716312289237976;0.9742187261581421;0.9752187728881836;0.9787041544914246;0.9670270681381226;0.9785374999046326;0.9793583154678345;0.9711229205131531;0.9764103889465332;0.9796479344367981;0.9815958142280579;0.9831437468528748;0.9713270664215088;0.9805291891098022;0.9724166393280029;0.9803146123886108;0.9763479232788086;0.9821916818618774;0.9764708280563354;0.9820062518119812;0.9841458201408386;0.983870804309845;0.9749125242233276;0.9721166491508484;0.9845895767211914;0.9853687286376953;0.9828604459762573;0.9820812344551086;0.9848708510398865;0.9823625087738037;0.9812958240509033;0.9843083620071411;0.9850062727928162;0.984431266784668;0.9856395721435547;0.9851104021072388;0.9842708110809326;0.9850083589553833;0.9784895777702332;0.9844333529472351;0.9840333461761475;0.9830687642097473;0.9868270754814148;0.9851208329200745;0.9844708442687988;0.9824104309082031;0.9850083589553833;0.9852333068847656;0.9860958456993103;0.9863812327384949;0.9866208434104919;0.9825166463851929;0.9871749877929688;0.9870854020118713;0.9861770868301392;0.9849520921707153;0.9854645729064941;0.9835395812988281;0.9865208268165588;0.9863666892051697;0.9838728904724121;0.9845312237739563;0.9871854186058044;0.986050009727478;0.9851604104042053;0.9871041774749756;0.9866187572479248;0.987235426902771;0.9872333407402039;0.9870353937149048;0.9869062304496765;0.9867687225341797;0.9870937466621399;0.9867874979972839;0.9867020845413208;0.9875062704086304;0.9874250292778015;0.9873833060264587;0.9874604344367981;0.987583339214325;0.9874104261398315;0.9874895811080933;0.9873979091644287;0.9874541759490967;0.9875458478927612;0.9876166582107544;0.9876312613487244
2;ftnn-otf-f5d29f8f945f2a076cb6d316758a604c.hdf5;dense-512;0.9253249764442444;0.9357520937919617;0.9298583269119263;0.9586708545684814;0.9546833038330078;0.965624988079071;0.9416187405586243;0.9584458470344543;0.958285391330719;0.9576312303543091;0.9763520956039429;0.9720249772071838;0.963127076625824;0.9328312277793884;0.9631521105766296;0.976672887802124;0.9530624747276306;0.9710333347320557;0.9715354442596436;0.9760208129882812;0.979214608669281;0.9806541800498962;0.9771124720573425;0.9812771081924438;0.9730770587921143;0.9844499826431274;0.9737104177474976;0.9808145761489868;0.9840604066848755;0.9814375042915344;0.9721896052360535;0.9829896092414856;0.97677081823349;0.9827541708946228;0.9816750288009644;0.9862416386604309;0.9831229448318481;0.9841874837875366;0.9855437278747559;0.9868187308311462;0.979912519454956;0.9861770868301392;0.9802728891372681;0.9849708080291748;0.9775375127792358;0.9832562208175659;0.9852645993232727;0.9844291806221008;0.9849249720573425;0.983245849609375;0.9833187460899353;0.98231041431427;0.984847903251648;0.9854000210762024;0.9815791845321655;0.9852625131607056;0.9848291873931885;0.9849833250045776;0.9838791489601135;0.9845854043960571;0.9857562780380249;0.9856374859809875;0.9845583438873291;0.9858375191688538;0.985935389995575;0.9853166937828064;0.9861458539962769;0.9837395548820496;0.9846854209899902;0.9840770959854126;0.9834437370300293;0.9856104254722595;0.9863250255584717;0.9866291880607605;0.9868666529655457;0.987318754196167;0.9865520596504211;0.9864770770072937;0.9866229295730591;0.9880666732788086;0.9877166748046875;0.988031268119812;0.988141655921936;0.9879603981971741;0.9886124730110168;0.9885833263397217;0.9886645674705505;0.9884874820709229;0.9887229204177856;0.9889062643051147;0.9888604283332825;0.9890124797821045;0.9888979196548462;0.9890062212944031;0.9889895915985107;0.9890479445457458;0.9891250133514404;0.9891916513442993;0.9892312288284302;0.9892187714576721
3;ftnn-otf-f5d29f8f945f2a076cb6d316758a604c.hdf5;dense-512;0.9166062474250793;0.9284562468528748;0.9220374822616577;0.9537020921707153;0.9698979258537292;0.9575291872024536;0.968610405921936;0.969768762588501;0.9732812643051147;0.9710875153541565;0.9728291630744934;0.9743562340736389;0.965597927570343;0.9623687267303467;0.9756187796592712;0.9726958274841309;0.9758395552635193;0.9762416481971741;0.9815458059310913;0.9673020839691162;0.9815478920936584;0.9767875075340271;0.9787708520889282;0.980552077293396;0.971554160118103;0.9747083187103271;0.9801666736602783;0.9764062762260437;0.977456271648407;0.979589581489563;0.9793875217437744;0.9834041595458984;0.9808145761489868;0.9780770540237427;0.98394376039505;0.9798645973205566;0.9825270771980286;0.9770625233650208;0.9757187366485596;0.9805812239646912;0.9823583364486694;0.9818333387374878;0.984541654586792;0.9805166721343994;0.9815208315849304;0.9821937680244446;0.9844270944595337;0.9850521087646484;0.9827062487602234;0.9833791851997375;0.984472930431366;0.987152099609375;0.9858729243278503;0.9819062352180481;0.9865208268165588;0.9846125245094299;0.9817895889282227;0.9860958456993103;0.9832770824432373;0.9849916696548462;0.9845499992370605;0.9838416576385498;0.9865978956222534;0.9832687377929688;0.9860270619392395;0.9850833415985107;0.9833624958992004;0.9866437315940857;0.9844270944595337;0.987725019454956;0.9862958192825317;0.9873479008674622;0.9860666394233704;0.987500011920929;0.9868166446685791;0.9876354336738586;0.9874916672706604;0.9874250292778015;0.9882041811943054;0.9880437254905701;0.9880041480064392;0.9885666370391846;0.9885625243186951;0.9891812205314636;0.9883854389190674;0.9888646006584167;0.98828125;0.9891729354858398;0.9889583587646484;0.9891791939735413;0.9891687631607056;0.9893854260444641;0.989243745803833;0.9893624782562256;0.9894833564758301;0.9895479083061218;0.9895708560943604;0.9896208047866821;0.9896416664123535;0.9896249771118164
4;ftnn-otf-f5d29f8f945f2a076cb6d316758a604c.hdf5;dense-512;0.9251562356948853;0.8502416610717773;0.9315375089645386;0.9579458236694336;0.9616020917892456;0.961441695690155;0.9689103960990906;0.970883309841156;0.9702458381652832;0.9638291597366333;0.9780604243278503;0.9748708605766296;0.970883309841156;0.9722166657447815;0.9727187752723694;0.9734958410263062;0.969545841217041;0.972489595413208;0.9770041704177856;0.9761583209037781;0.9768520593643188;0.9794625043869019;0.9840437769889832;0.9747250080108643;0.9785228967666626;0.9807521104812622;0.9727895855903625;0.9810291528701782;0.9793499708175659;0.9806937575340271;0.9806583523750305;0.9830354452133179;0.985156238079071;0.9816562533378601;0.9850687384605408;0.9795041680335999;0.9852645993232727;0.9844229221343994;0.9819562435150146;0.9868062734603882;0.9799854159355164;0.985602080821991;0.9819562435150146;0.984920859336853;0.975516676902771;0.9867791533470154;0.9860583543777466;0.9838770627975464;0.9843645691871643;0.9859416484832764;0.9830687642097473;0.9852916598320007;0.9834312796592712;0.9868749976158142;0.9851437211036682;0.9845395684242249;0.985281229019165;0.9839208126068115;0.9847041964530945;0.9858250021934509;0.9845958352088928;0.985185444355011;0.9863770604133606;0.9863062500953674;0.9860854148864746;0.9875229001045227;0.9865583181381226;0.9856270551681519;0.9859041571617126;0.98664790391922;0.9863854050636292;0.9857979416847229;0.9835854172706604;0.9834520816802979;0.9871125221252441;0.9866333603858948;0.9854103922843933;0.9867270588874817;0.9859145879745483;0.98807293176651;0.9871458411216736;0.9871895909309387;0.9865458607673645;0.987333357334137;0.986814558506012;0.9869124889373779;0.9867958426475525;0.9872729182243347;0.9873999953269958;0.9874125123023987;0.9870749711990356;0.9873062372207642;0.9872833490371704;0.987345814704895;0.987220823764801;0.9873729348182678;0.9873979091644287;0.987500011920929;0.9875354170799255;0.9875645637512207
5;ftnn-otf-f5d29f8f945f2a076cb6d316758a604c.hdf5;dense-512;0.9113854169845581;0.9295125007629395;0.9503853917121887;0.9523770809173584;0.958774983882904;0.9696937203407288;0.9613770842552185;0.9602521061897278;0.968681275844574;0.9730625152587891;0.9758791923522949;0.9739583134651184;0.9781875014305115;0.9693396091461182;0.9749521017074585;0.9686708450317383;0.9814541935920715;0.9695270657539368;0.9806749820709229;0.975210428237915;0.9731833338737488;0.9797583222389221;0.9805833101272583;0.9840854406356812;0.9783562421798706;0.9815791845321655;0.9832166433334351;0.9854124784469604;0.9815895557403564;0.9835687279701233;0.9703354239463806;0.9856562614440918;0.9692500233650208;0.9839812517166138;0.9857395887374878;0.9866833090782166;0.9845541715621948;0.9762458205223083;0.9826062321662903;0.9852374792098999;0.9831646084785461;0.980941653251648;0.9850083589553833;0.9866333603858948;0.9856833219528198;0.9846603870391846;0.9832854270935059;0.9856812357902527;0.9831374883651733;0.984318733215332;0.9859937429428101;0.9862750172615051;0.9846541881561279;0.9829229116439819;0.9856562614440918;0.9860728979110718;0.9813520908355713;0.9855104088783264;0.9823395609855652;0.9867291450500488;0.9871062636375427;0.985004186630249;0.9850521087646484;0.9854708313941956;0.9867083430290222;0.9867020845413208;0.9864437580108643;0.9870291948318481;0.9861687421798706;0.9872270822525024;0.9873791933059692;0.9871687293052673;0.9864104390144348;0.9873291850090027;0.9851250052452087;0.9868958592414856;0.9863020777702332;0.9860187768936157;0.9879541397094727;0.9871624708175659;0.9871500134468079;0.9877271056175232;0.9868645668029785;0.986370861530304;0.9868187308311462;0.9875395894050598;0.9878958463668823;0.9878666400909424;0.9876583218574524;0.987766683101654;0.9873020648956299;0.9876458048820496;0.987345814704895;0.9874479174613953;0.9874749779701233;0.9874104261398315;0.9875749945640564;0.9876187443733215;0.9876770973205566;0.9876687526702881
1;ftnn-otf-f5d29f8f945f2a076cb6d316758a604c.hdf5;dense-1024;0.9278708100318909;0.9434770941734314;0.930358350276947;0.9671916961669922;0.9694374799728394;0.9725250005722046;0.9580374956130981;0.9753187298774719;0.9701687693595886;0.9743229150772095;0.9696958065032959;0.9674979448318481;0.9714583158493042;0.969322919845581;0.9677146077156067;0.9692749977111816;0.9771104454994202;0.9500854015350342;0.9659479260444641;0.9678270816802979;0.9761270880699158;0.9636833071708679;0.9733562469482422;0.9732103943824768;0.9787166714668274;0.9764312505722046;0.9799062609672546;0.9797375202178955;0.9795083403587341;0.9817770719528198;0.9779604077339172;0.973827064037323;0.9759395718574524;0.9845166802406311;0.9807166457176208;0.9808979034423828;0.9822729229927063;0.9807687401771545;0.9815187454223633;0.983620822429657;0.9839603900909424;0.9759833216667175;0.9836437702178955;0.9798437356948853;0.9842875003814697;0.9823499917984009;0.9840103983879089;0.9836520552635193;0.9840916395187378;0.9846416711807251;0.9809104204177856;0.9856208562850952;0.9777791500091553;0.9833208322525024;0.9826812744140625;0.9860520958900452;0.9858124852180481;0.9846228957176208;0.9860625267028809;0.9855354428291321;0.9860937595367432;0.9859458208084106;0.986133337020874;0.9858437776565552;0.9862895607948303;0.9845749735832214;0.9871583580970764;0.9864374995231628;0.9852874875068665;0.9869979023933411;0.9851416945457458;0.9845312237739563;0.9868500232696533;0.9860479235649109;0.9871146082878113;0.9861500263214111;0.984291672706604;0.9871729016304016;0.9876187443733215;0.9872854351997375;0.9866187572479248;0.9876750111579895;0.9878937602043152;0.9871187210083008;0.9870291948318481;0.9867770671844482;0.9878666400909424;0.9874541759490967;0.9877833127975464;0.9876291751861572;0.9875895977020264;0.9875375032424927;0.987693727016449;0.9875541925430298;0.9875603914260864;0.9876124858856201;0.9876312613487244;0.9876875281333923;0.9877125024795532;0.9877437353134155
2;ftnn-otf-f5d29f8f945f2a076cb6d316758a604c.hdf5;dense-1024;0.9087083339691162;0.9573000073432922;0.9556520581245422;0.9568479061126709;0.9087458252906799;0.9533395767211914;0.9723666906356812;0.9627083539962769;0.9631312489509583;0.9452124834060669;0.9708479046821594;0.9647062420845032;0.9754437208175659;0.9632270932197571;0.9708771109580994;0.9734395742416382;0.9415500164031982;0.9759874939918518;0.975697934627533;0.9805895686149597;0.9645812511444092;0.9777125120162964;0.9798833131790161;0.981389582157135;0.9793145656585693;0.9797083139419556;0.9703937768936157;0.975668728351593;0.974008321762085;0.9797478914260864;0.9761375188827515;0.9786978960037231;0.9753312468528748;0.9816104173660278;0.9774437546730042;0.9816562533378601;0.9820562601089478;0.9808124899864197;0.9814812541007996;0.9797312617301941;0.974679172039032;0.9829333424568176;0.9811187386512756;0.9829791784286499;0.9810166954994202;0.9844270944595337;0.9827229380607605;0.9834604263305664;0.9862708449363708;0.9839312434196472;0.9852708578109741;0.9826771020889282;0.983802080154419;0.9839729070663452;0.9860395789146423;0.9858208298683167;0.9844541549682617;0.9864603877067566;0.9873833060264587;0.9860249757766724;0.9841874837875366;0.9859750270843506;0.9863083362579346;0.9850395917892456;0.986285388469696;0.9868521094322205;0.9843166470527649;0.9861541390419006;0.9860228896141052;0.9872458577156067;0.9864854216575623;0.9881812334060669;0.9850812554359436;0.9876916408538818;0.9876583218574524;0.9870625138282776;0.9876750111579895;0.9877604246139526;0.9879103899002075;0.9886687397956848;0.9881812334060669;0.9884520769119263;0.9885270595550537;0.9889187216758728;0.9885979294776917;0.9888937473297119;0.9882104396820068;0.9886083602905273;0.9886354207992554;0.9887708425521851;0.9889187216758728;0.9887833595275879;0.988910436630249;0.9889833331108093;0.988937497138977;0.9890124797821045;0.9891020655632019;0.989160418510437;0.9891729354858398;0.9891645908355713
3;ftnn-otf-f5d29f8f945f2a076cb6d316758a604c.hdf5;dense-1024;0.936689555644989;0.9045125246047974;0.9354000091552734;0.96236252784729;0.9721312522888184;0.9555395841598511;0.9616749882698059;0.9611541628837585;0.9727228879928589;0.9662333130836487;0.9674562215805054;0.9607958197593689;0.9742437601089478;0.9784770607948303;0.9752020835876465;0.9803104400634766;0.9715645909309387;0.9712416529655457;0.9677854180335999;0.9757978916168213;0.9659208059310913;0.9774854183197021;0.9735291600227356;0.9803104400634766;0.971735417842865;0.9792687296867371;0.9793145656585693;0.9800166487693787;0.9786875247955322;0.9860125184059143;0.9811021089553833;0.979339599609375;0.9747583270072937;0.9775937795639038;0.9826291799545288;0.9835270643234253;0.9838791489601135;0.9806249737739563;0.9815375208854675;0.9823874831199646;0.9850624799728394;0.9846041798591614;0.9788374900817871;0.9830729365348816;0.9846603870391846;0.9789896011352539;0.9832562208175659;0.9840645790100098;0.9801687598228455;0.983760416507721;0.9852083325386047;0.9779958128929138;0.9856395721435547;0.9856937527656555;0.9853583574295044;0.9877271056175232;0.9860125184059143;0.9865583181381226;0.9853812456130981;0.9873771071434021;0.9817083477973938;0.9845104217529297;0.9862041473388672;0.9846645593643188;0.9847562313079834;0.9863728880882263;0.9863125085830688;0.9829145669937134;0.9838333129882812;0.986579179763794;0.9864687323570251;0.9877562522888184;0.986383318901062;0.9876541495323181;0.9858062267303467;0.9876687526702881;0.9861937761306763;0.9879666566848755;0.9868896007537842;0.9878812432289124;0.9876499772071838;0.9877041578292847;0.988183319568634;0.9877020716667175;0.9876354336738586;0.9874666929244995;0.9881520867347717;0.9881874918937683;0.9880750179290771;0.9881854057312012;0.9883062243461609;0.9882291555404663;0.9880979061126709;0.9881916642189026;0.9881395697593689;0.9881791472434998;0.9881770610809326;0.988254189491272;0.9883124828338623;0.9883354306221008
4;ftnn-otf-f5d29f8f945f2a076cb6d316758a604c.hdf5;dense-1024;0.9218270778656006;0.9129250049591064;0.9469208121299744;0.9616187214851379;0.9390395879745483;0.9624103903770447;0.9678083062171936;0.9595062732696533;0.970716655254364;0.9603999853134155;0.9687937498092651;0.9768187403678894;0.9692749977111816;0.9685145616531372;0.9689708352088928;0.9762750267982483;0.9737979173660278;0.970060408115387;0.9726958274841309;0.9750562310218811;0.9792895913124084;0.9780625104904175;0.9782187342643738;0.9783291816711426;0.9723791480064392;0.978752076625824;0.9803479313850403;0.9824479222297668;0.9790874719619751;0.9772458076477051;0.9821270704269409;0.983162522315979;0.981333315372467;0.9815124869346619;0.9835708141326904;0.979912519454956;0.9837312698364258;0.9858083128929138;0.9783312678337097;0.9800708293914795;0.98438960313797;0.9811624884605408;0.9812395572662354;0.9830062389373779;0.9836541414260864;0.985393762588501;0.9790041446685791;0.9847312569618225;0.983231246471405;0.9873020648956299;0.9845687747001648;0.9796000123023987;0.982379138469696;0.982268750667572;0.9846875071525574;0.9850791692733765;0.9797645807266235;0.9853895902633667;0.9845874905586243;0.9852187633514404;0.98438960313797;0.9832687377929688;0.9868270754814148;0.9859187602996826;0.985925018787384;0.9850437641143799;0.9851624965667725;0.987027108669281;0.9858729243278503;0.9864521026611328;0.9853041768074036;0.9864624738693237;0.9872395992279053;0.9856916666030884;0.9858020544052124;0.9872416853904724;0.9872812628746033;0.9888437390327454;0.9888791441917419;0.9885583519935608;0.988114595413208;0.9885125160217285;0.989175021648407;0.9886999726295471;0.9893291592597961;0.9887791872024536;0.9894895553588867;0.9894396066665649;0.9892770648002625;0.9894229173660278;0.9894478917121887;0.9896854162216187;0.9894916415214539;0.9896479249000549;0.9896770715713501;0.9897354245185852;0.9897375106811523;0.9897687435150146;0.989831268787384;0.9898124933242798
5;ftnn-otf-f5d29f8f945f2a076cb6d316758a604c.hdf5;dense-1024;0.9307146072387695;0.9083666801452637;0.9646103978157043;0.9612646102905273;0.9573291540145874;0.9406562447547913;0.9578478932380676;0.965833306312561;0.9663375020027161;0.9515666961669922;0.9711166620254517;0.9708583354949951;0.9708874821662903;0.9678458571434021;0.9769271016120911;0.9621895551681519;0.9750166535377502;0.9779083132743835;0.9666666388511658;0.9750645756721497;0.977441668510437;0.982435405254364;0.9762271046638489;0.9765812754631042;0.9731458425521851;0.9731916785240173;0.9755749702453613;0.9773374795913696;0.9782062768936157;0.9828500151634216;0.9786875247955322;0.9747458100318909;0.9772062301635742;0.9808541536331177;0.9768103957176208;0.9802562594413757;0.9811541438102722;0.9836583137512207;0.9709458351135254;0.9824000000953674;0.9787124991416931;0.9818270802497864;0.9839249849319458;0.9834874868392944;0.9827041625976562;0.982866644859314;0.985254168510437;0.9857562780380249;0.985435426235199;0.9807270765304565;0.9794604182243347;0.9788874983787537;0.9843145608901978;0.9832416772842407;0.985435426235199;0.9865833520889282;0.9835854172706604;0.9846270680427551;0.9872000217437744;0.9845728874206543;0.9812812209129333;0.9866833090782166;0.9869750142097473;0.9857020974159241;0.9872645735740662;0.9850500226020813;0.9873625040054321;0.9866520762443542;0.9871854186058044;0.9847958087921143;0.986314594745636;0.9848958253860474;0.9847375154495239;0.9866625070571899;0.9859750270843506;0.9863687753677368;0.9854312539100647;0.9866979122161865;0.9869916439056396;0.9866812229156494;0.9876291751861572;0.9876041412353516;0.9873791933059692;0.9866458177566528;0.9874646067619324;0.9878228902816772;0.9876187443733215;0.9877520799636841;0.9882166385650635;0.9879500269889832;0.9879666566848755;0.9879958629608154;0.987708330154419;0.9878458380699158;0.9877541661262512;0.9877958297729492;0.9878666400909424;0.9879000186920166;0.9879458546638489;0.9879541397094727
1;ftnn-otf-f5d29f8f945f2a076cb6d316758a604c.hdf5;dense-2048;0.8910958170890808;0.9485853910446167;0.9571083188056946;0.9534354209899902;0.953389585018158;0.971720814704895;0.9630812406539917;0.9553583264350891;0.9593250155448914;0.9670104384422302;0.9773062467575073;0.9704145789146423;0.9696624875068665;0.9748250246047974;0.9783312678337097;0.9743604063987732;0.9784791469573975;0.9762625098228455;0.978668749332428;0.9705791473388672;0.9758562445640564;0.9692749977111816;0.976854145526886;0.9800312519073486;0.97862708568573;0.9706666469573975;0.9814437627792358;0.9835458397865295;0.9812958240509033;0.9776458144187927;0.9829041957855225;0.9816770553588867;0.9830250144004822;0.9801166653633118;0.9861354231834412;0.98189377784729;0.9827208518981934;0.9859583377838135;0.9810937643051147;0.9828958511352539;0.9830479025840759;0.9837478995323181;0.9834625124931335;0.9772729277610779;0.978347897529602;0.9862562417984009;0.9841771125793457;0.9824958443641663;0.9853770732879639;0.985295832157135;0.9844458103179932;0.9851250052452087;0.9854229092597961;0.9839562773704529;0.9858562350273132;0.9848041534423828;0.9855583310127258;0.9861729145050049;0.9836833477020264;0.9872333407402039;0.9846208095550537;0.98600834608078;0.9862104058265686;0.9851666688919067;0.9850083589553833;0.9869624972343445;0.9845520853996277;0.9840478897094727;0.9856833219528198;0.9828479290008545;0.9858187437057495;0.9853291511535645;0.9847687482833862;0.9861875176429749;0.9871458411216736;0.986762523651123;0.9859416484832764;0.9871458411216736;0.987333357334137;0.9877291917800903;0.9883687496185303;0.9879124760627747;0.9876312613487244;0.9869020581245422;0.9876020550727844;0.9878374934196472;0.9874874949455261;0.9876750111579895;0.987777054309845;0.9879603981971741;0.9878208041191101;0.9878979325294495;0.9878812432289124;0.9877208471298218;0.9877541661262512;0.9878979325294495;0.9878708124160767;0.9878979325294495;0.9879999756813049;0.9880333542823792
2;ftnn-otf-f5d29f8f945f2a076cb6d316758a604c.hdf5;dense-2048;0.918302059173584;0.9337854385375977;0.9192562699317932;0.9437770843505859;0.9598958492279053;0.9708062410354614;0.9394000172615051;0.9596187472343445;0.9713729023933411;0.9759937524795532;0.9769041538238525;0.971845805644989;0.9749875068664551;0.9683374762535095;0.9741166830062866;0.9738062620162964;0.971485435962677;0.9731416702270508;0.9759041666984558;0.9778416752815247;0.9696812629699707;0.9733083248138428;0.9793437719345093;0.9773353934288025;0.9758354425430298;0.9805853962898254;0.9806874990463257;0.9716770648956299;0.9775708317756653;0.9785166382789612;0.9793999791145325;0.9797208309173584;0.9813979268074036;0.9814645648002625;0.9828020930290222;0.9751958250999451;0.9846770763397217;0.975335419178009;0.9829937219619751;0.9830020666122437;0.9840770959854126;0.9803895950317383;0.980635404586792;0.9869187474250793;0.9772020578384399;0.9844937324523926;0.9814916849136353;0.9814229011535645;0.9849749803543091;0.9828020930290222;0.9834083318710327;0.9808771014213562;0.9790624976158142;0.9844874739646912;0.9838937520980835;0.9837916493415833;0.9861729145050049;0.9851416945457458;0.9863166809082031;0.9851958155632019;0.9863125085830688;0.9817354083061218;0.9860146045684814;0.9860666394233704;0.9843416810035706;0.9866958260536194;0.986731231212616;0.9863791465759277;0.9863520860671997;0.9869020581245422;0.9857083559036255;0.9861270785331726;0.9862229228019714;0.9873437285423279;0.9876645803451538;0.9858062267303467;0.9875708222389221;0.9857083559036255;0.9872416853904724;0.9873999953269958;0.9873958230018616;0.9867437481880188;0.9858270883560181;0.9878791570663452;0.9873979091644287;0.9876166582107544;0.9885979294776917;0.9876291751861572;0.9876416921615601;0.9879354238510132;0.9877020716667175;0.9880437254905701;0.9877166748046875;0.9877229332923889;0.9876624941825867;0.9878687262535095;0.9877729415893555;0.9878625273704529;0.9879520535469055;0.987989604473114
3;ftnn-otf-f5d29f8f945f2a076cb6d316758a604c.hdf5;dense-2048;0.9454479217529297;0.9346895813941956;0.9600333571434021;0.9558520913124084;0.9531312584877014;0.9496374726295471;0.9623708128929138;0.9645479321479797;0.9651791453361511;0.9536145925521851;0.9736104011535645;0.9726125001907349;0.9699895977973938;0.9661625027656555;0.9681791663169861;0.9701916575431824;0.9720104336738586;0.9705208539962769;0.9691270589828491;0.9590791463851929;0.9704979062080383;0.9710000157356262;0.9741041660308838;0.9765375256538391;0.977343738079071;0.9751833081245422;0.9715666770935059;0.9755645990371704;0.9486937522888184;0.9725541472434998;0.9783375263214111;0.9731583595275879;0.973354160785675;0.9816458225250244;0.9759145975112915;0.9747375249862671;0.977358341217041;0.9735375046730042;0.9806187748908997;0.980427086353302;0.9825916886329651;0.979589581489563;0.9792104363441467;0.9836395978927612;0.9800958037376404;0.979324996471405;0.9816250205039978;0.9793645739555359;0.9809166789054871;0.9801937341690063;0.9817854166030884;0.9798874855041504;0.9838333129882812;0.981764554977417;0.985310435295105;0.9831874966621399;0.9855291843414307;0.9827625155448914;0.9843166470527649;0.984375;0.9843812584877014;0.9829958081245422;0.9868666529655457;0.9833333492279053;0.9850583076477051;0.9848083257675171;0.9851604104042053;0.9847396016120911;0.9856333136558533;0.9850583076477051;0.9850541949272156;0.9864146113395691;0.9859291911125183;0.9854416847229004;0.9865312576293945;0.9861812591552734;0.9854229092597961;0.9865750074386597;0.9859208464622498;0.9861500263214111;0.986772894859314;0.9870749711990356;0.9849728941917419;0.9867687225341797;0.987333357334137;0.9862750172615051;0.9860854148864746;0.9872458577156067;0.9870666861534119;0.9868666529655457;0.9872479438781738;0.9871770739555359;0.9871562719345093;0.9873250126838684;0.987027108669281;0.9870312213897705;0.9870166778564453;0.9871000051498413;0.9871291518211365;0.9871291518211365
4;ftnn-otf-f5d29f8f945f2a076cb6d316758a604c.hdf5;dense-2048;0.9431437253952026;0.937874972820282;0.9550729393959045;0.9673895835876465;0.9715937376022339;0.9673874974250793;0.970060408115387;0.9693958163261414;0.9695208072662354;0.9681312441825867;0.9726958274841309;0.970060408115387;0.9784166812896729;0.9695062637329102;0.9779166579246521;0.9710603952407837;0.9712395668029785;0.9770500063896179;0.9764770865440369;0.9742979407310486;0.9759687781333923;0.9760208129882812;0.9815208315849304;0.9832937717437744;0.9806728959083557;0.9735145568847656;0.980427086353302;0.9815333485603333;0.9795583486557007;0.9811103940010071;0.9789708256721497;0.9833041429519653;0.9806728959083557;0.9802416563034058;0.9784937500953674;0.9760770797729492;0.973212480545044;0.9804208278656006;0.9783333539962769;0.9805625081062317;0.9837812781333923;0.9805145859718323;0.9816374778747559;0.9810228943824768;0.9788687229156494;0.9834041595458984;0.9840604066848755;0.9840312600135803;0.985212504863739;0.983537495136261;0.9817666411399841;0.9836021065711975;0.9855999946594238;0.9838395714759827;0.9853208065032959;0.9852729439735413;0.9865437746047974;0.9826354384422302;0.9841562509536743;0.9825312495231628;0.9851666688919067;0.9862541556358337;0.9844687581062317;0.9866041541099548;0.98459792137146;0.9867062568664551;0.9853875041007996;0.9846624732017517;0.9861833453178406;0.9858229160308838;0.9848312735557556;0.9844499826431274;0.9864437580108643;0.9854437708854675;0.9855708479881287;0.9867958426475525;0.9863937497138977;0.9866333603858948;0.9876145720481873;0.9870229363441467;0.9873104095458984;0.9870979189872742;0.9874229431152344;0.987110435962677;0.9876624941825867;0.9867541790008545;0.987777054309845;0.9877520799636841;0.9876770973205566;0.9879416823387146;0.9880333542823792;0.9878791570663452;0.9878708124160767;0.9880104064941406;0.9883021116256714;0.9882208108901978;0.9883333444595337;0.9883562326431274;0.988406240940094;0.9884041547775269
5;ftnn-otf-f5d29f8f945f2a076cb6d316758a604c.hdf5;dense-2048;0.9036853909492493;0.9306291937828064;0.9548104405403137;0.9448333382606506;0.9419603943824768;0.9647853970527649;0.9605645537376404;0.9674562215805054;0.9718499779701233;0.9682937264442444;0.9548354148864746;0.9729104042053223;0.9528291821479797;0.9672771096229553;0.9755291938781738;0.9472625255584717;0.9749374985694885;0.9718541502952576;0.9647020697593689;0.9757000207901001;0.9768416881561279;0.9821979403495789;0.9693895578384399;0.942758321762085;0.9655520915985107;0.9805395603179932;0.9787604212760925;0.9769708514213562;0.96277916431427;0.9795395731925964;0.9781895875930786;0.98069167137146;0.9814229011535645;0.979533314704895;0.9787979125976562;0.9805625081062317;0.9775645732879639;0.9820062518119812;0.9838041663169861;0.9784687757492065;0.9831416606903076;0.98048335313797;0.9808958172798157;0.9808562397956848;0.9826916456222534;0.9842395782470703;0.9761770963668823;0.9864583611488342;0.9820687770843506;0.9833541512489319;0.9844458103179932;0.9842395782470703;0.9816374778747559;0.9846000075340271;0.9842062592506409;0.9839583039283752;0.9850000143051147;0.985322892665863;0.9869499802589417;0.9849958419799805;0.98436039686203;0.9852749705314636;0.9857291579246521;0.985170841217041;0.9823083281517029;0.9850521087646484;0.9844708442687988;0.9853249788284302;0.9839249849319458;0.985545814037323;0.9859374761581421;0.9851104021072388;0.9860146045684814;0.986762523651123;0.9839812517166138;0.9844041466712952;0.9847999811172485;0.9866458177566528;0.9850562214851379;0.9859041571617126;0.9862979054450989;0.985925018787384;0.9856104254722595;0.9852520823478699;0.9871291518211365;0.9860749840736389;0.9869791865348816;0.9871166944503784;0.9872958064079285;0.9871333241462708;0.9867041707038879;0.9869771003723145;0.9869354367256165;0.9868000149726868;0.9869895577430725;0.9869604110717773;0.9869833588600159;0.9870979189872742;0.9871833324432373;0.9872021079063416
1;ftnn-otf-f5d29f8f945f2a076cb6d316758a604c.hdf5;dense-128-128;0.9454458355903625;0.9698458313941956;0.9654333591461182;0.9775687456130981;0.9806646108627319;0.9581896066665649;0.9652104377746582;0.9828791618347168;0.9827312231063843;0.9797250032424927;0.9855583310127258;0.9869458079338074;0.9820749759674072;0.9814833402633667;0.986258327960968;0.9740354418754578;0.9733895659446716;0.979854166507721;0.9868375062942505;0.9739937782287598;0.9792895913124084;0.980650007724762;0.9872479438781738;0.9808958172798157;0.987777054309845;0.9864833354949951;0.9880604147911072;0.9733458161354065;0.9860104322433472;0.9896458387374878;0.9835333228111267;0.9808916449546814;0.9833396077156067;0.987527072429657;0.9876291751861572;0.987568736076355;0.991016685962677;0.9920562505722046;0.9873625040054321;0.989799976348877;0.9916124939918518;0.9885062575340271;0.9923833608627319;0.987708330154419;0.9909708499908447;0.9914437532424927;0.9944833517074585;0.993149995803833;0.9884833097457886;0.9950146079063416;0.9914770722389221;0.9899250268936157;0.9876166582107544;0.9939062595367432;0.9881208539009094;0.9938645958900452;0.9909937381744385;0.9954833388328552;0.9941853880882263;0.9925062656402588;0.9953312277793884;0.986064612865448;0.9958103895187378;0.9899874925613403;0.9897124767303467;0.9945520758628845;0.9958770871162415;0.9958978891372681;0.9960437417030334;0.9911708235740662;0.996999979019165;0.9957770705223083;0.9945999979972839;0.9969499707221985;0.9973458051681519;0.9975270628929138;0.9969416856765747;0.9930020570755005;0.9975000023841858;0.9971479177474976;0.9950458407402039;0.9948791861534119;0.9975937604904175;0.9978500008583069;0.9975395798683167;0.9977124929428101;0.9980978965759277;0.9964146018028259;0.9973187446594238;0.9978958368301392;0.9980062246322632;0.9981541633605957;0.9985708594322205;0.9985833168029785;0.9983062744140625;0.998449981212616;0.9984187483787537;0.9985604286193848;0.9986687302589417;0.9986958503723145
2;ftnn-otf-f5d29f8f945f2a076cb6d316758a604c.hdf5;dense-128-128;0.9338250160217285;0.9502354264259338;0.9650437235832214;0.9670395851135254;0.9770187735557556;0.9810041785240173;0.9822333455085754;0.9865000247955322;0.9861312508583069;0.9855833053588867;0.9859312772750854;0.9881604313850403;0.9849937558174133;0.9838270545005798;0.9801750183105469;0.9469312429428101;0.9622770547866821;0.9858645796775818;0.9736499786376953;0.9892041683197021;0.987345814704895;0.982366681098938;0.9867395758628845;0.9870479106903076;0.9900833368301392;0.9829375147819519;0.9792354106903076;0.9872479438781738;0.9897000193595886;0.9867395758628845;0.9902791380882263;0.9907749891281128;0.9865103960037231;0.9917958378791809;0.9910895824432373;0.9906666874885559;0.9916020631790161;0.9882875084877014;0.9889958500862122;0.9886854290962219;0.9883478879928589;0.9866499900817871;0.993441641330719;0.9904583096504211;0.9926000237464905;0.9856937527656555;0.9935916662216187;0.9882104396820068;0.9904833436012268;0.9921770691871643;0.9935479164123535;0.9930291771888733;0.9932958483695984;0.9914083480834961;0.991058349609375;0.989187479019165;0.9906499981880188;0.992562472820282;0.9945625066757202;0.9883333444595337;0.9944896101951599;0.9915437698364258;0.9949708580970764;0.9933229088783264;0.9950374960899353;0.9941145777702332;0.9948083162307739;0.9912562370300293;0.9956708550453186;0.99588543176651;0.9954833388328552;0.9957979321479797;0.9954333305358887;0.9945312738418579;0.9931271076202393;0.994949996471405;0.9962478876113892;0.9961812496185303;0.9953166842460632;0.9957645535469055;0.9942145943641663;0.9965958595275879;0.9924291372299194;0.9968354105949402;0.9971728920936584;0.9939979314804077;0.9970104098320007;0.9972416758537292;0.9974395632743835;0.9967874884605408;0.9977895617485046;0.9974374771118164;0.9978749752044678;0.9975270628929138;0.997070848941803;0.9974145889282227;0.9975728988647461;0.9977291822433472;0.9978333115577698;0.9979187250137329
3;ftnn-otf-f5d29f8f945f2a076cb6d316758a604c.hdf5;dense-128-128;0.9323833584785461;0.9361312389373779;0.9431208372116089;0.9711937308311462;0.9584145545959473;0.9440729022026062;0.9366833567619324;0.9570000171661377;0.9677374958992004;0.975974977016449;0.9729520678520203;0.9782395958900452;0.9330437779426575;0.9805729389190674;0.9780604243278503;0.9734916687011719;0.9726687669754028;0.9580062627792358;0.9807021021842957;0.9599124789237976;0.9830833077430725;0.977649986743927;0.9831249713897705;0.9742145538330078;0.9827104210853577;0.9788583517074585;0.9799937605857849;0.9798625111579895;0.9781437516212463;0.9793729186058044;0.9812187552452087;0.9831874966621399;0.9836395978927612;0.9808979034423828;0.9858041405677795;0.9816374778747559;0.9770728945732117;0.9853249788284302;0.9840978980064392;0.9802833199501038;0.9839624762535095;0.9858854413032532;0.9856770634651184;0.9877833127975464;0.9840354323387146;0.987808346748352;0.9873895645141602;0.9867458343505859;0.9894478917121887;0.9880541563034058;0.9832541942596436;0.9913874864578247;0.9883562326431274;0.9908812642097473;0.9912312626838684;0.9911562204360962;0.9919916391372681;0.9815396070480347;0.9861812591552734;0.9912770986557007;0.9925604462623596;0.9928708076477051;0.9697791934013367;0.9930499792098999;0.9913041591644287;0.9881625175476074;0.9909250140190125;0.9888291954994202;0.9940375089645386;0.994097888469696;0.9931020736694336;0.9945208430290222;0.9944103956222534;0.9951291680335999;0.9951395988464355;0.9934729337692261;0.9957708120346069;0.9929229021072388;0.9961228966712952;0.9964583516120911;0.9966187477111816;0.9961291551589966;0.9970354437828064;0.9968416690826416;0.9972187280654907;0.9971187710762024;0.9972708225250244;0.9966166615486145;0.9978041648864746;0.9970583319664001;0.9980437755584717;0.9974645972251892;0.9978291392326355;0.998060405254364;0.9975791573524475;0.99793541431427;0.9978770613670349;0.9981708526611328;0.9983603954315186;0.9984020590782166
4;ftnn-otf-f5d29f8f945f2a076cb6d316758a604c.hdf5;dense-128-128;0.9321749806404114;0.9475395679473877;0.9743666648864746;0.9658520817756653;0.9691354036331177;0.9670125246047974;0.9757583141326904;0.9787958264350891;0.9678750038146973;0.9489208459854126;0.9579479098320007;0.9819916486740112;0.9499020576477051;0.9790666699409485;0.982616662979126;0.9779208302497864;0.9621687531471252;0.9835208058357239;0.9769979119300842;0.9822937250137329;0.9670583605766296;0.9853729009628296;0.9849083423614502;0.9838770627975464;0.9850645661354065;0.9799041748046875;0.9859874844551086;0.9696791768074036;0.953514575958252;0.9619500041007996;0.9671604037284851;0.9824937582015991;0.986772894859314;0.9875395894050598;0.9863874912261963;0.9872145652770996;0.989747941493988;0.9583583474159241;0.9744353890419006;0.9803603887557983;0.9893541932106018;0.9867812395095825;0.9874312281608582;0.9858229160308838;0.9852104187011719;0.9879270792007446;0.9872229099273682;0.9902791380882263;0.9909771084785461;0.9884333610534668;0.9908937215805054;0.9899520874023438;0.9907146096229553;0.990627110004425;0.9907374978065491;0.988337516784668;0.98848956823349;0.9865708351135254;0.9921979308128357;0.9907249808311462;0.9902353882789612;0.9913687705993652;0.9903979301452637;0.9908021092414856;0.990414559841156;0.9906895756721497;0.9923083186149597;0.9925020933151245;0.9924499988555908;0.9924958348274231;0.9932395815849304;0.9930583238601685;0.9904375076293945;0.9935708045959473;0.9938083291053772;0.9895395636558533;0.994362473487854;0.9946458339691162;0.9949291944503784;0.9928104281425476;0.9953291416168213;0.9951604008674622;0.9952270984649658;0.9955250024795532;0.9957791566848755;0.9956687688827515;0.9951958060264587;0.9950708150863647;0.9949708580970764;0.9960646033287048;0.9952999949455261;0.9952208399772644;0.9957937598228455;0.9957479238510132;0.9954603910446167;0.9956187605857849;0.9957500100135803;0.9959916472434998;0.9961062669754028;0.9961187243461609
5;ftnn-otf-f5d29f8f945f2a076cb6d316758a604c.hdf5;dense-128-128;0.9402791857719421;0.964704155921936;0.9219062328338623;0.9132229089736938;0.9748083353042603;0.9772145748138428;0.962862491607666;0.9840812683105469;0.985212504863739;0.9820395708084106;0.9793520569801331;0.9831374883651733;0.9833895564079285;0.9874666929244995;0.9839145541191101;0.982814610004425;0.9864854216575623;0.9858270883560181;0.9854645729064941;0.9870770573616028;0.9864146113395691;0.9884583353996277;0.9874416589736938;0.9896812438964844;0.9873666763305664;0.9882083535194397;0.9888062477111816;0.9899791479110718;0.9889166951179504;0.9896125197410583;0.9879729151725769;0.9866499900817871;0.9898583292961121;0.9905895590782166;0.9903791546821594;0.9909666776657104;0.9892500042915344;0.9906166791915894;0.9916687607765198;0.9918500185012817;0.9886500239372253;0.9908999800682068;0.9897103905677795;0.9889125227928162;0.9906395673751831;0.991937518119812;0.992131233215332;0.9896645545959473;0.9923874735832214;0.9914312362670898;0.9929791688919067;0.9916270971298218;0.993164598941803;0.9928666949272156;0.9925291538238525;0.9931208491325378;0.9938041567802429;0.9926354289054871;0.9939000010490417;0.9927729368209839;0.9947312474250793;0.9957979321479797;0.9936416745185852;0.9953687787055969;0.9938271045684814;0.9960458278656006;0.9947500228881836;0.996791660785675;0.996649980545044;0.9963145852088928;0.9970229268074036;0.9933520555496216;0.9961187243461609;0.9953166842460632;0.9967312216758728;0.9974583387374878;0.9972708225250244;0.997154176235199;0.9971312284469604;0.9964146018028259;0.9965708255767822;0.996958315372467;0.9962729215621948;0.9976999759674072;0.997852087020874;0.9977791905403137;0.9977750182151794;0.9979333281517029;0.9977645874023438;0.9979979395866394;0.9982604384422302;0.9980562329292297;0.9979875087738037;0.9975728988647461;0.9978979229927063;0.9978687763214111;0.9980083107948303;0.9980062246322632;0.9981479048728943;0.998185396194458
1;ftnn-otf-f5d29f8f945f2a076cb6d316758a604c.hdf5;dense-256-256;0.9342125058174133;0.9421416521072388;0.9596354365348816;0.9796083569526672;0.9615625143051147;0.9853833317756653;0.9733229279518127;0.9808916449546814;0.9874646067619324;0.9864541888237;0.9852833151817322;0.9830395579338074;0.9788583517074585;0.9761854410171509;0.9794333577156067;0.977150022983551;0.9876000285148621;0.9886479377746582;0.9881541728973389;0.9859895706176758;0.988531231880188;0.9844645857810974;0.9871437549591064;0.9714562296867371;0.9903833270072937;0.9909208416938782;0.9898541569709778;0.9897229075431824;0.986383318901062;0.9863271117210388;0.9915437698364258;0.9873520731925964;0.9767395853996277;0.9909895658493042;0.9926166534423828;0.9903104305267334;0.9926562309265137;0.9831166863441467;0.991839587688446;0.9824562668800354;0.9925854206085205;0.9924895763397217;0.9935833215713501;0.9933687448501587;0.994293749332428;0.9932875037193298;0.9925895929336548;0.9910770654678345;0.9902041554450989;0.9902458190917969;0.9917125105857849;0.9920229315757751;0.9899479150772095;0.9932249784469604;0.9887416958808899;0.9892791509628296;0.9929375052452087;0.9925500154495239;0.992983341217041;0.9916687607765198;0.9915854334831238;0.9904958605766296;0.9925916790962219;0.992660403251648;0.9926083087921143;0.9933812618255615;0.9928374886512756;0.9921020865440369;0.9933833479881287;0.992843747138977;0.9944562315940857;0.993695855140686;0.9943166375160217;0.9949041604995728;0.9947229027748108;0.994335412979126;0.9943521022796631;0.9951354265213013;0.9954270720481873;0.9953270554542542;0.995131254196167;0.995312511920929;0.9947916865348816;0.9955937266349792;0.995199978351593;0.9949812293052673;0.9958999752998352;0.996162474155426;0.9961166381835938;0.996162474155426;0.9959083199501038;0.995718777179718;0.9959312677383423;0.9959208369255066;0.9958354234695435;0.9959979057312012;0.9961437582969666;0.9962854385375977;0.9963229298591614;0.9963395595550537
2;ftnn-otf-f5d29f8f945f2a076cb6d316758a604c.hdf5;dense-256-256;0.9511646032333374;0.9615166783332825;0.9731645584106445;0.9809125065803528;0.9749104380607605;0.9711708426475525;0.9753562211990356;0.95887291431427;0.9765791893005371;0.9747396111488342;0.9772458076477051;0.9775416851043701;0.9775416851043701;0.9812479019165039;0.9806749820709229;0.9836437702178955;0.9878666400909424;0.9814249873161316;0.9868541955947876;0.9879041910171509;0.9844041466712952;0.989341676235199;0.9849458336830139;0.9826520681381226;0.9892312288284302;0.9884791374206543;0.9853604435920715;0.989091694355011;0.979954183101654;0.9878020882606506;0.9857104420661926;0.9883875250816345;0.9901624917984009;0.9908687472343445;0.9912604093551636;0.9908291697502136;0.9860749840736389;0.9903916716575623;0.9908750057220459;0.9912375211715698;0.9896500110626221;0.9916625022888184;0.9916687607765198;0.9908103942871094;0.9908520579338074;0.9866979122161865;0.9905812740325928;0.9922770857810974;0.9898354411125183;0.9927395582199097;0.990095853805542;0.9923208355903625;0.991531252861023;0.9936979413032532;0.9934666752815247;0.9940312504768372;0.9919750094413757;0.9931958317756653;0.9945229291915894;0.993081271648407;0.9936875104904175;0.9948604106903076;0.994964599609375;0.995104193687439;0.9951541423797607;0.9960062503814697;0.9937750101089478;0.9882458448410034;0.9902291893959045;0.9944083094596863;0.9938020706176758;0.9962896108627319;0.9967770576477051;0.9949874877929688;0.9970458149909973;0.9957541823387146;0.9931104183197021;0.9904229044914246;0.9948166608810425;0.9969645738601685;0.996639609336853;0.9978416562080383;0.9980645775794983;0.9981041550636292;0.9976083040237427;0.9982895851135254;0.9980166554450989;0.9954500198364258;0.9969291687011719;0.9981374740600586;0.9982895851135254;0.9985541701316833;0.9985958337783813;0.9985874891281128;0.9985937476158142;0.9982791543006897;0.9984458088874817;0.9985770583152771;0.9986645579338074;0.9987375140190125
3;ftnn-otf-f5d29f8f945f2a076cb6d316758a604c.hdf5;dense-256-256;0.9451437592506409;0.9626583456993103;0.9710603952407837;0.9713854193687439;0.9770208597183228;0.9799437522888184;0.9671624898910522;0.9832645654678345;0.945006251335144;0.9864416718482971;0.9829875230789185;0.9673646092414856;0.9807479381561279;0.979214608669281;0.9740853905677795;0.9884729385375977;0.986370861530304;0.9804562330245972;0.9892625212669373;0.9873437285423279;0.9893333315849304;0.9737770557403564;0.9863625168800354;0.984514594078064;0.9901687502861023;0.9904875159263611;0.9882729053497314;0.9882291555404663;0.9866353869438171;0.9829958081245422;0.9861521124839783;0.9864291548728943;0.9868354201316833;0.991183340549469;0.9904270768165588;0.9915624856948853;0.991854190826416;0.9841041564941406;0.9919604063034058;0.9915291666984558;0.9918624758720398;0.9911187291145325;0.9928604364395142;0.9913812279701233;0.9927541613578796;0.9929021000862122;0.9906020760536194;0.9924437403678894;0.9912833571434021;0.9924604296684265;0.9932395815849304;0.9914312362670898;0.9911708235740662;0.9929854273796082;0.99466872215271;0.9940479397773743;0.9947666525840759;0.9940208196640015;0.9948166608810425;0.993789553642273;0.995214581489563;0.9952645897865295;0.9950146079063416;0.9952104091644287;0.9931458234786987;0.9954270720481873;0.9948999881744385;0.9954416751861572;0.9967437386512756;0.9968604445457458;0.9930604100227356;0.996889591217041;0.9947083592414856;0.9951916933059692;0.9949125051498413;0.9957770705223083;0.9962312579154968;0.9979020953178406;0.99795001745224;0.9978353977203369;0.9982604384422302;0.9980937242507935;0.9973020553588867;0.9973333477973938;0.9980062246322632;0.9979749917984009;0.9986291527748108;0.9986791610717773;0.9986333250999451;0.9987083077430725;0.9975666403770447;0.9987103939056396;0.9988853931427002;0.9988791942596436;0.998772919178009;0.9987249970436096;0.9988208413124084;0.9988312721252441;0.9989500045776367;0.9990166425704956
4;ftnn-otf-f5d29f8f945f2a076cb6d316758a604c.hdf5;dense-256-256;0.932325005531311;0.9667770862579346;0.9722999930381775;0.9545750021934509;0.9748374819755554;0.9736166596412659;0.9735979437828064;0.977077066898346;0.9829166531562805;0.9816583395004272;0.9787479043006897;0.980774998664856;0.9863458275794983;0.977524995803833;0.9853416681289673;0.9860875010490417;0.9836333394050598;0.9848583340644836;0.9881916642189026;0.9812541604042053;0.9871146082878113;0.9868333339691162;0.9891812205314636;0.9898771047592163;0.9888041615486145;0.98828125;0.9818812608718872;0.9911958575248718;0.9842249751091003;0.9887937307357788;0.990304172039032;0.9908458590507507;0.991391658782959;0.9914249777793884;0.9889687299728394;0.9848625063896179;0.9930604100227356;0.9919291734695435;0.9908103942871094;0.9799666404724121;0.9902853965759277;0.9931395649909973;0.992660403251648;0.9920145869255066;0.9896146059036255;0.992900013923645;0.9918166399002075;0.9930291771888733;0.9903354048728943;0.9882375001907349;0.993862509727478;0.9919062256813049;0.9938229322433472;0.9921666383743286;0.9925020933151245;0.9915937781333923;0.986481249332428;0.9931374788284302;0.9928146004676819;0.9935333132743835;0.9927499890327454;0.9922791719436646;0.993414580821991;0.9936562776565552;0.9946646094322205;0.9946854114532471;0.9935187697410583;0.9945083260536194;0.9940395951271057;0.9943541884422302;0.992297887802124;0.9919208288192749;0.9947541952133179;0.9914270639419556;0.9947124719619751;0.995760440826416;0.9964104294776917;0.9958395957946777;0.9964249730110168;0.9960958361625671;0.9964874982833862;0.9963353872299194;0.9940624833106995;0.9970312714576721;0.996566653251648;0.996806263923645;0.9959020614624023;0.9971312284469604;0.9969624876976013;0.9970499873161316;0.9973291754722595;0.9973645806312561;0.9974625110626221;0.9974853992462158;0.997070848941803;0.9969208240509033;0.9972145557403564;0.9974062442779541;0.9975020885467529;0.9975958466529846
5;ftnn-otf-f5d29f8f945f2a076cb6d316758a604c.hdf5;dense-256-256;0.9238125085830688;0.964510440826416;0.9642999768257141;0.9825708270072937;0.9760333299636841;0.9745500087738037;0.9857416749000549;0.9864479303359985;0.9884083271026611;0.9820083379745483;0.9886021018028259;0.9827062487602234;0.9859104156494141;0.9884729385375977;0.9868208169937134;0.9868666529655457;0.9896541833877563;0.9002000093460083;0.99076247215271;0.9872312545776367;0.9887229204177856;0.9863208532333374;0.9808729290962219;0.9902395606040955;0.9898687601089478;0.9887333512306213;0.9859625101089478;0.9868791699409485;0.9821104407310486;0.9886749982833862;0.9817062616348267;0.986091673374176;0.9884166717529297;0.9790916442871094;0.9888499975204468;0.9892812371253967;0.9902020692825317;0.9914645552635193;0.9911437630653381;0.9917104244232178;0.9905499815940857;0.9921146035194397;0.9910770654678345;0.9927937388420105;0.9889729022979736;0.9920020699501038;0.9909291863441467;0.9934625029563904;0.9926854372024536;0.9924187660217285;0.9932374954223633;0.9934062361717224;0.9941708445549011;0.994279146194458;0.9949979186058044;0.9919333457946777;0.9928291440010071;0.9923812747001648;0.9937770962715149;0.9940354228019714;0.9920750260353088;0.995745837688446;0.9927771091461182;0.9958541393280029;0.9962499737739563;0.9943270683288574;0.9925958514213562;0.9943249821662903;0.9945124983787537;0.9948062300682068;0.9948124885559082;0.994964599609375;0.9953083395957947;0.9953187704086304;0.9958124756813049;0.9957770705223083;0.9957979321479797;0.9949271082878113;0.9962833523750305;0.9965208172798157;0.9961562752723694;0.9966999888420105;0.9967729449272156;0.9964479207992554;0.9969021081924438;0.9961062669754028;0.9966416954994202;0.9970687627792358;0.9971791505813599;0.9971604347229004;0.9972125291824341;0.9972333312034607;0.9972458481788635;0.9971562623977661;0.9971916675567627;0.997181236743927;0.9973354339599609;0.9973333477973938;0.9973770976066589;0.997389554977417
1;ftnn-otf-f5d29f8f945f2a076cb6d316758a604c.hdf5;dense-512-512;0.942452073097229;0.9507083296775818;0.970966637134552;0.9704416394233704;0.9716187715530396;0.9796791672706604;0.9761833548545837;0.9811437726020813;0.985477089881897;0.9847187399864197;0.9851375222206116;0.9817854166030884;0.9828041791915894;0.9865520596504211;0.9880208373069763;0.9883270859718323;0.9887645840644836;0.9886896014213562;0.9861229062080383;0.9883896112442017;0.9840375185012817;0.9852520823478699;0.9879416823387146;0.9801437258720398;0.9897770881652832;0.9828437566757202;0.9870874881744385;0.9894166588783264;0.9786187410354614;0.9889604449272156;0.9886770844459534;0.9894708395004272;0.9793354272842407;0.99034583568573;0.9861458539962769;0.9908000230789185;0.9908896088600159;0.991141676902771;0.9839375019073486;0.9905437231063843;0.9898020625114441;0.9909104108810425;0.990066647529602;0.9919437766075134;0.9898771047592163;0.9900354146957397;0.9919875264167786;0.9924479126930237;0.9923229217529297;0.9925146102905273;0.9912354350090027;0.9929395914077759;0.9923874735832214;0.9887520670890808;0.9932083487510681;0.9935583472251892;0.9937083125114441;0.990372896194458;0.9935374855995178;0.9927229285240173;0.9922375082969666;0.9949729442596436;0.9950937628746033;0.9943479299545288;0.9942395687103271;0.994908332824707;0.9940145611763;0.9955250024795532;0.9908562302589417;0.9959895610809326;0.9922103881835938;0.9962021112442017;0.9957249760627747;0.9938125014305115;0.995718777179718;0.996833324432373;0.9968270659446716;0.9967979192733765;0.996233344078064;0.9969750046730042;0.9973229169845581;0.9954083561897278;0.9975333213806152;0.9957666397094727;0.9976812601089478;0.9972500205039978;0.9965354204177856;0.9978687763214111;0.9978353977203369;0.9976187348365784;0.9980708360671997;0.998185396194458;0.997962474822998;0.998089611530304;0.9981416463851929;0.9981353878974915;0.9980396032333374;0.9981374740600586;0.9982708096504211;0.998297929763794
2;ftnn-otf-f5d29f8f945f2a076cb6d316758a604c.hdf5;dense-512-512;0.9224354028701782;0.9603375196456909;0.9821333289146423;0.98067706823349;0.9705854058265686;0.9787562489509583;0.9848750233650208;0.9862416386604309;0.9863958358764648;0.9677541851997375;0.9871062636375427;0.9873812794685364;0.9855333566665649;0.9879270792007446;0.9883999824523926;0.9734145998954773;0.988308310508728;0.9851874709129333;0.9845479130744934;0.9887916445732117;0.9891020655632019;0.9878875017166138;0.9855083227157593;0.9905187487602234;0.979506254196167;0.9876291751861572;0.9895479083061218;0.9863541722297668;0.9899333119392395;0.9820958375930786;0.9887270927429199;0.9901896119117737;0.9898270964622498;0.9889979362487793;0.9860958456993103;0.9858291745185852;0.9874333143234253;0.990877091884613;0.99175626039505;0.9920187592506409;0.9885333180427551;0.9894750118255615;0.9927916526794434;0.9922541379928589;0.9879395961761475;0.9932083487510681;0.9908187389373779;0.992900013923645;0.994404137134552;0.9904958605766296;0.9935374855995178;0.9911187291145325;0.9904354214668274;0.9919958114624023;0.9922083616256714;0.9925979375839233;0.9882729053497314;0.9926999807357788;0.9925854206085205;0.9931937456130981;0.9932228922843933;0.9925854206085205;0.9922458529472351;0.9932125210762024;0.9930062294006348;0.9938041567802429;0.9899395704269409;0.9934250116348267;0.9933041930198669;0.993025004863739;0.9942020773887634;0.9941041469573975;0.9942333102226257;0.9934020638465881;0.9939416646957397;0.993904173374176;0.994543731212616;0.9941708445549011;0.9944812655448914;0.9944937229156494;0.9948895573616028;0.9949666857719421;0.9950249791145325;0.9951083064079285;0.9948458075523376;0.9947354197502136;0.9953687787055969;0.9954208135604858;0.9955833554267883;0.9957583546638489;0.9957854151725769;0.9957812428474426;0.9957020878791809;0.9956833124160767;0.9958999752998352;0.9959520697593689;0.9960187673568726;0.996025025844574;0.9960395693778992;0.9960353970527649
3;ftnn-otf-f5d29f8f945f2a076cb6d316758a604c.hdf5;dense-512-512;0.9160104393959045;0.948927104473114;0.9697499871253967;0.9404458403587341;0.9728749990463257;0.9410020709037781;0.9749104380607605;0.9780958294868469;0.9751541614532471;0.9776979088783264;0.9762083292007446;0.9754708409309387;0.9797083139419556;0.9759937524795532;0.9779729247093201;0.9799291491508484;0.9785812497138977;0.9748979210853577;0.9801145792007446;0.9811229109764099;0.9808229207992554;0.9757687449455261;0.9799437522888184;0.984889566898346;0.9843145608901978;0.9841791391372681;0.9867083430290222;0.981306254863739;0.9862562417984009;0.9876999855041504;0.969739556312561;0.9843375086784363;0.9891583323478699;0.986243724822998;0.9839958548545837;0.9866353869438171;0.9854583144187927;0.9868229031562805;0.9887729287147522;0.9901124835014343;0.98069167137146;0.9878937602043152;0.9890541434288025;0.9905999898910522;0.9866124987602234;0.9889000058174133;0.9919000267982483;0.9875937700271606;0.9906062483787537;0.9896791577339172;0.9872395992279053;0.9922624826431274;0.990220844745636;0.9845437407493591;0.9902833104133606;0.9904375076293945;0.9922416806221008;0.9914146065711975;0.9924416542053223;0.9904812574386597;0.9912083148956299;0.9927250146865845;0.9918020963668823;0.9921437501907349;0.9907562732696533;0.9932020902633667;0.993960440158844;0.9934520721435547;0.9931979179382324;0.9941562414169312;0.9940062761306763;0.9954583048820496;0.9952541589736938;0.9953833222389221;0.994991660118103;0.9957854151725769;0.9957062602043152;0.9960874915122986;0.9957083463668823;0.9939146041870117;0.9956729412078857;0.9968958497047424;0.9924895763397217;0.9909874796867371;0.9969062209129333;0.9976333379745483;0.9977187514305115;0.9961833357810974;0.9978562593460083;0.9952166676521301;0.9979603886604309;0.9971562623977661;0.9983583092689514;0.9979249835014343;0.9987021088600159;0.9985958337783813;0.9979687333106995;0.9984895586967468;0.9987499713897705;0.9988937377929688
4;ftnn-otf-f5d29f8f945f2a076cb6d316758a604c.hdf5;dense-512-512;0.9370625019073486;0.9436666369438171;0.8092520833015442;0.9661812782287598;0.9757750034332275;0.9736791849136353;0.9775229096412659;0.9773791432380676;0.9732249975204468;0.9687395691871643;0.9778708219528198;0.9750208258628845;0.9772854447364807;0.9815458059310913;0.9743250012397766;0.9820728898048401;0.9814291596412659;0.9786999821662903;0.9801541566848755;0.981404185295105;0.9780874848365784;0.9811479449272156;0.9814062714576721;0.9803333282470703;0.982029139995575;0.9810937643051147;0.982450008392334;0.9817249774932861;0.9781875014305115;0.9821770787239075;0.9833416938781738;0.9833458065986633;0.9844812750816345;0.9773374795913696;0.984000027179718;0.9816750288009644;0.9809708595275879;0.9832583069801331;0.9787541627883911;0.9838791489601135;0.9839166402816772;0.9841041564941406;0.9833770990371704;0.9856395721435547;0.98024582862854;0.9847396016120911;0.9858645796775818;0.9850833415985107;0.9854458570480347;0.9859791398048401;0.9856500029563904;0.9861103892326355;0.9850937724113464;0.9868999719619751;0.9873062372207642;0.9867083430290222;0.9870437383651733;0.9872249960899353;0.987693727016449;0.9865187406539917;0.9872166514396667;0.98664790391922;0.9875937700271606;0.9879166483879089;0.986762523651123;0.9875666499137878;0.9879666566848755;0.9889687299728394;0.9879812598228455;0.9878687262535095;0.9883312582969666;0.988854169845581;0.9889708161354065;0.9884020686149597;0.9889500141143799;0.9896291494369507;0.9889000058174133;0.9897958040237427;0.9894062280654907;0.9892354011535645;0.990206241607666;0.9900979399681091;0.9904645681381226;0.9902729392051697;0.9901854395866394;0.9907437562942505;0.9905874729156494;0.9908520579338074;0.9906020760536194;0.9909812211990356;0.9910062551498413;0.9910666942596436;0.9911749958992004;0.9912333488464355;0.9913666844367981;0.9914020895957947;0.9914020895957947;0.9914166927337646;0.9914500117301941;0.9914416670799255
5;ftnn-otf-f5d29f8f945f2a076cb6d316758a604c.hdf5;dense-512-512;0.9539750218391418;0.9679874777793884;0.9370020627975464;0.9751083254814148;0.9338187575340271;0.9834333062171936;0.9836833477020264;0.9872291684150696;0.9763146042823792;0.9860666394233704;0.9886333346366882;0.9785541892051697;0.9774395823478699;0.9810583591461182;0.9876187443733215;0.9883103966712952;0.9832270741462708;0.977608323097229;0.9879187345504761;0.9897687435150146;0.9903479218482971;0.9855771064758301;0.9900083541870117;0.9838353991508484;0.9905771017074585;0.9909499883651733;0.9894166588783264;0.9909104108810425;0.982814610004425;0.9901312589645386;0.9902145862579346;0.9897270798683167;0.9916437268257141;0.9892333149909973;0.9922041893005371;0.9921374917030334;0.9905562400817871;0.9872021079063416;0.9912270903587341;0.9918458461761475;0.9915291666984558;0.9925228953361511;0.9901021122932434;0.9917208552360535;0.9836729168891907;0.99076247215271;0.9906353950500488;0.9931583404541016;0.9919541478157043;0.9923583269119263;0.9918249845504761;0.9946374893188477;0.987193763256073;0.9921770691871643;0.9949854016304016;0.9944875240325928;0.9923208355903625;0.9956833124160767;0.9950083494186401;0.9938604235649109;0.9936395883560181;0.9934583306312561;0.9918979406356812;0.9951395988464355;0.9962062239646912;0.9941020607948303;0.9930187463760376;0.9962978959083557;0.9955229163169861;0.9965375065803528;0.9962312579154968;0.9949937462806702;0.9940479397773743;0.9954416751861572;0.9966375231742859;0.9965896010398865;0.9946249723434448;0.9969103932380676;0.9972479343414307;0.9973875284194946;0.995074987411499;0.997014582157135;0.9953979253768921;0.9961249828338623;0.9954562783241272;0.9975625276565552;0.9972166419029236;0.9965875148773193;0.9972208142280579;0.997810423374176;0.9976666569709778;0.997685432434082;0.9972687363624573;0.997070848941803;0.9972666501998901;0.9972583055496216;0.997487485408783;0.9974895715713501;0.9976208209991455;0.9976999759674072
1;ftnn-otf-f5d29f8f945f2a076cb6d316758a604c.hdf5;dense-1024-1024;0.9387812614440918;0.9510499835014343;0.9627812504768372;0.9700375199317932;0.981374979019165;0.9804729223251343;0.9845395684242249;0.9798666834831238;0.9864020943641663;0.9743812680244446;0.9813812375068665;0.9797833561897278;0.988099992275238;0.9824791550636292;0.9851250052452087;0.9864208102226257;0.9884271025657654;0.9886916875839233;0.9723479151725769;0.9881687760353088;0.9815958142280579;0.9878020882606506;0.9888479113578796;0.982491672039032;0.9901041388511658;0.9894478917121887;0.9807875156402588;0.9882354140281677;0.9883562326431274;0.9842875003814697;0.9854062795639038;0.9749562740325928;0.9876124858856201;0.9898562431335449;0.9905604124069214;0.988254189491272;0.9905687570571899;0.9875166416168213;0.9908291697502136;0.9913958311080933;0.9891562461853027;0.9841479063034058;0.990975022315979;0.9878208041191101;0.9829124808311462;0.98642498254776;0.9923458099365234;0.9761958122253418;0.9917458295822144;0.992256224155426;0.993456244468689;0.9890000224113464;0.992062509059906;0.991043746471405;0.9925104379653931;0.9908896088600159;0.9935604333877563;0.9924958348274231;0.9936791658401489;0.9928791522979736;0.99446040391922;0.9929458498954773;0.9899208545684814;0.9934291839599609;0.9935958385467529;0.9937208294868469;0.9940770864486694;0.9942458271980286;0.9956125020980835;0.9928541779518127;0.9898291826248169;0.9938729405403137;0.9961437582969666;0.9933062791824341;0.9956353902816772;0.9947249889373779;0.9953979253768921;0.9967812299728394;0.9957479238510132;0.9949895739555359;0.9961291551589966;0.9964854121208191;0.9950541853904724;0.996597945690155;0.9958896040916443;0.9970499873161316;0.9966145753860474;0.9965708255767822;0.9967708587646484;0.996999979019165;0.9973145723342896;0.9969333410263062;0.9964791536331177;0.9967604279518127;0.9965041875839233;0.9967166781425476;0.9968083500862122;0.9969103932380676;0.9969103932380676;0.9969645738601685
2;ftnn-otf-f5d29f8f945f2a076cb6d316758a604c.hdf5;dense-1024-1024;0.8971812725067139;0.9726874828338623;0.9583479166030884;0.9681875109672546;0.977372944355011;0.9743291735649109;0.9718645811080933;0.9762499928474426;0.9583187699317932;0.9692000150680542;0.9771104454994202;0.9673187732696533;0.9799166917800903;0.9768291711807251;0.9780958294868469;0.9815895557403564;0.9761062264442444;0.9801750183105469;0.9761666655540466;0.9816333055496216;0.9807395935058594;0.9796812534332275;0.9741458296775818;0.9834333062171936;0.9807708263397217;0.9791916608810425;0.9820562601089478;0.9740999937057495;0.9794333577156067;0.9828187227249146;0.9844812750816345;0.9839603900909424;0.9807041883468628;0.9834312796592712;0.9837666749954224;0.9816520810127258;0.9802271127700806;0.9830020666122437;0.9854375123977661;0.9835000038146973;0.9840770959854126;0.9841333627700806;0.9848250150680542;0.9817125201225281;0.9845895767211914;0.9853437542915344;0.9826396107673645;0.9834374785423279;0.9854312539100647;0.9851541519165039;0.9821770787239075;0.985212504863739;0.9857854247093201;0.9867979288101196;0.9853041768074036;0.9853708148002625;0.9838520884513855;0.9869604110717773;0.9869541525840759;0.9869312644004822;0.9868062734603882;0.9868979454040527;0.9859979152679443;0.9862333536148071;0.9877937436103821;0.9867541790008545;0.986720860004425;0.9869166612625122;0.988308310508728;0.987933337688446;0.9877479076385498;0.9861875176429749;0.9879166483879089;0.9883166551589966;0.9885146021842957;0.9888187646865845;0.988308310508728;0.9888208508491516;0.989104151725769;0.9892749786376953;0.9890729188919067;0.989270806312561;0.9892687797546387;0.9899104237556458;0.9899770617485046;0.9901687502861023;0.9902833104133606;0.9904395937919617;0.9906520843505859;0.9906833171844482;0.9905083179473877;0.9908562302589417;0.9909771084785461;0.9910479187965393;0.9910979270935059;0.9912770986557007;0.9913250207901001;0.9913041591644287;0.9913437366485596;0.9913250207901001
3;ftnn-otf-f5d29f8f945f2a076cb6d316758a604c.hdf5;dense-1024-1024;0.9607458114624023;0.9428791403770447;0.9479333162307739;0.9544979333877563;0.9442958235740662;0.9611791372299194;0.9553874731063843;0.9598104357719421;0.952218770980835;0.9634020924568176;0.9624520540237427;0.9631770849227905;0.957895815372467;0.9426166415214539;0.9593291878700256;0.9645833373069763;0.9642103910446167;0.9647625088691711;0.9648146033287048;0.9657999873161316;0.9649479389190674;0.967006266117096;0.9674770832061768;0.9667978882789612;0.9680728912353516;0.9637249708175659;0.9656062722206116;0.9632708430290222;0.9671562314033508;0.9661729335784912;0.9642249941825867;0.9648333191871643;0.9656562209129333;0.9671770930290222;0.9657562375068665;0.9690208435058594;0.9690250158309937;0.9664291739463806;0.969504177570343;0.9686874747276306;0.9684187769889832;0.9685062766075134;0.9689103960990906;0.9692770838737488;0.9671791791915894;0.9692437648773193;0.968860387802124;0.9681312441825867;0.9684208035469055;0.9688562750816345;0.9686979055404663;0.9703041911125183;0.9700978994369507;0.968847930431366;0.9694437384605408;0.9706541895866394;0.9711208343505859;0.9711666703224182;0.9703249931335449;0.9705895781517029;0.9696770906448364;0.9700478911399841;0.9701958298683167;0.97081458568573;0.9709895849227905;0.9716125130653381;0.971054196357727;0.9804250001907349;0.9875479340553284;0.9889770746231079;0.9892791509628296;0.9880104064941406;0.9915333390235901;0.9922749996185303;0.9927895665168762;0.9913145899772644;0.9920499920845032;0.992702066898346;0.9883354306221008;0.9888187646865845;0.9910770654678345;0.993135392665863;0.9917500019073486;0.9921854138374329;0.9925146102905273;0.9906520843505859;0.9905708432197571;0.9899271130561829;0.9913333058357239;0.9933437705039978;0.9919062256813049;0.9934771060943604;0.9922833442687988;0.9933229088783264;0.9929124712944031;0.9930791854858398;0.9926208257675171;0.9930999875068665;0.9933916926383972;0.9934771060943604
4;ftnn-otf-f5d29f8f945f2a076cb6d316758a604c.hdf5;dense-1024-1024;0.931418776512146;0.9491687417030334;0.958216667175293;0.9728624820709229;0.980843722820282;0.9761854410171509;0.976437509059906;0.9750750064849854;0.982283353805542;0.9822708368301392;0.9768604040145874;0.9619187712669373;0.9831728935241699;0.9752374887466431;0.9813291430473328;0.9867874979972839;0.9848187565803528;0.9810312390327454;0.9816250205039978;0.9864228963851929;0.9874145984649658;0.9865854382514954;0.9854978919029236;0.988531231880188;0.9872854351997375;0.9890437722206116;0.9874416589736938;0.9900228977203369;0.9884958267211914;0.9874979257583618;0.9884708523750305;0.9905208349227905;0.988391637802124;0.9845271110534668;0.9902937412261963;0.9905499815940857;0.990024983882904;0.990206241607666;0.9894020557403564;0.9889895915985107;0.9898270964622498;0.9815396070480347;0.9911521077156067;0.9913458228111267;0.9902416467666626;0.9912958145141602;0.9914187788963318;0.9917770624160767;0.9897916913032532;0.9927562475204468;0.9865750074386597;0.992577075958252;0.9907770752906799;0.9926645755767822;0.992312490940094;0.9902395606040955;0.9915124773979187;0.993581235408783;0.9920250177383423;0.9935687780380249;0.9944562315940857;0.9929249882698059;0.9928604364395142;0.9943020939826965;0.9940812587738037;0.9948291778564453;0.9892270565032959;0.9935520887374878;0.9935458302497864;0.9952520728111267;0.9909499883651733;0.9959020614624023;0.9951708316802979;0.9946562647819519;0.9963041543960571;0.9922124743461609;0.9965021014213562;0.9937416911125183;0.9958000183105469;0.9962624907493591;0.9973645806312561;0.9951208233833313;0.9942083358764648;0.9956291913986206;0.9976937770843506;0.9968395829200745;0.9975479245185852;0.9979249835014343;0.9977916479110718;0.997139573097229;0.9971104264259338;0.9975728988647461;0.9983395934104919;0.9983083605766296;0.9982625246047974;0.9983458518981934;0.9982166886329651;0.9983562231063843;0.9984666705131531;0.9985271096229553
5;ftnn-otf-f5d29f8f945f2a076cb6d316758a604c.hdf5;dense-1024-1024;0.9499624967575073;0.9288250207901001;0.9668499827384949;0.7026395797729492;0.9376500248908997;0.9744166731834412;0.9729396104812622;0.9626604318618774;0.9774749875068665;0.9800333380699158;0.9792041778564453;0.9796687364578247;0.98067706823349;0.978347897529602;0.9755708575248718;0.9784437417984009;0.9793124794960022;0.9787541627883911;0.9787020683288574;0.9796958565711975;0.975460410118103;0.9817833304405212;0.9830041527748108;0.978991687297821;0.9788125157356262;0.9765041470527649;0.9822520613670349;0.975350022315979;0.9842625260353088;0.9799875020980835;0.9818124771118164;0.9824708104133606;0.9787604212760925;0.9839603900909424;0.984291672706604;0.9835541844367981;0.9850375056266785;0.9828208088874817;0.9816520810127258;0.9839624762535095;0.9865729212760925;0.9831604361534119;0.9822583198547363;0.9827625155448914;0.9858375191688538;0.9850249886512756;0.986814558506012;0.9848916530609131;0.982939600944519;0.9874541759490967;0.9865854382514954;0.9836562275886536;0.984485387802124;0.9880375266075134;0.9836375117301941;0.9877020716667175;0.9858166575431824;0.9850021004676819;0.9840166568756104;0.9869937300682068;0.9866853952407837;0.9883875250816345;0.9882687330245972;0.9859291911125183;0.9880687594413757;0.9878625273704529;0.9875708222389221;0.9890021085739136;0.989452064037323;0.9896916747093201;0.9887250065803528;0.9886729121208191;0.9900312423706055;0.9894499778747559;0.9896000027656555;0.9898499846458435;0.9903374910354614;0.9898937344551086;0.9901021122932434;0.9905499815940857;0.9906166791915894;0.9907541871070862;0.9908812642097473;0.9900375008583069;0.9911229014396667;0.9912458062171936;0.991058349609375;0.991225004196167;0.991308331489563;0.9912499785423279;0.9914187788963318;0.9913395643234253;0.9915270805358887;0.9916895627975464;0.9917250275611877;0.9917520880699158;0.9918249845504761;0.9918562769889832;0.9918770790100098;0.9918895959854126
