1;ftnn-synth-conj-803106240a23c5ecf6388b49b51bec89.hdf5;dense-128;0.9822741746902466;0.9862580895423889;0.9879193305969238;0.9885806441307068;0.9888709783554077;0.9899193644523621;0.9901129007339478;0.9899677634239197;0.9892258048057556;0.9899193644523621;0.9907903075218201;0.9909999966621399;0.9908064603805542;0.9910483956336975;0.9900000095367432;0.9909838438034058;0.9907742142677307;0.9912096858024597;0.9915483593940735;0.9916774034500122;0.9907258152961731;0.9912257790565491;0.9910644888877869;0.9918548464775085;0.9919999837875366;0.9916774034500122;0.9916451573371887;0.9920322299003601;0.9920967817306519;0.9922419190406799;0.9918709397315979;0.9921612739562988;0.9911935329437256;0.9925000071525574;0.9920483827590942;0.9922258257865906;0.9922741651535034;0.9919193387031555;0.9928709864616394;0.9927419424057007;0.9921451807022095;0.993048369884491;0.9925806522369385;0.9926773905754089;0.9924516081809998;0.9929999709129333;0.9925000071525574;0.9927741885185242;0.9927419424057007;0.992548406124115;0.9926612973213196;0.9928064346313477;0.9926612973213196;0.9926935434341431;0.99275803565979;0.9928064346313477;0.9927741885185242;0.9925967454910278;0.992612898349762;0.9930161237716675;0.9929032325744629;0.9926451444625854;0.9927419424057007;0.9922903180122375;0.9924838542938232;0.99275803565979;0.9925967454910278;0.992612898349762;0.9925967454910278;0.9926612973213196;0.992548406124115;0.9925322532653809;0.9926773905754089;0.9926290512084961;0.9926290512084961;0.9926773905754089;0.9926290512084961;0.992612898349762;0.9924838542938232;0.9925806522369385;0.9925644993782043;0.992548406124115;0.992548406124115;0.992548406124115;0.9925161004066467;0.992548406124115;0.9925161004066467;0.9925967454910278;0.9925967454910278;0.9925967454910278;0.9926451444625854;0.9926451444625854;0.9926935434341431;0.9926935434341431;0.9926935434341431;0.9927096962928772;0.9926935434341431;0.9927096962928772;0.99275803565979;0.99275803565979
2;ftnn-synth-conj-803106240a23c5ecf6388b49b51bec89.hdf5;dense-128;0.9830322861671448;0.9865161180496216;0.988370954990387;0.9884193539619446;0.9888225793838501;0.9902257919311523;0.9889032244682312;0.9902257919311523;0.9902257919311523;0.9898548126220703;0.9902419447898865;0.991016149520874;0.9904677271842957;0.9916290044784546;0.9918709397315979;0.9915645122528076;0.991080641746521;0.9912257790565491;0.9911128878593445;0.991145133972168;0.9918548464775085;0.9912419319152832;0.9908709526062012;0.9915967583656311;0.9912257790565491;0.9916613101959229;0.9923548102378845;0.9919032454490662;0.9915322661399841;0.9915000200271606;0.9919677376747131;0.9921290278434753;0.9919193387031555;0.9920322299003601;0.9929032325744629;0.9927419424057007;0.9920161366462708;0.9914677143096924;0.9923871159553528;0.9922741651535034;0.9927419424057007;0.9927419424057007;0.9927903413772583;0.9923387169837952;0.9930645227432251;0.9925967454910278;0.9928225874900818;0.9922741651535034;0.9930161237716675;0.9927096962928772;0.9925967454910278;0.9927257895469666;0.99275803565979;0.9926290512084961;0.992612898349762;0.992548406124115;0.9928064346313477;0.9928225874900818;0.9926935434341431;0.993048369884491;0.99275803565979;0.9925967454910278;0.992983877658844;0.9929193258285522;0.9923064708709717;0.9929999709129333;0.9926935434341431;0.992983877658844;0.992612898349762;0.9928225874900818;0.9923871159553528;0.9928870797157288;0.9928548336029053;0.9927419424057007;0.9926612973213196;0.9928225874900818;0.99275803565979;0.9927903413772583;0.9926773905754089;0.9927419424057007;0.9926935434341431;0.9926290512084961;0.9926612973213196;0.9926451444625854;0.9926612973213196;0.9926290512084961;0.9926773905754089;0.9927257895469666;0.9926290512084961;0.9927741885185242;0.9927741885185242;0.9927903413772583;0.9928386807441711;0.9928548336029053;0.9928548336029053;0.9928548336029053;0.9928709864616394;0.9928709864616394;0.9928709864616394;0.9928709864616394
3;ftnn-synth-conj-803106240a23c5ecf6388b49b51bec89.hdf5;dense-128;0.9802258014678955;0.9866290092468262;0.987645149230957;0.9881612658500671;0.9887580871582031;0.9890322685241699;0.9895806312561035;0.9899677634239197;0.9903386831283569;0.991016149520874;0.9903870820999146;0.9908225536346436;0.9908387064933777;0.9910967946052551;0.9908548593521118;0.9911612868309021;0.9913064241409302;0.9912580847740173;0.9919193387031555;0.9917580485343933;0.991951584815979;0.9911935329437256;0.9914354681968689;0.991080641746521;0.9920483827590942;0.9916774034500122;0.9913225769996643;0.9927096962928772;0.9915322661399841;0.9915322661399841;0.99151611328125;0.9920483827590942;0.9920645356178284;0.9924838542938232;0.9923064708709717;0.9923548102378845;0.992177426815033;0.9927419424057007;0.9926290512084961;0.9923548102378845;0.9923548102378845;0.9922258257865906;0.9923064708709717;0.992612898349762;0.9924677610397339;0.9919677376747131;0.9929999709129333;0.9928870797157288;0.9923709630966187;0.9928870797157288;0.9923548102378845;0.9925322532653809;0.9932419061660767;0.9928386807441711;0.9932580590248108;0.9930806159973145;0.9927419424057007;0.9930967688560486;0.9931129217147827;0.9927419424057007;0.9930645227432251;0.9929677248001099;0.9930645227432251;0.9929354786872864;0.992983877658844;0.9931290149688721;0.9925806522369385;0.9927903413772583;0.9927257895469666;0.9929677248001099;0.9928064346313477;0.9930161237716675;0.992612898349762;0.9927741885185242;0.9927741885185242;0.9926451444625854;0.9928386807441711;0.9928225874900818;0.9926773905754089;0.9928064346313477;0.992612898349762;0.9928064346313477;0.9925806522369385;0.9926935434341431;0.9926612973213196;0.9925806522369385;0.9926773905754089;0.9926773905754089;0.9927096962928772;0.9928548336029053;0.9928386807441711;0.9929032325744629;0.9929677248001099;0.9929677248001099;0.9929677248001099;0.992983877658844;0.992983877658844;0.992983877658844;0.992983877658844;0.9929999709129333
4;ftnn-synth-conj-803106240a23c5ecf6388b49b51bec89.hdf5;dense-128;0.9817580580711365;0.9858064651489258;0.9872580766677856;0.987870991230011;0.9887903332710266;0.988806426525116;0.9892419576644897;0.9895967841148376;0.9884516000747681;0.9899516105651855;0.9897096753120422;0.9890806674957275;0.9897741675376892;0.9896774291992188;0.989612877368927;0.9898225665092468;0.9908709526062012;0.9907258152961731;0.9902419447898865;0.9907258152961731;0.9913225769996643;0.9902419447898865;0.9916613101959229;0.9918709397315979;0.991451621055603;0.9913064241409302;0.9919354915618896;0.9919354915618896;0.9912257790565491;0.991887092590332;0.99151611328125;0.9915806651115417;0.9916451573371887;0.9917742013931274;0.9908709526062012;0.9912903308868408;0.9919032454490662;0.9916290044784546;0.992177426815033;0.9913064241409302;0.9916935563087463;0.9920967817306519;0.9920645356178284;0.9919354915618896;0.9920322299003601;0.9916451573371887;0.9928064346313477;0.9927741885185242;0.9920645356178284;0.9923064708709717;0.991951584815979;0.9921290278434753;0.9925322532653809;0.9928870797157288;0.992322564125061;0.9923871159553528;0.9922419190406799;0.9923871159553528;0.9923387169837952;0.9926612973213196;0.9922580718994141;0.992548406124115;0.9924677610397339;0.9924354553222656;0.9922903180122375;0.9922096729278564;0.9926773905754089;0.9925644993782043;0.9924677610397339;0.9925806522369385;0.9925161004066467;0.9925322532653809;0.9925806522369385;0.9924032092094421;0.9925322532653809;0.9925322532653809;0.9924677610397339;0.9925322532653809;0.9924838542938232;0.9923548102378845;0.9923871159553528;0.9924032092094421;0.9924838542938232;0.9924677610397339;0.9922741651535034;0.992322564125061;0.9924032092094421;0.9924032092094421;0.9925322532653809;0.9924677610397339;0.9925806522369385;0.9926290512084961;0.9926451444625854;0.9926612973213196;0.9926773905754089;0.9926773905754089;0.9926612973213196;0.9926612973213196;0.9927096962928772;0.9927257895469666
5;ftnn-synth-conj-803106240a23c5ecf6388b49b51bec89.hdf5;dense-128;0.9808871150016785;0.9857096672058105;0.987870991230011;0.9879516363143921;0.9884516000747681;0.9894999861717224;0.990209698677063;0.9900645017623901;0.9909677505493164;0.9916129112243652;0.9912903308868408;0.9907580614089966;0.9910644888877869;0.9910483956336975;0.9915806651115417;0.9910644888877869;0.9908709526062012;0.9905483722686768;0.9916290044784546;0.9913548231124878;0.9919032454490662;0.9917742013931274;0.9923387169837952;0.9913548231124878;0.9923871159553528;0.9918548464775085;0.9921451807022095;0.9921935200691223;0.9925644993782043;0.9917902946472168;0.9918709397315979;0.9928548336029053;0.9924838542938232;0.9920967817306519;0.9921128749847412;0.9925644993782043;0.9925000071525574;0.9928548336029053;0.992548406124115;0.9926451444625854;0.9923871159553528;0.9924354553222656;0.9926773905754089;0.9932419061660767;0.9933387041091919;0.9924193620681763;0.9927096962928772;0.9929677248001099;0.9928709864616394;0.9929193258285522;0.9930645227432251;0.9930967688560486;0.9929354786872864;0.9931774139404297;0.9933709502220154;0.9931935667991638;0.9933225512504578;0.9932258129119873;0.993048369884491;0.9929516315460205;0.9931129217147827;0.9932258129119873;0.993048369884491;0.9929032325744629;0.9930645227432251;0.9931774139404297;0.9931612610816956;0.9931451678276062;0.9931774139404297;0.9930161237716675;0.9929999709129333;0.9931935667991638;0.9934515953063965;0.9931612610816956;0.9932096600532532;0.9930645227432251;0.9931935667991638;0.9931935667991638;0.9928870797157288;0.9930161237716675;0.992983877658844;0.9928870797157288;0.9930322766304016;0.9929999709129333;0.9928709864616394;0.9929999709129333;0.9930967688560486;0.9930161237716675;0.993048369884491;0.9930806159973145;0.9931129217147827;0.9931612610816956;0.9931774139404297;0.9931935667991638;0.9932096600532532;0.9932096600532532;0.9932096600532532;0.9932096600532532;0.9932258129119873;0.9932258129119873
1;ftnn-synth-conj-803106240a23c5ecf6388b49b51bec89.hdf5;dense-256;0.9845806360244751;0.988080620765686;0.9893064498901367;0.9892258048057556;0.9899516105651855;0.9898871183395386;0.9901935458183289;0.9903709888458252;0.9915322661399841;0.9919354915618896;0.991145133972168;0.9915806651115417;0.9912419319152832;0.991951584815979;0.9919354915618896;0.9923064708709717;0.9915000200271606;0.9922903180122375;0.9925967454910278;0.9922419190406799;0.9922096729278564;0.9920967817306519;0.9922903180122375;0.9923064708709717;0.9928225874900818;0.9924193620681763;0.9927419424057007;0.9929193258285522;0.993354856967926;0.9932903051376343;0.9933064579963684;0.9928709864616394;0.9932258129119873;0.9927741885185242;0.9932742118835449;0.9931612610816956;0.9938871264457703;0.9933709502220154;0.99348384141922;0.9939193725585938;0.9934515953063965;0.9940484166145325;0.9938709735870361;0.9938225746154785;0.9935644865036011;0.9940000176429749;0.9937741756439209;0.9940000176429749;0.9939516186714172;0.9937741756439209;0.9941935539245605;0.9939032196998596;0.9941451549530029;0.9942580461502075;0.9940484166145325;0.9941451549530029;0.9941613078117371;0.9942741990089417;0.9942903518676758;0.9942741990089417;0.9943548440933228;0.9941935539245605;0.994225800037384;0.9942903518676758;0.9941451549530029;0.9944354891777039;0.9944193363189697;0.994225800037384;0.9944354891777039;0.9943870902061462;0.9940967559814453;0.9942580461502075;0.994225800037384;0.9943709969520569;0.9941774010658264;0.9941935539245605;0.9942097067832947;0.9941935539245605;0.994225800037384;0.9942419528961182;0.9941774010658264;0.9942580461502075;0.9942097067832947;0.994225800037384;0.994225800037384;0.9942097067832947;0.9942903518676758;0.994225800037384;0.9942580461502075;0.9943064451217651;0.9943064451217651;0.9943709969520569;0.9943870902061462;0.9944032430648804;0.9944193363189697;0.9944354891777039;0.9944193363189697;0.994451642036438;0.994516134262085;0.9945322871208191
2;ftnn-synth-conj-803106240a23c5ecf6388b49b51bec89.hdf5;dense-256;0.9853709936141968;0.9878386855125427;0.9887257814407349;0.9901935458183289;0.9893064498901367;0.9906774163246155;0.9907419085502625;0.9917258024215698;0.9912096858024597;0.9908548593521118;0.9912741780281067;0.9912741780281067;0.9918226003646851;0.9918548464775085;0.991080641746521;0.9917902946472168;0.9923548102378845;0.9915806651115417;0.9914354681968689;0.9922903180122375;0.992322564125061;0.9923871159553528;0.9919193387031555;0.9928386807441711;0.9928709864616394;0.9931774139404297;0.9928064346313477;0.9927096962928772;0.9925644993782043;0.9935322403907776;0.992983877658844;0.9934031963348389;0.9931612610816956;0.9930806159973145;0.9935161471366882;0.9929999709129333;0.9936128854751587;0.9930967688560486;0.9934999942779541;0.9934677481651306;0.9934355020523071;0.993854820728302;0.9931451678276062;0.9940000176429749;0.9937096834182739;0.9938709735870361;0.9937741756439209;0.9939193725585938;0.9937257766723633;0.9937580823898315;0.9937257766723633;0.9941129088401794;0.9938871264457703;0.9940322637557983;0.9942097067832947;0.9938387274742126;0.994080662727356;0.9940967559814453;0.9940000176429749;0.9939838647842407;0.9940322637557983;0.9940967559814453;0.9944999814033508;0.9941451549530029;0.9943709969520569;0.9943870902061462;0.9944032430648804;0.9941935539245605;0.9944032430648804;0.9940484166145325;0.9943870902061462;0.9942741990089417;0.9943870902061462;0.9943548440933228;0.9944354891777039;0.9943064451217651;0.9942580461502075;0.9943709969520569;0.9944032430648804;0.9942097067832947;0.9944032430648804;0.9944354891777039;0.9943386912345886;0.9943225979804993;0.9943709969520569;0.9943548440933228;0.9943064451217651;0.9943709969520569;0.9943709969520569;0.9944032430648804;0.9944032430648804;0.9944354891777039;0.994451642036438;0.994451642036438;0.9944677352905273;0.9944677352905273;0.9944677352905273;0.9944677352905273;0.9944677352905273;0.9944677352905273
3;ftnn-synth-conj-803106240a23c5ecf6388b49b51bec89.hdf5;dense-256;0.9844032526016235;0.9887741804122925;0.9879516363143921;0.990209698677063;0.9900645017623901;0.9904999732971191;0.9907580614089966;0.9905161261558533;0.9910322427749634;0.9912580847740173;0.9911128878593445;0.9918386936187744;0.9916451573371887;0.9919838905334473;0.9918064475059509;0.9918226003646851;0.991741955280304;0.9924193620681763;0.9919354915618896;0.9920806288719177;0.9924516081809998;0.9924032092094421;0.9926451444625854;0.9920322299003601;0.9928870797157288;0.9931451678276062;0.9926773905754089;0.9924193620681763;0.9927257895469666;0.9930967688560486;0.9928870797157288;0.9925644993782043;0.9931774139404297;0.9930645227432251;0.9930806159973145;0.9931774139404297;0.9931290149688721;0.9931290149688721;0.9932903051376343;0.99348384141922;0.9933871030807495;0.9931290149688721;0.9933709502220154;0.9933871030807495;0.9934031963348389;0.9932419061660767;0.994080662727356;0.9935322403907776;0.9936451315879822;0.99348384141922;0.9936774373054504;0.9939516186714172;0.9935806393623352;0.9940645098686218;0.9936935305595398;0.993790328502655;0.9939516186714172;0.9939516186714172;0.9936612844467163;0.993854820728302;0.9941129088401794;0.9939354658126831;0.9939677715301514;0.9938387274742126;0.9939354658126831;0.9938387274742126;0.9939677715301514;0.9939354658126831;0.993790328502655;0.9937257766723633;0.9937741756439209;0.9937419295310974;0.9936774373054504;0.9936612844467163;0.9937419295310974;0.9939354658126831;0.9937580823898315;0.9936451315879822;0.9937419295310974;0.9937257766723633;0.9937096834182739;0.9937419295310974;0.9937419295310974;0.9937096834182739;0.9937096834182739;0.9937096834182739;0.9937419295310974;0.9937580823898315;0.9938064813613892;0.9938225746154785;0.9938871264457703;0.9938709735870361;0.9939032196998596;0.9939032196998596;0.9939032196998596;0.9939032196998596;0.9939193725585938;0.9939354658126831;0.9939516186714172;0.9939677715301514
4;ftnn-synth-conj-803106240a23c5ecf6388b49b51bec89.hdf5;dense-256;0.9858548641204834;0.9876773953437805;0.9893386960029602;0.989177405834198;0.9899516105651855;0.9901773929595947;0.9903548359870911;0.990419328212738;0.9906612634658813;0.9906129240989685;0.9911290407180786;0.9908709526062012;0.99151611328125;0.9915806651115417;0.9921128749847412;0.9920806288719177;0.9915806651115417;0.9924838542938232;0.9920806288719177;0.9918226003646851;0.991887092590332;0.9920967817306519;0.9924677610397339;0.9924193620681763;0.9924838542938232;0.9924354553222656;0.9923064708709717;0.9925967454910278;0.9923709630966187;0.9926773905754089;0.9928709864616394;0.9934515953063965;0.9932096600532532;0.9935967922210693;0.9931129217147827;0.9935967922210693;0.9932903051376343;0.9932903051376343;0.9936612844467163;0.9937580823898315;0.9931451678276062;0.9935806393623352;0.9934677481651306;0.993354856967926;0.9935806393623352;0.9936935305595398;0.9935161471366882;0.9937741756439209;0.9935967922210693;0.9935483932495117;0.9939677715301514;0.9940322637557983;0.9939354658126831;0.9937741756439209;0.9942419528961182;0.9938871264457703;0.9941129088401794;0.9936451315879822;0.9941774010658264;0.9940161108970642;0.9939838647842407;0.9939838647842407;0.9941290616989136;0.9941935539245605;0.9940967559814453;0.994080662727356;0.9940967559814453;0.9941290616989136;0.9940484166145325;0.9941129088401794;0.994080662727356;0.9941774010658264;0.9941451549530029;0.9940322637557983;0.993854820728302;0.9941290616989136;0.9939677715301514;0.9939193725585938;0.9940484166145325;0.9940000176429749;0.9940322637557983;0.9940161108970642;0.9940645098686218;0.994080662727356;0.9940645098686218;0.9940967559814453;0.9940967559814453;0.9941129088401794;0.9941129088401794;0.9941451549530029;0.9941935539245605;0.9942419528961182;0.9942580461502075;0.9942580461502075;0.9943386912345886;0.9943386912345886;0.9943386912345886;0.9943386912345886;0.9943709969520569;0.9943870902061462
5;ftnn-synth-conj-803106240a23c5ecf6388b49b51bec89.hdf5;dense-256;0.9848225712776184;0.9879677295684814;0.9889193773269653;0.989983856678009;0.9900806546211243;0.9907419085502625;0.9901935458183289;0.9913225769996643;0.9913064241409302;0.9909031987190247;0.9916613101959229;0.99151611328125;0.9915967583656311;0.9920967817306519;0.9921128749847412;0.9925806522369385;0.9927419424057007;0.9926773905754089;0.9926773905754089;0.9930645227432251;0.9925644993782043;0.9927096962928772;0.9926451444625854;0.9933871030807495;0.9932096600532532;0.993354856967926;0.993354856967926;0.9929516315460205;0.9931612610816956;0.9936128854751587;0.9932903051376343;0.9935967922210693;0.9937096834182739;0.9933064579963684;0.9931935667991638;0.9937580823898315;0.9933871030807495;0.9936290383338928;0.9934677481651306;0.9942097067832947;0.9935161471366882;0.9935644865036011;0.9939032196998596;0.9935161471366882;0.9936290383338928;0.9938871264457703;0.9936451315879822;0.9940000176429749;0.9941451549530029;0.9939032196998596;0.9937741756439209;0.9937257766723633;0.9937257766723633;0.9940161108970642;0.9940322637557983;0.9941451549530029;0.9939032196998596;0.9944677352905273;0.9942580461502075;0.9940967559814453;0.9941935539245605;0.9941129088401794;0.9944193363189697;0.9943386912345886;0.9943064451217651;0.9945967793464661;0.9943064451217651;0.9943870902061462;0.9942741990089417;0.9944193363189697;0.9943064451217651;0.9943225979804993;0.9944032430648804;0.9943709969520569;0.9945322871208191;0.9944999814033508;0.9943709969520569;0.994225800037384;0.9942741990089417;0.994451642036438;0.9942419528961182;0.9941935539245605;0.9942741990089417;0.9942097067832947;0.9942580461502075;0.9943870902061462;0.9943064451217651;0.9942097067832947;0.9942741990089417;0.9942903518676758;0.9943386912345886;0.9944354891777039;0.9944193363189697;0.994451642036438;0.994451642036438;0.994451642036438;0.9944838881492615;0.9944999814033508;0.9945322871208191;0.9945322871208191
1;ftnn-synth-conj-803106240a23c5ecf6388b49b51bec89.hdf5;dense-512;0.9857903122901917;0.9892258048057556;0.9897741675376892;0.9895645380020142;0.9897903203964233;0.9908387064933777;0.990419328212738;0.9918064475059509;0.9915967583656311;0.9917258024215698;0.9921612739562988;0.9925644993782043;0.9922419190406799;0.9925806522369385;0.9919032454490662;0.992322564125061;0.9930645227432251;0.9924516081809998;0.9929032325744629;0.993354856967926;0.9926935434341431;0.99348384141922;0.9933225512504578;0.9933064579963684;0.9939354658126831;0.9939032196998596;0.9935806393623352;0.993419349193573;0.9939193725585938;0.9938871264457703;0.9940000176429749;0.9940967559814453;0.9941290616989136;0.9942419528961182;0.9943064451217651;0.9944032430648804;0.9940484166145325;0.9944193363189697;0.9945645332336426;0.9950161576271057;0.9942580461502075;0.9945645332336426;0.9945806264877319;0.9945806264877319;0.9947903156280518;0.994516134262085;0.9947903156280518;0.9947419166564941;0.9948225617408752;0.9948709607124329;0.9948387145996094;0.9951128959655762;0.9951774477958679;0.9948225617408752;0.9952419400215149;0.9951612949371338;0.9954516291618347;0.9951128959655762;0.995322585105896;0.9948548674583435;0.995387077331543;0.9952741861343384;0.9955161213874817;0.9953548312187195;0.9951128959655762;0.9954677224159241;0.9953064322471619;0.9954032301902771;0.9953709840774536;0.995322585105896;0.9953064322471619;0.9954193830490112;0.9954193830490112;0.9955000281333923;0.9953548312187195;0.9954677224159241;0.9952419400215149;0.995322585105896;0.9953548312187195;0.9952903389930725;0.995322585105896;0.9954354763031006;0.995322585105896;0.995387077331543;0.9953709840774536;0.9955000281333923;0.9954516291618347;0.9954193830490112;0.9954677224159241;0.9954838752746582;0.9955000281333923;0.9955322742462158;0.9955322742462158;0.9955322742462158;0.9955645203590393;0.9955645203590393;0.9955645203590393;0.9955645203590393;0.9955645203590393;0.9955806732177734
2;ftnn-synth-conj-803106240a23c5ecf6388b49b51bec89.hdf5;dense-512;0.9851451516151428;0.987500011920929;0.9904677271842957;0.9899677634239197;0.9910483956336975;0.9906935691833496;0.9909677505493164;0.9911612868309021;0.9914354681968689;0.9918386936187744;0.9918548464775085;0.9918386936187744;0.9923548102378845;0.9920322299003601;0.9924032092094421;0.9933709502220154;0.9921935200691223;0.9926773905754089;0.992612898349762;0.9930967688560486;0.9935806393623352;0.9934355020523071;0.9939516186714172;0.993419349193573;0.9937257766723633;0.9935967922210693;0.9940161108970642;0.9940484166145325;0.9937096834182739;0.9941129088401794;0.9940000176429749;0.9944838881492615;0.994225800037384;0.9943064451217651;0.9947419166564941;0.9942903518676758;0.9941774010658264;0.9943870902061462;0.9941774010658264;0.9945967793464661;0.9946935772895813;0.9948548674583435;0.9942419528961182;0.9946774244308472;0.9945967793464661;0.9947258234024048;0.9948709607124329;0.9947742223739624;0.9949677586555481;0.9949193596839905;0.9949677586555481;0.9951774477958679;0.9950484037399292;0.9951290488243103;0.9950322508811951;0.9949838519096375;0.9951612949371338;0.9951451420783997;0.9954677224159241;0.9954516291618347;0.9952903389930725;0.9953064322471619;0.995322585105896;0.9955322742462158;0.9953709840774536;0.9955967664718628;0.9954193830490112;0.9953709840774536;0.9954032301902771;0.9955806732177734;0.9954354763031006;0.9955483675003052;0.9955322742462158;0.9955322742462158;0.9956290125846863;0.9955000281333923;0.9954032301902771;0.9953709840774536;0.995387077331543;0.9955322742462158;0.9954193830490112;0.9954354763031006;0.995387077331543;0.9954516291618347;0.9954677224159241;0.9954193830490112;0.9955161213874817;0.9955967664718628;0.9955967664718628;0.9955806732177734;0.9956451654434204;0.9956451654434204;0.9956451654434204;0.9957096576690674;0.9957096576690674;0.9957258105278015;0.9957258105278015;0.9957258105278015;0.9957258105278015;0.9957258105278015
3;ftnn-synth-conj-803106240a23c5ecf6388b49b51bec89.hdf5;dense-512;0.9864516258239746;0.989177405834198;0.9894354939460754;0.9899032115936279;0.9894838929176331;0.9911612868309021;0.9918386936187744;0.9913709759712219;0.9919838905334473;0.9917742013931274;0.9919677376747131;0.9922580718994141;0.9920483827590942;0.9922096729278564;0.992322564125061;0.992322564125061;0.992612898349762;0.9926290512084961;0.9928709864616394;0.9931290149688721;0.9928709864616394;0.9936290383338928;0.9935644865036011;0.9934515953063965;0.9931612610816956;0.9934355020523071;0.9939838647842407;0.9940484166145325;0.9937580823898315;0.9939516186714172;0.9942419528961182;0.9940645098686218;0.9943225979804993;0.9941129088401794;0.9940000176429749;0.9943225979804993;0.994516134262085;0.9940967559814453;0.9944032430648804;0.9945322871208191;0.9946935772895813;0.9945322871208191;0.994661271572113;0.9945645332336426;0.9948225617408752;0.9950000047683716;0.9948064684867859;0.9949677586555481;0.9950322508811951;0.9950322508811951;0.9950806498527527;0.9949677586555481;0.9949355125427246;0.9951612949371338;0.9951451420783997;0.9950484037399292;0.9952257871627808;0.9950968027114868;0.995387077331543;0.9952257871627808;0.9951935410499573;0.9951451420783997;0.9951935410499573;0.995387077331543;0.9952419400215149;0.9953064322471619;0.9953709840774536;0.9953548312187195;0.995258092880249;0.995387077331543;0.995322585105896;0.9953709840774536;0.9953548312187195;0.9954516291618347;0.9953548312187195;0.9954193830490112;0.9953709840774536;0.995387077331543;0.9952419400215149;0.9953709840774536;0.9952903389930725;0.9953709840774536;0.9953548312187195;0.995387077331543;0.9954032301902771;0.995322585105896;0.9954032301902771;0.9954516291618347;0.9954516291618347;0.9954354763031006;0.9954516291618347;0.9955000281333923;0.9955322742462158;0.9955483675003052;0.9955645203590393;0.9955645203590393;0.9955645203590393;0.9955645203590393;0.9955645203590393;0.9955645203590393
4;ftnn-synth-conj-803106240a23c5ecf6388b49b51bec89.hdf5;dense-512;0.9861774444580078;0.989177405834198;0.9894193410873413;0.9906612634658813;0.9901290535926819;0.9901290535926819;0.9909677505493164;0.9916774034500122;0.9916451573371887;0.9916613101959229;0.9917580485343933;0.9920967817306519;0.9921290278434753;0.9925000071525574;0.9928709864616394;0.9925161004066467;0.9924677610397339;0.9929677248001099;0.9926935434341431;0.9935644865036011;0.9930806159973145;0.9939032196998596;0.9932096600532532;0.9935483932495117;0.9936935305595398;0.9936774373054504;0.9937257766723633;0.9937741756439209;0.9938871264457703;0.9940967559814453;0.9941935539245605;0.9942741990089417;0.9944838881492615;0.9941774010658264;0.9945483803749084;0.9943709969520569;0.9944032430648804;0.9944354891777039;0.9942741990089417;0.9946129322052002;0.9946290254592896;0.9946774244308472;0.9944193363189697;0.9947096705436707;0.9946774244308472;0.9949838519096375;0.994887113571167;0.9947742223739624;0.9949677586555481;0.994887113571167;0.9950161576271057;0.9949838519096375;0.9951128959655762;0.9947742223739624;0.9950161576271057;0.9950484037399292;0.9947742223739624;0.9951774477958679;0.9950000047683716;0.9950322508811951;0.9953709840774536;0.9951774477958679;0.9951128959655762;0.9955000281333923;0.9953387379646301;0.9952096939086914;0.995322585105896;0.9954354763031006;0.9953064322471619;0.9954032301902771;0.9954354763031006;0.9954032301902771;0.9953387379646301;0.9954354763031006;0.9954032301902771;0.9953709840774536;0.995387077331543;0.9953387379646301;0.9952903389930725;0.995322585105896;0.995322585105896;0.995387077331543;0.9954032301902771;0.9952903389930725;0.9953709840774536;0.9953709840774536;0.9954032301902771;0.9954032301902771;0.9954193830490112;0.9954677224159241;0.9954516291618347;0.9954838752746582;0.9954677224159241;0.9955161213874817;0.9955322742462158;0.9955322742462158;0.9955483675003052;0.9955645203590393;0.9955645203590393;0.9955645203590393
5;ftnn-synth-conj-803106240a23c5ecf6388b49b51bec89.hdf5;dense-512;0.9865000247955322;0.9886935353279114;0.9886290431022644;0.9897580742835999;0.9908548593521118;0.9914677143096924;0.9915806651115417;0.9914838671684265;0.9913870692253113;0.9920967817306519;0.9915645122528076;0.9921612739562988;0.9920322299003601;0.9919032454490662;0.9924193620681763;0.9927903413772583;0.9926612973213196;0.9929354786872864;0.9933387041091919;0.9931612610816956;0.993048369884491;0.9936774373054504;0.9937419295310974;0.9938064813613892;0.993854820728302;0.9934515953063965;0.99348384141922;0.9938225746154785;0.9937096834182739;0.9941935539245605;0.9943064451217651;0.9939516186714172;0.9944354891777039;0.9939354658126831;0.9944193363189697;0.9943870902061462;0.994225800037384;0.9945806264877319;0.9949677586555481;0.9943548440933228;0.9946935772895813;0.9945645332336426;0.9948709607124329;0.9947258234024048;0.994887113571167;0.9948709607124329;0.994951605796814;0.9947742223739624;0.9950806498527527;0.9948709607124329;0.9951290488243103;0.9947419166564941;0.9950806498527527;0.9951290488243103;0.995258092880249;0.9952741861343384;0.9952903389930725;0.9951290488243103;0.9951774477958679;0.9952741861343384;0.9951290488243103;0.9952096939086914;0.9951290488243103;0.9952419400215149;0.9953387379646301;0.9951612949371338;0.9955161213874817;0.9954838752746582;0.995387077331543;0.9954677224159241;0.9952741861343384;0.995387077331543;0.9953064322471619;0.9953709840774536;0.9954354763031006;0.9954516291618347;0.9954354763031006;0.9953064322471619;0.995387077331543;0.9953387379646301;0.995387077331543;0.9952903389930725;0.9953548312187195;0.995322585105896;0.9953387379646301;0.9953709840774536;0.9954838752746582;0.995387077331543;0.995387077331543;0.9954677224159241;0.9954677224159241;0.9955000281333923;0.9955000281333923;0.9955000281333923;0.9955322742462158;0.9955161213874817;0.9955161213874817;0.9955161213874817;0.9955483675003052;0.9955645203590393
1;ftnn-synth-conj-803106240a23c5ecf6388b49b51bec89.hdf5;dense-1024;0.9867096543312073;0.988806426525116;0.9904999732971191;0.9911774396896362;0.9911128878593445;0.9916613101959229;0.9920322299003601;0.9916935563087463;0.9915322661399841;0.9919999837875366;0.9921451807022095;0.9924354553222656;0.992322564125061;0.992983877658844;0.9925000071525574;0.9928548336029053;0.9934355020523071;0.9934677481651306;0.9940645098686218;0.9937580823898315;0.9939516186714172;0.9941451549530029;0.9941290616989136;0.9940484166145325;0.9946451783180237;0.9939193725585938;0.994516134262085;0.9943064451217651;0.994887113571167;0.9947580695152283;0.9950000047683716;0.9946129322052002;0.9947258234024048;0.9953064322471619;0.9951774477958679;0.9950322508811951;0.9952096939086914;0.995387077331543;0.9952741861343384;0.9955645203590393;0.9952096939086914;0.9950968027114868;0.9953064322471619;0.9955806732177734;0.9955967664718628;0.9956290125846863;0.9956774115562439;0.9956451654434204;0.9955322742462158;0.9956451654434204;0.9957096576690674;0.9957419633865356;0.9958064556121826;0.9955806732177734;0.9957419633865356;0.9958871006965637;0.9959677457809448;0.995983898639679;0.9959193468093872;0.9959677457809448;0.9959515929222107;0.9960322380065918;0.9960806369781494;0.9959677457809448;0.9960967898368835;0.9960806369781494;0.9961612820625305;0.9962903261184692;0.9961451888084412;0.9961774349212646;0.9962258338928223;0.9961612820625305;0.9962419271469116;0.996129035949707;0.9962258338928223;0.9962258338928223;0.9962419271469116;0.9962741732597351;0.9962580800056458;0.9962258338928223;0.9962580800056458;0.9962419271469116;0.9962419271469116;0.9962096810340881;0.9962419271469116;0.9962580800056458;0.9962580800056458;0.9962580800056458;0.9962741732597351;0.9962741732597351;0.9962903261184692;0.9962903261184692;0.9962741732597351;0.9963064789772034;0.9963064789772034;0.9963387250900269;0.9963387250900269;0.9963387250900269;0.9963548183441162;0.9963548183441162
2;ftnn-synth-conj-803106240a23c5ecf6388b49b51bec89.hdf5;dense-1024;0.987145185470581;0.990209698677063;0.9882903099060059;0.9906774163246155;0.9911774396896362;0.9909677505493164;0.9914032220840454;0.9921451807022095;0.9913870692253113;0.992612898349762;0.9925000071525574;0.9919838905334473;0.9928064346313477;0.9934355020523071;0.9935644865036011;0.9932419061660767;0.9932903051376343;0.9934515953063965;0.9934515953063965;0.9943870902061462;0.9940322637557983;0.9938064813613892;0.9943709969520569;0.9943064451217651;0.9943709969520569;0.9943870902061462;0.9942903518676758;0.9947580695152283;0.9947096705436707;0.9947903156280518;0.9947742223739624;0.994887113571167;0.9951451420783997;0.9949677586555481;0.9950161576271057;0.9951451420783997;0.9953548312187195;0.995322585105896;0.9954516291618347;0.9953548312187195;0.9954838752746582;0.9954516291618347;0.9956613183021545;0.9955322742462158;0.9954516291618347;0.9956451654434204;0.9957419633865356;0.9955483675003052;0.9956129193305969;0.9958064556121826;0.9957258105278015;0.9956613183021545;0.9957903027534485;0.9957096576690674;0.9956774115562439;0.9958709478378296;0.9959677457809448;0.9959193468093872;0.9957903027534485;0.9959999918937683;0.995983898639679;0.9960967898368835;0.9960483908653259;0.996129035949707;0.9960483908653259;0.9960645437240601;0.9962580800056458;0.9962258338928223;0.996193528175354;0.9960967898368835;0.9962903261184692;0.9962741732597351;0.9962741732597351;0.9962419271469116;0.9962903261184692;0.9962580800056458;0.9962096810340881;0.9962419271469116;0.9962903261184692;0.9961774349212646;0.9962580800056458;0.9962096810340881;0.9962096810340881;0.9963064789772034;0.9962419271469116;0.9962096810340881;0.9962580800056458;0.9963225722312927;0.9963064789772034;0.9963064789772034;0.9963064789772034;0.9963225722312927;0.9963064789772034;0.9963225722312927;0.9963064789772034;0.9963064789772034;0.9963064789772034;0.9963064789772034;0.9963064789772034;0.9963064789772034
3;ftnn-synth-conj-803106240a23c5ecf6388b49b51bec89.hdf5;dense-1024;0.9884677529335022;0.9892902970314026;0.9900161027908325;0.9907258152961731;0.9910967946052551;0.9917902946472168;0.9924677610397339;0.992322564125061;0.991951584815979;0.9919354915618896;0.9922258257865906;0.9925000071525574;0.9919354915618896;0.9929193258285522;0.9930806159973145;0.9932742118835449;0.9933709502220154;0.9941613078117371;0.9934031963348389;0.9935322403907776;0.9936290383338928;0.9943548440933228;0.9938387274742126;0.9941290616989136;0.9944193363189697;0.9942580461502075;0.9944032430648804;0.9944838881492615;0.9945322871208191;0.9946290254592896;0.9946935772895813;0.9948387145996094;0.9947580695152283;0.9948064684867859;0.9948387145996094;0.9950484037399292;0.9948709607124329;0.9950806498527527;0.9950322508811951;0.9951612949371338;0.9954354763031006;0.9954032301902771;0.9954354763031006;0.9955161213874817;0.9952257871627808;0.995387077331543;0.9953064322471619;0.9954354763031006;0.9955967664718628;0.9955322742462158;0.9958064556121826;0.9956290125846863;0.9956290125846863;0.9957419633865356;0.9957258105278015;0.9956290125846863;0.9959032535552979;0.9959354996681213;0.9958226084709167;0.9959677457809448;0.9959032535552979;0.9956613183021545;0.9960806369781494;0.9960161447525024;0.9960161447525024;0.9961128830909729;0.9959999918937683;0.996129035949707;0.9961612820625305;0.9960161447525024;0.9960967898368835;0.9961128830909729;0.996129035949707;0.9961128830909729;0.996129035949707;0.996129035949707;0.996193528175354;0.9961774349212646;0.9960806369781494;0.996129035949707;0.9962096810340881;0.9961128830909729;0.996129035949707;0.996129035949707;0.9961612820625305;0.9961774349212646;0.9961774349212646;0.9962258338928223;0.996193528175354;0.9962258338928223;0.9962096810340881;0.9962258338928223;0.9962096810340881;0.9962258338928223;0.9962419271469116;0.9962419271469116;0.9962580800056458;0.9962580800056458;0.9962580800056458;0.9962580800056458
4;ftnn-synth-conj-803106240a23c5ecf6388b49b51bec89.hdf5;dense-1024;0.9879838824272156;0.989112913608551;0.9901290535926819;0.9910483956336975;0.990709662437439;0.9912903308868408;0.991016149520874;0.9918548464775085;0.9922903180122375;0.9918226003646851;0.9920645356178284;0.9923871159553528;0.9930806159973145;0.992548406124115;0.9933225512504578;0.9935161471366882;0.9933871030807495;0.99348384141922;0.993790328502655;0.9935967922210693;0.9936128854751587;0.9936612844467163;0.9940484166145325;0.994225800037384;0.9941129088401794;0.9944032430648804;0.9944354891777039;0.9943386912345886;0.9946290254592896;0.9943709969520569;0.994887113571167;0.9947903156280518;0.9946290254592896;0.9947419166564941;0.9950644969940186;0.9950000047683716;0.9950968027114868;0.9949193596839905;0.9950322508811951;0.9955000281333923;0.9953709840774536;0.9953548312187195;0.9954516291618347;0.9956129193305969;0.9953387379646301;0.9954516291618347;0.9955322742462158;0.9955967664718628;0.9956290125846863;0.9957258105278015;0.9957742094993591;0.9957258105278015;0.9958871006965637;0.9956451654434204;0.9958871006965637;0.9956290125846863;0.9960322380065918;0.9958548545837402;0.9957903027534485;0.9958548545837402;0.9958709478378296;0.9959354996681213;0.9960645437240601;0.9959677457809448;0.9960322380065918;0.9960322380065918;0.9958871006965637;0.9961128830909729;0.996129035949707;0.996193528175354;0.9961451888084412;0.9959515929222107;0.9960967898368835;0.9960967898368835;0.9962258338928223;0.9961451888084412;0.9961451888084412;0.9960322380065918;0.996193528175354;0.9960645437240601;0.9961774349212646;0.9961451888084412;0.9961612820625305;0.9961128830909729;0.9961612820625305;0.9961774349212646;0.9961774349212646;0.996129035949707;0.9961774349212646;0.9961774349212646;0.9961774349212646;0.996193528175354;0.996193528175354;0.9962258338928223;0.9962419271469116;0.9962419271469116;0.9962580800056458;0.9962741732597351;0.9962741732597351;0.9962741732597351
5;ftnn-synth-conj-803106240a23c5ecf6388b49b51bec89.hdf5;dense-1024;0.9872419238090515;0.9889516234397888;0.9898871183395386;0.9901290535926819;0.990645170211792;0.9907742142677307;0.9911128878593445;0.9918064475059509;0.9916935563087463;0.9919838905334473;0.9923064708709717;0.9926290512084961;0.9926935434341431;0.9926773905754089;0.9926935434341431;0.9939032196998596;0.9939193725585938;0.9931612610816956;0.9940645098686218;0.993854820728302;0.993790328502655;0.994080662727356;0.9943709969520569;0.9946129322052002;0.9943548440933228;0.9941613078117371;0.994080662727356;0.9944032430648804;0.9945322871208191;0.9947903156280518;0.9946290254592896;0.994516134262085;0.9944838881492615;0.9951290488243103;0.9948548674583435;0.9950161576271057;0.9954032301902771;0.9949838519096375;0.9951935410499573;0.9955000281333923;0.9954516291618347;0.995258092880249;0.9954193830490112;0.995322585105896;0.9954677224159241;0.9955000281333923;0.9956613183021545;0.9955645203590393;0.9953548312187195;0.995758056640625;0.9955483675003052;0.9956129193305969;0.9956774115562439;0.9957419633865356;0.9958871006965637;0.9955483675003052;0.9958226084709167;0.9958064556121826;0.9958548545837402;0.995758056640625;0.9958064556121826;0.9958709478378296;0.9960322380065918;0.9959354996681213;0.9961612820625305;0.996193528175354;0.9960967898368835;0.9960161447525024;0.9960806369781494;0.9961128830909729;0.9960161447525024;0.9960806369781494;0.996129035949707;0.996129035949707;0.9962419271469116;0.9960806369781494;0.996129035949707;0.9962258338928223;0.9961128830909729;0.9961451888084412;0.996129035949707;0.996129035949707;0.9961128830909729;0.996193528175354;0.9961451888084412;0.996193528175354;0.9961612820625305;0.996193528175354;0.996193528175354;0.996193528175354;0.9962258338928223;0.9962096810340881;0.9962258338928223;0.9962258338928223;0.9962419271469116;0.9962580800056458;0.9962741732597351;0.9962741732597351;0.9962741732597351;0.9962741732597351
1;ftnn-synth-conj-803106240a23c5ecf6388b49b51bec89.hdf5;dense-2048;0.9866451621055603;0.9899516105651855;0.9908225536346436;0.9912096858024597;0.9913548231124878;0.9913548231124878;0.9919193387031555;0.9920806288719177;0.9923387169837952;0.9916613101959229;0.9925644993782043;0.9927741885185242;0.9933871030807495;0.9926935434341431;0.9933225512504578;0.9938225746154785;0.9937580823898315;0.9937096834182739;0.9940000176429749;0.9938225746154785;0.9939193725585938;0.9943225979804993;0.9944032430648804;0.9942903518676758;0.9949193596839905;0.9946774244308472;0.9947258234024048;0.9946290254592896;0.9946451783180237;0.9945967793464661;0.994887113571167;0.9948387145996094;0.9951935410499573;0.9951451420783997;0.995693564414978;0.9954838752746582;0.9955000281333923;0.9956451654434204;0.9954516291618347;0.9954677224159241;0.9956290125846863;0.9956290125846863;0.9955483675003052;0.9957096576690674;0.9956451654434204;0.9957419633865356;0.9958871006965637;0.9957096576690674;0.9958226084709167;0.9960806369781494;0.9959193468093872;0.9960806369781494;0.9959515929222107;0.9959032535552979;0.9960806369781494;0.9960322380065918;0.9960967898368835;0.9960322380065918;0.9962258338928223;0.9961612820625305;0.9961612820625305;0.996129035949707;0.9962741732597351;0.9962580800056458;0.9962419271469116;0.9962903261184692;0.9963225722312927;0.9962096810340881;0.9963064789772034;0.9963548183441162;0.9963225722312927;0.9963548183441162;0.9964032173156738;0.9963871240615845;0.9963709712028503;0.9965161085128784;0.9963871240615845;0.9964032173156738;0.996419370174408;0.9964354634284973;0.9964354634284973;0.9964354634284973;0.9963871240615845;0.9963871240615845;0.996419370174408;0.996419370174408;0.9964032173156738;0.9963871240615845;0.9963871240615845;0.9964032173156738;0.9964032173156738;0.996419370174408;0.996419370174408;0.996419370174408;0.996419370174408;0.9964354634284973;0.9964677691459656;0.9964677691459656;0.9964677691459656;0.9964677691459656
2;ftnn-synth-conj-803106240a23c5ecf6388b49b51bec89.hdf5;dense-2048;0.9883225560188293;0.9904032349586487;0.9899032115936279;0.9908871054649353;0.9911935329437256;0.99151611328125;0.9915806651115417;0.9916290044784546;0.9917742013931274;0.9925806522369385;0.9926612973213196;0.9926612973213196;0.9930322766304016;0.9931451678276062;0.9938225746154785;0.9938064813613892;0.9940967559814453;0.9937419295310974;0.9940967559814453;0.9935967922210693;0.9942097067832947;0.9943386912345886;0.9944677352905273;0.9941290616989136;0.9946935772895813;0.9945322871208191;0.9946774244308472;0.994951605796814;0.9945322871208191;0.9951128959655762;0.9949677586555481;0.9948709607124329;0.9951774477958679;0.9949838519096375;0.9954838752746582;0.9953548312187195;0.9953064322471619;0.995322585105896;0.9955967664718628;0.9954516291618347;0.995322585105896;0.995693564414978;0.9955645203590393;0.9955000281333923;0.9956613183021545;0.9955645203590393;0.9957419633865356;0.9958548545837402;0.9958226084709167;0.9961774349212646;0.9965000152587891;0.9960967898368835;0.9957258105278015;0.9963387250900269;0.9961128830909729;0.9961451888084412;0.9961612820625305;0.9962580800056458;0.9962096810340881;0.996129035949707;0.9960806369781494;0.9963548183441162;0.9962258338928223;0.996193528175354;0.9963064789772034;0.9962419271469116;0.9962741732597351;0.996193528175354;0.9963709712028503;0.9964516162872314;0.9964032173156738;0.9963387250900269;0.9964516162872314;0.996419370174408;0.9965161085128784;0.9964677691459656;0.996564507484436;0.9963871240615845;0.9965161085128784;0.9964677691459656;0.9964354634284973;0.9964354634284973;0.9964516162872314;0.9964354634284973;0.996419370174408;0.996419370174408;0.996419370174408;0.9964677691459656;0.9964516162872314;0.9964354634284973;0.9964354634284973;0.9964516162872314;0.9964838624000549;0.9964838624000549;0.9965000152587891;0.9965000152587891;0.9965161085128784;0.9965161085128784;0.9965161085128784;0.9965161085128784
3;ftnn-synth-conj-803106240a23c5ecf6388b49b51bec89.hdf5;dense-2048;0.9889032244682312;0.9885483980178833;0.9903386831283569;0.9898709654808044;0.9924838542938232;0.9903386831283569;0.99151611328125;0.9912903308868408;0.9920967817306519;0.9925322532653809;0.9934999942779541;0.9920322299003601;0.9930806159973145;0.9930806159973145;0.9931774139404297;0.9934515953063965;0.9931774139404297;0.9939193725585938;0.9932258129119873;0.994516134262085;0.9946290254592896;0.9940322637557983;0.9943225979804993;0.9944677352905273;0.9951128959655762;0.9948548674583435;0.9945483803749084;0.9944354891777039;0.9948225617408752;0.9950322508811951;0.9950806498527527;0.9949032068252563;0.9949032068252563;0.9952096939086914;0.9954677224159241;0.9950968027114868;0.9950968027114868;0.995258092880249;0.9955483675003052;0.9955483675003052;0.9953709840774536;0.9954677224159241;0.9952741861343384;0.9955161213874817;0.9955483675003052;0.9956129193305969;0.9958064556121826;0.9958064556121826;0.9957258105278015;0.9958548545837402;0.9959032535552979;0.9957742094993591;0.9958548545837402;0.9958064556121826;0.9958709478378296;0.995983898639679;0.9958387017250061;0.9959354996681213;0.9959999918937683;0.9960967898368835;0.9960483908653259;0.9962096810340881;0.9960483908653259;0.9962096810340881;0.9960322380065918;0.9962419271469116;0.9963709712028503;0.996193528175354;0.9961774349212646;0.9962258338928223;0.9962903261184692;0.9964032173156738;0.9963225722312927;0.9964032173156738;0.9963064789772034;0.9964516162872314;0.9964516162872314;0.9964354634284973;0.9964354634284973;0.996419370174408;0.9963871240615845;0.9963387250900269;0.9964032173156738;0.9964032173156738;0.9963225722312927;0.9963548183441162;0.9963871240615845;0.9963709712028503;0.9963387250900269;0.9963871240615845;0.9963709712028503;0.9963871240615845;0.9964032173156738;0.9964032173156738;0.9964032173156738;0.9964032173156738;0.996419370174408;0.996419370174408;0.996419370174408;0.996419370174408
4;ftnn-synth-conj-803106240a23c5ecf6388b49b51bec89.hdf5;dense-2048;0.988806426525116;0.9906774163246155;0.9909677505493164;0.9896290302276611;0.9913870692253113;0.9902903437614441;0.991451621055603;0.9918064475059509;0.9923064708709717;0.9916290044784546;0.9923709630966187;0.9932903051376343;0.9933064579963684;0.9931935667991638;0.9931612610816956;0.9939193725585938;0.9940645098686218;0.9936290383338928;0.9940967559814453;0.9938871264457703;0.9940967559814453;0.9942097067832947;0.9940645098686218;0.9942419528961182;0.9945483803749084;0.9948064684867859;0.9943709969520569;0.9947903156280518;0.9945967793464661;0.9947419166564941;0.9948548674583435;0.9947258234024048;0.994951605796814;0.9945967793464661;0.9950484037399292;0.9950322508811951;0.9952419400215149;0.9951290488243103;0.9951290488243103;0.9954677224159241;0.9953548312187195;0.995258092880249;0.9955000281333923;0.9955967664718628;0.9956451654434204;0.9955645203590393;0.9955806732177734;0.9958064556121826;0.9954354763031006;0.9956774115562439;0.9958064556121826;0.9959354996681213;0.996193528175354;0.9958709478378296;0.9960483908653259;0.9960161447525024;0.9959032535552979;0.9963064789772034;0.9960322380065918;0.9960161447525024;0.9960161447525024;0.9961612820625305;0.9961451888084412;0.995983898639679;0.9961774349212646;0.9960967898368835;0.9961451888084412;0.996129035949707;0.9962096810340881;0.9961612820625305;0.9963387250900269;0.9962580800056458;0.9963387250900269;0.9962903261184692;0.9962419271469116;0.9963387250900269;0.9963387250900269;0.9963387250900269;0.9962419271469116;0.996419370174408;0.9962903261184692;0.9964032173156738;0.9962741732597351;0.9962903261184692;0.9962741732597351;0.9963387250900269;0.9962419271469116;0.9963387250900269;0.9962903261184692;0.9962741732597351;0.9963064789772034;0.9963387250900269;0.9963387250900269;0.9963387250900269;0.9963387250900269;0.9963548183441162;0.9963709712028503;0.9963709712028503;0.9963709712028503;0.9963709712028503
5;ftnn-synth-conj-803106240a23c5ecf6388b49b51bec89.hdf5;dense-2048;0.9874516129493713;0.9876935482025146;0.9904999732971191;0.9911612868309021;0.9911774396896362;0.9921290278434753;0.9915967583656311;0.993354856967926;0.9926612973213196;0.9926451444625854;0.9929354786872864;0.9927741885185242;0.9932419061660767;0.9928225874900818;0.9929193258285522;0.9934515953063965;0.993354856967926;0.9941290616989136;0.9941774010658264;0.9940645098686218;0.9939677715301514;0.994516134262085;0.9940322637557983;0.9948225617408752;0.994516134262085;0.994080662727356;0.9943548440933228;0.9946451783180237;0.9949677586555481;0.994887113571167;0.9949677586555481;0.994951605796814;0.9951128959655762;0.9953709840774536;0.9947742223739624;0.9950806498527527;0.9954838752746582;0.9952096939086914;0.9955161213874817;0.995258092880249;0.9954677224159241;0.9955806732177734;0.9954193830490112;0.9954838752746582;0.9957742094993591;0.9956774115562439;0.9956129193305969;0.9959032535552979;0.9956613183021545;0.995758056640625;0.9959999918937683;0.9956451654434204;0.9959193468093872;0.9960645437240601;0.9959193468093872;0.9958871006965637;0.9961774349212646;0.9960483908653259;0.9960967898368835;0.9960806369781494;0.9960322380065918;0.9961451888084412;0.9960967898368835;0.9962096810340881;0.9962096810340881;0.9962580800056458;0.996193528175354;0.9961774349212646;0.9960967898368835;0.9962258338928223;0.9962096810340881;0.9962258338928223;0.9962419271469116;0.9962741732597351;0.9963548183441162;0.9962580800056458;0.9962419271469116;0.9962580800056458;0.9962903261184692;0.9962258338928223;0.9962903261184692;0.9963387250900269;0.9963064789772034;0.9962903261184692;0.9962419271469116;0.9962741732597351;0.9962741732597351;0.9962741732597351;0.9962903261184692;0.9963064789772034;0.9963064789772034;0.9963225722312927;0.9963225722312927;0.9963871240615845;0.996419370174408;0.9964354634284973;0.9964354634284973;0.9964354634284973;0.9964354634284973;0.9964516162872314
1;ftnn-synth-conj-803106240a23c5ecf6388b49b51bec89.hdf5;dense-128-128;0.9917258024215698;0.9920645356178284;0.9923064708709717;0.9933225512504578;0.9941935539245605;0.9941451549530029;0.9946935772895813;0.9955483675003052;0.9948709607124329;0.9959193468093872;0.9970483779907227;0.9964354634284973;0.9966613054275513;0.9962903261184692;0.9971451759338379;0.9966773986816406;0.9977419376373291;0.9976290464401245;0.9976774454116821;0.9969032406806946;0.9980806708335876;0.9981290102005005;0.9977903366088867;0.997725784778595;0.9971290230751038;0.9977741837501526;0.9983064532279968;0.9987096786499023;0.9980645179748535;0.9983064532279968;0.9984515905380249;0.9983386993408203;0.9982419610023499;0.9981129169464111;0.9985967874526978;0.9979354739189148;0.9982096552848816;0.9988548159599304;0.9988387227058411;0.998467743396759;0.9984032511711121;0.9985645413398743;0.9984515905380249;0.9988225698471069;0.9985161423683167;0.9989354610443115;0.9988064765930176;0.9990322589874268;0.9989516139030457;0.9989193677902222;0.9992580413818359;0.9993548393249512;0.9990322589874268;0.9989838600158691;0.999129056930542;0.9990322589874268;0.9987741708755493;0.999129056930542;0.9991451501846313;0.9987419247627258;0.9992257952690125;0.9992580413818359;0.9990161061286926;0.9992903470993042;0.9989677667617798;0.9992741942405701;0.999338686466217;0.999193549156189;0.999193549156189;0.9993225932121277;0.9993225932121277;0.9993225932121277;0.9993870854377747;0.9993709921836853;0.9995161294937134;0.9995322823524475;0.9994032382965088;0.9994677305221558;0.9995483756065369;0.9995322823524475;0.9996129274368286;0.9996451735496521;0.9996451735496521;0.9996451735496521;0.9996451735496521;0.9996774196624756;0.9996774196624756;0.9996935725212097;0.9996935725212097;0.9996935725212097;0.9996935725212097;0.9997096657752991;0.9997258186340332;0.9997258186340332;0.9997258186340332;0.9997258186340332;0.9997258186340332;0.9997419118881226;0.9997580647468567;0.9997580647468567
2;ftnn-synth-conj-803106240a23c5ecf6388b49b51bec89.hdf5;dense-128-128;0.9915483593940735;0.9928386807441711;0.9937257766723633;0.9923064708709717;0.9945967793464661;0.9936451315879822;0.9954032301902771;0.9956290125846863;0.9960967898368835;0.9958871006965637;0.997290313243866;0.9975484013557434;0.997290313243866;0.9970806241035461;0.9976128935813904;0.9983709454536438;0.9979193806648254;0.9984354972839355;0.9970161318778992;0.9977580904960632;0.9977903366088867;0.9980000257492065;0.9981129169464111;0.9972580671310425;0.9978064298629761;0.998322606086731;0.9978387355804443;0.9981613159179688;0.9982419610023499;0.9982258081436157;0.99803227186203;0.9976935386657715;0.9978548288345337;0.9979032278060913;0.9982580542564392;0.9978064298629761;0.9984999895095825;0.9980483651161194;0.9983548521995544;0.9986290335655212;0.9983548521995544;0.9984354972839355;0.9987741708755493;0.9985806345939636;0.9978225827217102;0.9990000128746033;0.9988709688186646;0.99875807762146;0.9990484118461609;0.998903214931488;0.9990161061286926;0.9990000128746033;0.9988709688186646;0.9989677667617798;0.9990000128746033;0.9989354610443115;0.9988709688186646;0.9989677667617798;0.9988225698471069;0.9990000128746033;0.9990161061286926;0.9990000128746033;0.9988871216773987;0.9989838600158691;0.9990161061286926;0.9990806579589844;0.9990645051002502;0.9991613030433655;0.9991773962974548;0.9991451501846313;0.999129056930542;0.9991613030433655;0.9991773962974548;0.999193549156189;0.9991773962974548;0.9992257952690125;0.9992741942405701;0.9992741942405701;0.999338686466217;0.9993064403533936;0.9993064403533936;0.9993225932121277;0.9993870854377747;0.9994354844093323;0.9994516372680664;0.9994354844093323;0.9994354844093323;0.9994516372680664;0.9994677305221558;0.9994677305221558;0.9994838833808899;0.9994838833808899;0.9994838833808899;0.9994838833808899;0.9994677305221558;0.9994999766349792;0.9995161294937134;0.9995161294937134;0.9995161294937134;0.9995161294937134
3;ftnn-synth-conj-803106240a23c5ecf6388b49b51bec89.hdf5;dense-128-128;0.9908548593521118;0.9928709864616394;0.9927741885185242;0.991951584815979;0.9915806651115417;0.9946451783180237;0.9940484166145325;0.9958548545837402;0.9962903261184692;0.9957742094993591;0.9969193339347839;0.99679034948349;0.9978709816932678;0.9972419142723083;0.9969354867935181;0.9981774091720581;0.9981613159179688;0.9983870983123779;0.9977903366088867;0.99875807762146;0.9979032278060913;0.9982742071151733;0.9978387355804443;0.9978870749473572;0.9976451396942139;0.9982903003692627;0.9985483884811401;0.9979032278060913;0.9985806345939636;0.9984193444252014;0.9984999895095825;0.9980161190032959;0.9980161190032959;0.9987903237342834;0.9985161423683167;0.9982742071151733;0.9981451630592346;0.9987741708755493;0.9982258081436157;0.9987903237342834;0.998467743396759;0.9990322589874268;0.9988871216773987;0.9988548159599304;0.998903214931488;0.9990000128746033;0.9988387227058411;0.9991129040718079;0.9985483884811401;0.9988064765930176;0.9991773962974548;0.9990967512130737;0.999193549156189;0.9990322589874268;0.9991129040718079;0.9990322589874268;0.999129056930542;0.999338686466217;0.9993225932121277;0.9992741942405701;0.999193549156189;0.9991129040718079;0.9992903470993042;0.9992903470993042;0.9990967512130737;0.9992741942405701;0.9994032382965088;0.9993870854377747;0.999338686466217;0.9992903470993042;0.9993225932121277;0.9993709921836853;0.9994193315505981;0.9992741942405701;0.9994838833808899;0.9994516372680664;0.9995161294937134;0.9995483756065369;0.9995322823524475;0.9995161294937134;0.9995806217193604;0.9995967745780945;0.9996129274368286;0.999629020690918;0.999629020690918;0.999629020690918;0.9996612668037415;0.9996451735496521;0.9996774196624756;0.9996774196624756;0.9996774196624756;0.9997096657752991;0.9997096657752991;0.9997096657752991;0.9997096657752991;0.9997096657752991;0.9997096657752991;0.9997096657752991;0.9997096657752991;0.9997096657752991
4;ftnn-synth-conj-803106240a23c5ecf6388b49b51bec89.hdf5;dense-128-128;0.99151611328125;0.9923064708709717;0.9938387274742126;0.9935967922210693;0.9944999814033508;0.9956129193305969;0.9949677586555481;0.9953548312187195;0.9968709945678711;0.9963387250900269;0.9966613054275513;0.9970483779907227;0.997290313243866;0.9970645308494568;0.9975000023841858;0.997290313243866;0.9978870749473572;0.9982580542564392;0.9978870749473572;0.9983386993408203;0.9981774091720581;0.9983064532279968;0.9985645413398743;0.9981774091720581;0.9972742199897766;0.9968709945678711;0.9978387355804443;0.9974032044410706;0.9983548521995544;0.9979677200317383;0.9981290102005005;0.9984999895095825;0.9984515905380249;0.9982742071151733;0.9976451396942139;0.9984032511711121;0.9983548521995544;0.9985645413398743;0.9982096552848816;0.9985483884811401;0.9987096786499023;0.9984838962554932;0.99875807762146;0.9988871216773987;0.9987258315086365;0.9986128807067871;0.9987258315086365;0.9986290335655212;0.9990161061286926;0.9988225698471069;0.9990484118461609;0.9988548159599304;0.9988709688186646;0.9990322589874268;0.9990645051002502;0.9991129040718079;0.9990806579589844;0.999193549156189;0.9990484118461609;0.9992097020149231;0.9990806579589844;0.9992097020149231;0.9992419481277466;0.9992097020149231;0.9991613030433655;0.9992419481277466;0.9992903470993042;0.9990645051002502;0.9992903470993042;0.9992741942405701;0.9992903470993042;0.9993225932121277;0.9993225932121277;0.9994032382965088;0.9993709921836853;0.9993709921836853;0.9994032382965088;0.9994677305221558;0.9994677305221558;0.9994999766349792;0.9994999766349792;0.9995322823524475;0.9994999766349792;0.9995161294937134;0.9995322823524475;0.9995483756065369;0.9996129274368286;0.999629020690918;0.9996451735496521;0.9996451735496521;0.9996451735496521;0.9996451735496521;0.9996451735496521;0.9996612668037415;0.9996451735496521;0.9996451735496521;0.9996451735496521;0.9996451735496521;0.9996451735496521;0.9996451735496521
5;ftnn-synth-conj-803106240a23c5ecf6388b49b51bec89.hdf5;dense-128-128;0.9910967946052551;0.9917258024215698;0.9930806159973145;0.994080662727356;0.9950000047683716;0.9946774244308472;0.9958709478378296;0.9958226084709167;0.996419370174408;0.9969838857650757;0.9971129298210144;0.9971774220466614;0.9974677562713623;0.9970322847366333;0.9978709816932678;0.9960806369781494;0.9970322847366333;0.9970967769622803;0.9983548521995544;0.9984032511711121;0.9978387355804443;0.9974355101585388;0.9984032511711121;0.9984838962554932;0.9972419142723083;0.9984515905380249;0.9983870983123779;0.997596800327301;0.9984032511711121;0.9986612796783447;0.9986774325370789;0.9987096786499023;0.998322606086731;0.9983709454536438;0.9984193444252014;0.9984838962554932;0.9980161190032959;0.998467743396759;0.9984999895095825;0.9984999895095825;0.9984354972839355;0.9986612796783447;0.9988709688186646;0.9986290335655212;0.9990322589874268;0.9988064765930176;0.9988387227058411;0.9989677667617798;0.9990322589874268;0.9990000128746033;0.9989354610443115;0.9988709688186646;0.9988225698471069;0.998903214931488;0.9990161061286926;0.9992257952690125;0.9991129040718079;0.9992419481277466;0.9992257952690125;0.998903214931488;0.9992257952690125;0.999193549156189;0.9990645051002502;0.9992419481277466;0.9992097020149231;0.9993225932121277;0.9991773962974548;0.9992097020149231;0.9992097020149231;0.999193549156189;0.9992903470993042;0.9992580413818359;0.9993709921836853;0.9993709921836853;0.9993709921836853;0.9993870854377747;0.9993709921836853;0.9993709921836853;0.999338686466217;0.9993870854377747;0.9993870854377747;0.9993870854377747;0.9993870854377747;0.9993870854377747;0.9993870854377747;0.9994193315505981;0.9994193315505981;0.9994354844093323;0.9994516372680664;0.9994516372680664;0.9994677305221558;0.9994677305221558;0.9994677305221558;0.9994838833808899;0.9995161294937134;0.9995161294937134;0.9995322823524475;0.9995322823524475;0.9995322823524475;0.999564528465271
1;ftnn-synth-conj-803106240a23c5ecf6388b49b51bec89.hdf5;dense-256-256;0.9916774034500122;0.9932419061660767;0.9951451420783997;0.9948225617408752;0.9942580461502075;0.9954193830490112;0.9960322380065918;0.9960483908653259;0.9961128830909729;0.9962903261184692;0.9964516162872314;0.9967419505119324;0.9965161085128784;0.9963709712028503;0.997725784778595;0.9979516267776489;0.9980161190032959;0.9961451888084412;0.9979677200317383;0.9974193572998047;0.9977096915245056;0.9974838495254517;0.9975000023841858;0.9979838728904724;0.998532235622406;0.9988871216773987;0.9982903003692627;0.9987258315086365;0.9975806474685669;0.9985967874526978;0.9985967874526978;0.9984515905380249;0.9985161423683167;0.9985161423683167;0.9987419247627258;0.998467743396759;0.9986128807067871;0.9988871216773987;0.9984838962554932;0.9985483884811401;0.9983064532279968;0.9988064765930176;0.9984193444252014;0.9988225698471069;0.9989193677902222;0.9989838600158691;0.999193549156189;0.9990000128746033;0.9989354610443115;0.9989838600158691;0.9987419247627258;0.9986612796783447;0.9989838600158691;0.9991451501846313;0.9989354610443115;0.9990000128746033;0.9992419481277466;0.9989677667617798;0.999129056930542;0.999129056930542;0.9992419481277466;0.9992257952690125;0.9991451501846313;0.999193549156189;0.9992257952690125;0.9992097020149231;0.9991773962974548;0.9992097020149231;0.9993064403533936;0.999338686466217;0.9993225932121277;0.9992741942405701;0.999338686466217;0.9993709921836853;0.9993870854377747;0.9993870854377747;0.9993870854377747;0.9993709921836853;0.9993709921836853;0.9993709921836853;0.9993870854377747;0.9993870854377747;0.9993870854377747;0.9993870854377747;0.9993870854377747;0.9994193315505981;0.9994193315505981;0.9994193315505981;0.9994354844093323;0.9994516372680664;0.9994516372680664;0.9994677305221558;0.9994677305221558;0.9994838833808899;0.9994838833808899;0.9994999766349792;0.9995161294937134;0.9995161294937134;0.9995161294937134;0.9995322823524475
2;ftnn-synth-conj-803106240a23c5ecf6388b49b51bec89.hdf5;dense-256-256;0.9919677376747131;0.9930645227432251;0.9942741990089417;0.9945967793464661;0.9934355020523071;0.9951128959655762;0.995322585105896;0.9950968027114868;0.9946129322052002;0.9953709840774536;0.9956290125846863;0.994516134262085;0.9941290616989136;0.9966451525688171;0.9949838519096375;0.9966451525688171;0.9964677691459656;0.9954677224159241;0.9966129064559937;0.9973225593566895;0.9962903261184692;0.9970967769622803;0.9975000023841858;0.9975806474685669;0.9964677691459656;0.9976290464401245;0.9978064298629761;0.9974355101585388;0.9979032278060913;0.9983709454536438;0.9981774091720581;0.9984193444252014;0.9983548521995544;0.9984032511711121;0.9984193444252014;0.9988709688186646;0.9982903003692627;0.9983709454536438;0.9979838728904724;0.9981935620307922;0.9988387227058411;0.9987741708755493;0.9988548159599304;0.9987741708755493;0.9982580542564392;0.9985967874526978;0.9987258315086365;0.9990645051002502;0.9988064765930176;0.9985967874526978;0.9987903237342834;0.9985161423683167;0.99875807762146;0.998903214931488;0.9990000128746033;0.9988871216773987;0.998903214931488;0.9990645051002502;0.9991129040718079;0.9988225698471069;0.9990806579589844;0.998903214931488;0.9989516139030457;0.9991773962974548;0.9990484118461609;0.999129056930542;0.9990967512130737;0.9990161061286926;0.999193549156189;0.9991613030433655;0.9993064403533936;0.9993225932121277;0.9992741942405701;0.9992257952690125;0.999338686466217;0.999338686466217;0.9993709921836853;0.9993548393249512;0.9993548393249512;0.9993870854377747;0.9994032382965088;0.9994032382965088;0.9994032382965088;0.9994193315505981;0.9994193315505981;0.9994354844093323;0.9994354844093323;0.9994516372680664;0.9994838833808899;0.9994999766349792;0.9994999766349792;0.9994838833808899;0.9995161294937134;0.9994999766349792;0.9995161294937134;0.9995161294937134;0.9995322823524475;0.9995483756065369;0.9995483756065369;0.999564528465271
3;ftnn-synth-conj-803106240a23c5ecf6388b49b51bec89.hdf5;dense-256-256;0.9910322427749634;0.9929677248001099;0.9942741990089417;0.9925161004066467;0.995258092880249;0.9957258105278015;0.9963225722312927;0.9970161318778992;0.9974032044410706;0.9966773986816406;0.9960806369781494;0.9975161552429199;0.9972580671310425;0.9969838857650757;0.9971451759338379;0.9972742199897766;0.9985806345939636;0.9976935386657715;0.996854841709137;0.9954838752746582;0.9974677562713623;0.9979354739189148;0.9986128807067871;0.998096764087677;0.9984354972839355;0.9979193806648254;0.9984999895095825;0.9984032511711121;0.9975000023841858;0.9980483651161194;0.9981129169464111;0.9982580542564392;0.9987258315086365;0.9987903237342834;0.9982258081436157;0.9983548521995544;0.9988548159599304;0.9984032511711121;0.9982419610023499;0.9984354972839355;0.9987419247627258;0.9985645413398743;0.9977419376373291;0.9989354610443115;0.998467743396759;0.9988064765930176;0.9988548159599304;0.9987096786499023;0.9990161061286926;0.9988225698471069;0.9990161061286926;0.9990161061286926;0.9990645051002502;0.9993064403533936;0.999193549156189;0.9987741708755493;0.9991129040718079;0.9993225932121277;0.9990000128746033;0.9992741942405701;0.9990484118461609;0.9992097020149231;0.9991129040718079;0.999193549156189;0.9992741942405701;0.9992580413818359;0.999129056930542;0.9993870854377747;0.9992903470993042;0.9993870854377747;0.999338686466217;0.9994193315505981;0.9994677305221558;0.9992903470993042;0.9994838833808899;0.9994838833808899;0.9995161294937134;0.9995161294937134;0.9995483756065369;0.9995967745780945;0.9995967745780945;0.9996774196624756;0.999629020690918;0.9996612668037415;0.9996612668037415;0.9996612668037415;0.9996935725212097;0.9996774196624756;0.9997096657752991;0.9997258186340332;0.9997258186340332;0.9997258186340332;0.9997258186340332;0.9997258186340332;0.9997258186340332;0.9997258186340332;0.9997258186340332;0.9997419118881226;0.9997419118881226;0.9997419118881226
4;ftnn-synth-conj-803106240a23c5ecf6388b49b51bec89.hdf5;dense-256-256;0.9919838905334473;0.9927903413772583;0.9929032325744629;0.9947903156280518;0.9940000176429749;0.9958709478378296;0.9950806498527527;0.9948548674583435;0.9945967793464661;0.9965484142303467;0.9969838857650757;0.9963387250900269;0.996854841709137;0.9964838624000549;0.9973225593566895;0.9962096810340881;0.9974516034126282;0.9979677200317383;0.9963709712028503;0.9976451396942139;0.9969354867935181;0.9976128935813904;0.997661292552948;0.9978064298629761;0.9983548521995544;0.9982419610023499;0.9971612691879272;0.9986451864242554;0.9979516267776489;0.9975484013557434;0.9980483651161194;0.998467743396759;0.9987419247627258;0.9984515905380249;0.9977419376373291;0.9987258315086365;0.998532235622406;0.9981774091720581;0.9988064765930176;0.9984354972839355;0.9988548159599304;0.9987741708755493;0.9986774325370789;0.9988387227058411;0.9988387227058411;0.9988709688186646;0.9987903237342834;0.9989838600158691;0.9990161061286926;0.9990806579589844;0.9988225698471069;0.9988548159599304;0.9989193677902222;0.9990806579589844;0.999129056930542;0.9990967512130737;0.9988064765930176;0.9985161423683167;0.9991129040718079;0.9991773962974548;0.9990322589874268;0.9990484118461609;0.9990000128746033;0.9992097020149231;0.9990967512130737;0.9993225932121277;0.9992097020149231;0.9991613030433655;0.9993064403533936;0.9993709921836853;0.9993548393249512;0.9992903470993042;0.9993709921836853;0.9993709921836853;0.9993709921836853;0.9993709921836853;0.9993709921836853;0.9993709921836853;0.9993709921836853;0.9993709921836853;0.9994193315505981;0.9993709921836853;0.9993709921836853;0.9993709921836853;0.9993709921836853;0.9994032382965088;0.9993870854377747;0.9994032382965088;0.9994354844093323;0.9994354844093323;0.9994677305221558;0.9994838833808899;0.9994838833808899;0.9994838833808899;0.9994999766349792;0.9995322823524475;0.9995322823524475;0.9995483756065369;0.9995483756065369;0.9995483756065369
5;ftnn-synth-conj-803106240a23c5ecf6388b49b51bec89.hdf5;dense-256-256;0.9909999966621399;0.9915483593940735;0.9931612610816956;0.9931290149688721;0.9941613078117371;0.995258092880249;0.9952257871627808;0.9943225979804993;0.9950161576271057;0.9964354634284973;0.9952096939086914;0.9962903261184692;0.9955483675003052;0.9969677329063416;0.9966290593147278;0.9973225593566895;0.9973387122154236;0.9981129169464111;0.9972742199897766;0.9975806474685669;0.9968870878219604;0.9983064532279968;0.9972580671310425;0.9974516034126282;0.9983386993408203;0.9967741966247559;0.9976290464401245;0.9984032511711121;0.9986774325370789;0.9987096786499023;0.9986451864242554;0.9985483884811401;0.9987258315086365;0.997661292552948;0.9984838962554932;0.9978709816932678;0.9983709454536438;0.9985967874526978;0.9985645413398743;0.9985483884811401;0.9986612796783447;0.998467743396759;0.9988064765930176;0.9990484118461609;0.9988709688186646;0.9988064765930176;0.9989838600158691;0.9989354610443115;0.9989677667617798;0.9990806579589844;0.9990645051002502;0.9990967512130737;0.9990645051002502;0.9991613030433655;0.9990161061286926;0.9989516139030457;0.9989677667617798;0.9990161061286926;0.9990967512130737;0.9993225932121277;0.9990322589874268;0.9990806579589844;0.9989354610443115;0.9990322589874268;0.9989838600158691;0.9992580413818359;0.9991773962974548;0.999193549156189;0.9992903470993042;0.9993064403533936;0.9992741942405701;0.9992903470993042;0.9993064403533936;0.999338686466217;0.9992903470993042;0.999338686466217;0.9993064403533936;0.9993709921836853;0.9993548393249512;0.9993548393249512;0.9993870854377747;0.9993870854377747;0.9993870854377747;0.9993870854377747;0.9993870854377747;0.9993870854377747;0.9994032382965088;0.9994193315505981;0.9994193315505981;0.9994193315505981;0.9994193315505981;0.9994516372680664;0.9994516372680664;0.9994838833808899;0.9994838833808899;0.9995161294937134;0.9995161294937134;0.9995161294937134;0.9995161294937134;0.9995322823524475
1;ftnn-synth-conj-803106240a23c5ecf6388b49b51bec89.hdf5;dense-512-512;0.9912903308868408;0.9929677248001099;0.9938871264457703;0.9942419528961182;0.9947742223739624;0.9952096939086914;0.9935322403907776;0.9943548440933228;0.9962903261184692;0.9963064789772034;0.9950322508811951;0.9965484142303467;0.9946935772895813;0.996193528175354;0.9965000152587891;0.9957096576690674;0.9968870878219604;0.9959677457809448;0.9965484142303467;0.996193528175354;0.9957419633865356;0.9962903261184692;0.9970322847366333;0.9963064789772034;0.9972419142723083;0.9971612691879272;0.9974516034126282;0.996999979019165;0.9971935749053955;0.9968386888504028;0.9975322484970093;0.9974516034126282;0.9979516267776489;0.9978225827217102;0.9980000257492065;0.9979193806648254;0.9978548288345337;0.9980000257492065;0.997596800327301;0.9982258081436157;0.9980483651161194;0.9975806474685669;0.9981290102005005;0.9984193444252014;0.9983064532279968;0.9979193806648254;0.9983709454536438;0.9985483884811401;0.9986128807067871;0.9982903003692627;0.9983870983123779;0.9983870983123779;0.9980645179748535;0.9985645413398743;0.9985483884811401;0.9986935257911682;0.9987258315086365;0.9985645413398743;0.9987096786499023;0.9986935257911682;0.99875807762146;0.9989354610443115;0.9987258315086365;0.9987096786499023;0.9989193677902222;0.9988871216773987;0.9989193677902222;0.9988387227058411;0.9988225698471069;0.9989354610443115;0.9989516139030457;0.9989677667617798;0.9990161061286926;0.9989838600158691;0.9990161061286926;0.9990806579589844;0.9990645051002502;0.9990806579589844;0.9990967512130737;0.9990967512130737;0.9990967512130737;0.9991129040718079;0.9991129040718079;0.9991451501846313;0.9991129040718079;0.999129056930542;0.9991451501846313;0.9991773962974548;0.9991773962974548;0.999193549156189;0.9992097020149231;0.9992097020149231;0.9992097020149231;0.9992097020149231;0.9992097020149231;0.9992097020149231;0.9992257952690125;0.9992257952690125;0.9992257952690125;0.9992257952690125
2;ftnn-synth-conj-803106240a23c5ecf6388b49b51bec89.hdf5;dense-512-512;0.9924516081809998;0.9932096600532532;0.9928548336029053;0.9946129322052002;0.9939354658126831;0.994951605796814;0.9952257871627808;0.9953548312187195;0.9965000152587891;0.9958548545837402;0.995258092880249;0.9942903518676758;0.9955806732177734;0.9970161318778992;0.9961451888084412;0.9957903027534485;0.9957419633865356;0.9962258338928223;0.9969838857650757;0.9969354867935181;0.9977096915245056;0.9965000152587891;0.9968709945678711;0.9968386888504028;0.9978225827217102;0.998096764087677;0.9978548288345337;0.9977741837501526;0.9971451759338379;0.9981613159179688;0.9980000257492065;0.9979838728904724;0.9983548521995544;0.9979838728904724;0.998096764087677;0.9979032278060913;0.9982742071151733;0.9977419376373291;0.9984193444252014;0.9978870749473572;0.9979193806648254;0.9982742071151733;0.9982419610023499;0.9984354972839355;0.9983064532279968;0.9986935257911682;0.9987419247627258;0.9984515905380249;0.9987419247627258;0.9986290335655212;0.9987096786499023;0.9988225698471069;0.9988064765930176;0.9986774325370789;0.9987096786499023;0.9985806345939636;0.9988709688186646;0.9988225698471069;0.9990000128746033;0.9992419481277466;0.99875807762146;0.9988548159599304;0.9989193677902222;0.9990000128746033;0.9989838600158691;0.999129056930542;0.9991613030433655;0.9992097020149231;0.9990161061286926;0.9988871216773987;0.9992257952690125;0.9992097020149231;0.9992257952690125;0.9992419481277466;0.9992257952690125;0.9992419481277466;0.9992257952690125;0.9992097020149231;0.9992741942405701;0.9992419481277466;0.9992419481277466;0.9992257952690125;0.9992741942405701;0.9992580413818359;0.9992580413818359;0.9992741942405701;0.9992903470993042;0.9993064403533936;0.9993225932121277;0.9993225932121277;0.9993225932121277;0.999338686466217;0.999338686466217;0.999338686466217;0.999338686466217;0.999338686466217;0.999338686466217;0.9993548393249512;0.9993548393249512;0.9993548393249512
3;ftnn-synth-conj-803106240a23c5ecf6388b49b51bec89.hdf5;dense-512-512;0.9911290407180786;0.992177426815033;0.9924354553222656;0.9898871183395386;0.9927257895469666;0.9941935539245605;0.9944032430648804;0.9943709969520569;0.9949677586555481;0.9961128830909729;0.996854841709137;0.9950806498527527;0.9969516396522522;0.9971129298210144;0.9962741732597351;0.9971129298210144;0.9973225593566895;0.9970322847366333;0.9968386888504028;0.9970967769622803;0.9971774220466614;0.9977096915245056;0.9973225593566895;0.9977580904960632;0.9973064661026001;0.997596800327301;0.9984193444252014;0.9983709454536438;0.9978387355804443;0.9983709454536438;0.9982419610023499;0.9982258081436157;0.9983386993408203;0.9981290102005005;0.998322606086731;0.9984354972839355;0.9983870983123779;0.9986612796783447;0.9981290102005005;0.9985967874526978;0.998467743396759;0.9985645413398743;0.9986451864242554;0.9988709688186646;0.998467743396759;0.9987096786499023;0.9988064765930176;0.9988871216773987;0.9987903237342834;0.9988871216773987;0.9987258315086365;0.9988871216773987;0.998903214931488;0.9989193677902222;0.9990322589874268;0.9987419247627258;0.9987419247627258;0.9990322589874268;0.9990322589874268;0.9990322589874268;0.9991129040718079;0.9991773962974548;0.9990161061286926;0.9990484118461609;0.9990645051002502;0.9991451501846313;0.9991129040718079;0.999129056930542;0.9991129040718079;0.9991773962974548;0.9992097020149231;0.9992419481277466;0.9992419481277466;0.9992741942405701;0.9993225932121277;0.9993225932121277;0.9993064403533936;0.9993548393249512;0.9993870854377747;0.9993709921836853;0.9993870854377747;0.9994193315505981;0.9994193315505981;0.9994354844093323;0.9994354844093323;0.9994354844093323;0.9994354844093323;0.9994354844093323;0.9994354844093323;0.9994354844093323;0.9994354844093323;0.9994516372680664;0.9994516372680664;0.9994516372680664;0.9994677305221558;0.9994677305221558;0.9994838833808899;0.9994838833808899;0.9994838833808899;0.9994838833808899
4;ftnn-synth-conj-803106240a23c5ecf6388b49b51bec89.hdf5;dense-512-512;0.9925161004066467;0.9925967454910278;0.9910322427749634;0.9944677352905273;0.9941129088401794;0.9947258234024048;0.99348384141922;0.9952903389930725;0.9960322380065918;0.9965000152587891;0.9951128959655762;0.9931612610816956;0.9950322508811951;0.9962419271469116;0.9964838624000549;0.9964516162872314;0.9969354867935181;0.9962258338928223;0.9966613054275513;0.9974193572998047;0.9963064789772034;0.9979677200317383;0.9980645179748535;0.9978870749473572;0.9963387250900269;0.9976128935813904;0.99803227186203;0.998322606086731;0.99803227186203;0.9977580904960632;0.9974838495254517;0.998467743396759;0.9980483651161194;0.9981129169464111;0.9985967874526978;0.9977903366088867;0.9984838962554932;0.9983870983123779;0.9982742071151733;0.9983870983123779;0.9986774325370789;0.9986935257911682;0.9982419610023499;0.998096764087677;0.9987419247627258;0.9986774325370789;0.9988064765930176;0.9986290335655212;0.9989838600158691;0.9988871216773987;0.9988064765930176;0.9989677667617798;0.9987741708755493;0.9988064765930176;0.999129056930542;0.9988387227058411;0.9988225698471069;0.9989838600158691;0.9988548159599304;0.9990645051002502;0.9989354610443115;0.9990322589874268;0.9988548159599304;0.9990967512130737;0.9988709688186646;0.999129056930542;0.9991773962974548;0.9991613030433655;0.9992257952690125;0.9992419481277466;0.9992257952690125;0.9992419481277466;0.9992741942405701;0.9992419481277466;0.9993225932121277;0.9993225932121277;0.999338686466217;0.999338686466217;0.9993548393249512;0.999338686466217;0.9994032382965088;0.9994032382965088;0.9993709921836853;0.9994032382965088;0.9994032382965088;0.9994032382965088;0.9994032382965088;0.9994193315505981;0.9994193315505981;0.9994193315505981;0.9994354844093323;0.9994516372680664;0.9994516372680664;0.9994516372680664;0.9994516372680664;0.9994677305221558;0.9994677305221558;0.9994838833808899;0.9994838833808899;0.9994838833808899
5;ftnn-synth-conj-803106240a23c5ecf6388b49b51bec89.hdf5;dense-512-512;0.9905967712402344;0.9927741885185242;0.9927419424057007;0.9937419295310974;0.9938387274742126;0.9953387379646301;0.995693564414978;0.9954838752746582;0.9968386888504028;0.9956290125846863;0.9972096681594849;0.9951290488243103;0.99679034948349;0.9951774477958679;0.9965484142303467;0.9968870878219604;0.9976935386657715;0.9977903366088867;0.9973225593566895;0.9971451759338379;0.99679034948349;0.997290313243866;0.9974193572998047;0.9970967769622803;0.9978870749473572;0.9985483884811401;0.998096764087677;0.9974032044410706;0.9979677200317383;0.9983709454536438;0.9972419142723083;0.9978387355804443;0.9987903237342834;0.9982903003692627;0.9978064298629761;0.9986451864242554;0.9986451864242554;0.9987741708755493;0.99875807762146;0.9986290335655212;0.9980161190032959;0.9988387227058411;0.9985161423683167;0.9988709688186646;0.9988548159599304;0.9990484118461609;0.9985645413398743;0.9987903237342834;0.9989193677902222;0.9991451501846313;0.9988871216773987;0.9991613030433655;0.9989677667617798;0.9989516139030457;0.9989354610443115;0.9989677667617798;0.9992419481277466;0.9990967512130737;0.9992741942405701;0.9990322589874268;0.9990806579589844;0.9992419481277466;0.9993225932121277;0.9990645051002502;0.9993064403533936;0.9992097020149231;0.9993225932121277;0.9993548393249512;0.9993709921836853;0.9992419481277466;0.9993225932121277;0.9993064403533936;0.9993548393249512;0.9993709921836853;0.9994032382965088;0.9994193315505981;0.9993870854377747;0.9994354844093323;0.9994193315505981;0.9994193315505981;0.9994516372680664;0.9994838833808899;0.9994677305221558;0.9994838833808899;0.9994999766349792;0.9994999766349792;0.9994999766349792;0.9994999766349792;0.9995161294937134;0.9995161294937134;0.9995161294937134;0.9995322823524475;0.9995483756065369;0.9995483756065369;0.9995483756065369;0.9995483756065369;0.9995483756065369;0.999564528465271;0.999564528465271;0.999564528465271
1;ftnn-synth-conj-803106240a23c5ecf6388b49b51bec89.hdf5;dense-1024-1024;0.9898871183395386;0.9918226003646851;0.9936612844467163;0.9948387145996094;0.9921612739562988;0.9944999814033508;0.9958871006965637;0.9923387169837952;0.995387077331543;0.9936128854751587;0.9954193830490112;0.9969354867935181;0.9959677457809448;0.9960483908653259;0.9948387145996094;0.9966451525688171;0.9968225955963135;0.9970322847366333;0.9963709712028503;0.9962419271469116;0.9971290230751038;0.9974677562713623;0.9975322484970093;0.9975322484970093;0.9962741732597351;0.9968870878219604;0.9979677200317383;0.9971935749053955;0.9971774220466614;0.9974355101585388;0.9977580904960632;0.9975484013557434;0.9966451525688171;0.9981290102005005;0.9976451396942139;0.9978225827217102;0.9981613159179688;0.9984193444252014;0.9984032511711121;0.9983870983123779;0.998322606086731;0.9982258081436157;0.9983709454536438;0.9982096552848816;0.9984515905380249;0.9984999895095825;0.9985806345939636;0.9984515905380249;0.9985161423683167;0.9986290335655212;0.9987096786499023;0.9986935257911682;0.9987258315086365;0.9988871216773987;0.9988709688186646;0.99875807762146;0.9988064765930176;0.9988387227058411;0.9987903237342834;0.9987741708755493;0.9988387227058411;0.9990161061286926;0.9988548159599304;0.998903214931488;0.9990806579589844;0.9990484118461609;0.9989838600158691;0.9990322589874268;0.9987903237342834;0.9991613030433655;0.9992419481277466;0.9992097020149231;0.9992097020149231;0.999193549156189;0.9992257952690125;0.9992419481277466;0.9992419481277466;0.9992580413818359;0.9992257952690125;0.9992257952690125;0.9992419481277466;0.9992580413818359;0.9992419481277466;0.9992580413818359;0.9992257952690125;0.9992257952690125;0.9992419481277466;0.9992580413818359;0.9992580413818359;0.9992580413818359;0.9992580413818359;0.9993064403533936;0.9993225932121277;0.999338686466217;0.999338686466217;0.999338686466217;0.9993548393249512;0.9993548393249512;0.9993709921836853;0.9993709921836853
2;ftnn-synth-conj-803106240a23c5ecf6388b49b51bec89.hdf5;dense-1024-1024;0.9904516339302063;0.9896290302276611;0.9931451678276062;0.9922580718994141;0.9949193596839905;0.9936290383338928;0.9949193596839905;0.9959677457809448;0.9949193596839905;0.995387077331543;0.9966613054275513;0.9969032406806946;0.9947580695152283;0.9967419505119324;0.9959677457809448;0.996193528175354;0.9968709945678711;0.996854841709137;0.9963548183441162;0.9970806241035461;0.9968225955963135;0.9965161085128784;0.9968386888504028;0.9976774454116821;0.9973709583282471;0.996193528175354;0.9956613183021545;0.9972580671310425;0.9970161318778992;0.9980645179748535;0.9971935749053955;0.9974355101585388;0.9969677329063416;0.9979193806648254;0.9975484013557434;0.9980000257492065;0.9981129169464111;0.9974193572998047;0.9976774454116821;0.9970322847366333;0.998467743396759;0.9980806708335876;0.9986774325370789;0.9978870749473572;0.9984032511711121;0.9979354739189148;0.9985161423683167;0.998532235622406;0.9982419610023499;0.9984193444252014;0.998532235622406;0.9986612796783447;0.9984999895095825;0.9986290335655212;0.9987419247627258;0.9986451864242554;0.9985967874526978;0.9986935257911682;0.9986451864242554;0.9988548159599304;0.9988548159599304;0.9985483884811401;0.9988709688186646;0.9989838600158691;0.9988709688186646;0.9990484118461609;0.9990806579589844;0.9989354610443115;0.9990000128746033;0.9990645051002502;0.9990806579589844;0.9990645051002502;0.9990967512130737;0.9991451501846313;0.9991613030433655;0.9991613030433655;0.9991613030433655;0.9991451501846313;0.9991613030433655;0.9991613030433655;0.9991773962974548;0.999193549156189;0.999193549156189;0.9992097020149231;0.9992257952690125;0.9992419481277466;0.9992419481277466;0.9992419481277466;0.9992419481277466;0.9992419481277466;0.9992419481277466;0.9992580413818359;0.9992580413818359;0.9992580413818359;0.9992741942405701;0.9992741942405701;0.9992741942405701;0.9993064403533936;0.9993064403533936;0.9993064403533936
3;ftnn-synth-conj-803106240a23c5ecf6388b49b51bec89.hdf5;dense-1024-1024;0.9903709888458252;0.9908709526062012;0.991887092590332;0.9940967559814453;0.9943064451217651;0.9937580823898315;0.9944193363189697;0.9947742223739624;0.9949677586555481;0.9954193830490112;0.9959354996681213;0.9965000152587891;0.9967580437660217;0.9958709478378296;0.9966773986816406;0.9962419271469116;0.9969032406806946;0.9969354867935181;0.9959677457809448;0.9975806474685669;0.9970483779907227;0.9979516267776489;0.9982580542564392;0.997596800327301;0.9977096915245056;0.9977096915245056;0.9981129169464111;0.9982742071151733;0.9981935620307922;0.9978548288345337;0.9985645413398743;0.9986451864242554;0.9986451864242554;0.99803227186203;0.9981129169464111;0.9981129169464111;0.9986774325370789;0.9981613159179688;0.9986774325370789;0.9975322484970093;0.99875807762146;0.9983064532279968;0.9985645413398743;0.9985967874526978;0.9986128807067871;0.9987258315086365;0.9984838962554932;0.9984999895095825;0.9988225698471069;0.9989193677902222;0.9988225698471069;0.9991613030433655;0.9987096786499023;0.9989516139030457;0.9989516139030457;0.9982903003692627;0.9989516139030457;0.9989677667617798;0.9991129040718079;0.9990000128746033;0.9987741708755493;0.9990322589874268;0.9988225698471069;0.999129056930542;0.9990967512130737;0.9991451501846313;0.9992419481277466;0.999193549156189;0.9992419481277466;0.9991451501846313;0.9992580413818359;0.9992903470993042;0.9992580413818359;0.9994032382965088;0.9994032382965088;0.9993870854377747;0.9993709921836853;0.9993709921836853;0.9994193315505981;0.9994032382965088;0.9993870854377747;0.9993870854377747;0.9994032382965088;0.9994354844093323;0.9994516372680664;0.9994516372680664;0.9994516372680664;0.9994677305221558;0.9994677305221558;0.9994677305221558;0.9994838833808899;0.9995161294937134;0.9995161294937134;0.9995322823524475;0.9995483756065369;0.9995483756065369;0.999564528465271;0.999564528465271;0.999564528465271;0.999564528465271
4;ftnn-synth-conj-803106240a23c5ecf6388b49b51bec89.hdf5;dense-1024-1024;0.9894838929176331;0.9928386807441711;0.9937419295310974;0.9932903051376343;0.9941935539245605;0.9942097067832947;0.9948225617408752;0.9950484037399292;0.9962580800056458;0.9945645332336426;0.9961612820625305;0.9948548674583435;0.9957742094993591;0.9955806732177734;0.9964838624000549;0.9968064427375793;0.9963387250900269;0.997225821018219;0.9962741732597351;0.9971290230751038;0.9955322742462158;0.9968225955963135;0.9960483908653259;0.9964838624000549;0.9966773986816406;0.9971612691879272;0.9968709945678711;0.9974677562713623;0.9966613054275513;0.9966773986816406;0.9984838962554932;0.9970645308494568;0.9970806241035461;0.997290313243866;0.9977580904960632;0.9981935620307922;0.9979193806648254;0.9977096915245056;0.9980000257492065;0.998467743396759;0.9973225593566895;0.9979838728904724;0.998096764087677;0.9980161190032959;0.9987419247627258;0.9979193806648254;0.9983064532279968;0.9978387355804443;0.9982742071151733;0.9985483884811401;0.9983064532279968;0.9985645413398743;0.9984999895095825;0.9987741708755493;0.9986451864242554;0.9986935257911682;0.9988548159599304;0.9986128807067871;0.9989677667617798;0.9988225698471069;0.9987258315086365;0.9989354610443115;0.9988871216773987;0.9990806579589844;0.9988709688186646;0.9990161061286926;0.9991129040718079;0.998903214931488;0.999129056930542;0.9990967512130737;0.9991451501846313;0.999129056930542;0.999129056930542;0.9992257952690125;0.9992097020149231;0.9992419481277466;0.999193549156189;0.9992257952690125;0.9992097020149231;0.9992580413818359;0.9992419481277466;0.9992741942405701;0.9992903470993042;0.9992903470993042;0.9992903470993042;0.9993225932121277;0.9993064403533936;0.9993225932121277;0.9993548393249512;0.9993870854377747;0.9993870854377747;0.9993870854377747;0.9993870854377747;0.9993870854377747;0.9993870854377747;0.9993870854377747;0.9993870854377747;0.9994032382965088;0.9994032382965088;0.9994032382965088
5;ftnn-synth-conj-803106240a23c5ecf6388b49b51bec89.hdf5;dense-1024-1024;0.9911128878593445;0.9926612973213196;0.9925000071525574;0.9940161108970642;0.9943064451217651;0.9943225979804993;0.9948548674583435;0.9955967664718628;0.9959999918937683;0.9941935539245605;0.9963548183441162;0.9959032535552979;0.9942419528961182;0.9958871006965637;0.9960322380065918;0.9967097043991089;0.9968870878219604;0.9955645203590393;0.9954838752746582;0.9970645308494568;0.9966935515403748;0.9965484142303467;0.9969032406806946;0.9968064427375793;0.9976451396942139;0.9964354634284973;0.9968870878219604;0.9973548650741577;0.9973548650741577;0.9975644946098328;0.9975161552429199;0.997596800327301;0.9966129064559937;0.9977580904960632;0.998096764087677;0.9962580800056458;0.9976935386657715;0.998096764087677;0.9984032511711121;0.9980645179748535;0.9983548521995544;0.9981774091720581;0.998322606086731;0.998096764087677;0.9979838728904724;0.9981613159179688;0.9981129169464111;0.9986774325370789;0.9986774325370789;0.9986451864242554;0.9988548159599304;0.9983064532279968;0.9985483884811401;0.9986290335655212;0.9986774325370789;0.9988871216773987;0.9987096786499023;0.9987419247627258;0.9989354610443115;0.99875807762146;0.998903214931488;0.9988548159599304;0.9989193677902222;0.9988548159599304;0.9989193677902222;0.9990322589874268;0.9990806579589844;0.9990000128746033;0.9990806579589844;0.9990806579589844;0.9991129040718079;0.9991613030433655;0.9992097020149231;0.9992097020149231;0.999193549156189;0.9992741942405701;0.9992419481277466;0.9992580413818359;0.9992257952690125;0.9992741942405701;0.9992580413818359;0.9992257952690125;0.9992419481277466;0.9992257952690125;0.9992257952690125;0.9992580413818359;0.9992580413818359;0.9992580413818359;0.9993225932121277;0.999338686466217;0.999338686466217;0.9993548393249512;0.9993548393249512;0.9993709921836853;0.9993870854377747;0.9993870854377747;0.9993870854377747;0.9993870854377747;0.9993870854377747;0.9993870854377747
1;ftnn-synth-conj-803106240a23c5ecf6388b49b51bec89.hdf5;dense-2048-2048;0.9897096753120422;0.9922419190406799;0.9929032325744629;0.9930967688560486;0.9933225512504578;0.9929193258285522;0.9948548674583435;0.993048369884491;0.9960483908653259;0.9947580695152283;0.9950161576271057;0.9949032068252563;0.9949355125427246;0.9952257871627808;0.9957096576690674;0.9962580800056458;0.9953064322471619;0.9959677457809448;0.9953548312187195;0.9969032406806946;0.9960806369781494;0.9973548650741577;0.9967741966247559;0.9964032173156738;0.9973387122154236;0.9969032406806946;0.9967257976531982;0.9971290230751038;0.9964677691459656;0.9969516396522522;0.9972580671310425;0.997225821018219;0.9972419142723083;0.9970645308494568;0.9974032044410706;0.9972580671310425;0.9974193572998047;0.9963709712028503;0.9979032278060913;0.9980806708335876;0.9972580671310425;0.996999979019165;0.9981613159179688;0.9976935386657715;0.9979193806648254;0.9978387355804443;0.9978064298629761;0.99803227186203;0.997596800327301;0.9980161190032959;0.9984838962554932;0.9981290102005005;0.9979193806648254;0.9979193806648254;0.9981451630592346;0.9982903003692627;0.9981451630592346;0.9982580542564392;0.9982903003692627;0.998532235622406;0.9981613159179688;0.998532235622406;0.9984032511711121;0.9983709454536438;0.9986774325370789;0.9986128807067871;0.9983064532279968;0.9986774325370789;0.9987419247627258;0.9986451864242554;0.9987419247627258;0.9987258315086365;0.9986935257911682;0.9987096786499023;0.9987258315086365;0.9988387227058411;0.9987741708755493;0.9988387227058411;0.9988064765930176;0.998903214931488;0.9988709688186646;0.9988387227058411;0.9988225698471069;0.9988225698471069;0.9988871216773987;0.9988871216773987;0.9988387227058411;0.9988387227058411;0.9988225698471069;0.9988225698471069;0.9988225698471069;0.9988225698471069;0.9988387227058411;0.9988548159599304;0.9988709688186646;0.9989193677902222;0.9989193677902222;0.9989193677902222;0.9989354610443115;0.9989354610443115
2;ftnn-synth-conj-803106240a23c5ecf6388b49b51bec89.hdf5;dense-2048-2048;0.9897580742835999;0.9928870797157288;0.9912903308868408;0.9928548336029053;0.993048369884491;0.9925000071525574;0.9908064603805542;0.9932742118835449;0.993048369884491;0.9950644969940186;0.9950644969940186;0.9955483675003052;0.9957096576690674;0.996193528175354;0.9961128830909729;0.9929999709129333;0.9963709712028503;0.9959193468093872;0.9958064556121826;0.9955967664718628;0.9968870878219604;0.997596800327301;0.9971612691879272;0.9966935515403748;0.9973871111869812;0.9974677562713623;0.9979354739189148;0.9978870749473572;0.9972580671310425;0.9974032044410706;0.9967419505119324;0.9980000257492065;0.9978387355804443;0.9971935749053955;0.9981935620307922;0.9978709816932678;0.9983709454536438;0.9977580904960632;0.99803227186203;0.9979193806648254;0.9980483651161194;0.9981451630592346;0.9981129169464111;0.9983064532279968;0.998096764087677;0.9981935620307922;0.9982096552848816;0.9981935620307922;0.9984193444252014;0.9988709688186646;0.998467743396759;0.9983709454536438;0.9987258315086365;0.9986774325370789;0.9985645413398743;0.998532235622406;0.9986774325370789;0.9988064765930176;0.9986290335655212;0.9987903237342834;0.9986774325370789;0.9988871216773987;0.99875807762146;0.9988871216773987;0.9988709688186646;0.998903214931488;0.998903214931488;0.9990000128746033;0.9989193677902222;0.9990161061286926;0.9989516139030457;0.9989838600158691;0.9989838600158691;0.9990645051002502;0.9990806579589844;0.9990967512130737;0.9990967512130737;0.9990967512130737;0.9991129040718079;0.9991129040718079;0.9991129040718079;0.999129056930542;0.999129056930542;0.9991451501846313;0.9991451501846313;0.9991451501846313;0.9991613030433655;0.9991773962974548;0.999193549156189;0.9991773962974548;0.9991773962974548;0.999193549156189;0.9992097020149231;0.9992097020149231;0.9992097020149231;0.9992097020149231;0.9992097020149231;0.9992257952690125;0.9992419481277466;0.9992419481277466
3;ftnn-synth-conj-803106240a23c5ecf6388b49b51bec89.hdf5;dense-2048-2048;0.9894677400588989;0.9928225874900818;0.9920161366462708;0.9910967946052551;0.9937741756439209;0.987645149230957;0.9911290407180786;0.9939838647842407;0.9934999942779541;0.9944838881492615;0.9936128854751587;0.9955806732177734;0.9960322380065918;0.9951612949371338;0.9955806732177734;0.995258092880249;0.9958871006965637;0.9961128830909729;0.9968064427375793;0.9973225593566895;0.9965806603431702;0.9960322380065918;0.9973064661026001;0.9970322847366333;0.9966129064559937;0.9957742094993591;0.9968386888504028;0.9980483651161194;0.9973709583282471;0.998096764087677;0.9975484013557434;0.9973709583282471;0.9978548288345337;0.9971129298210144;0.9975484013557434;0.997290313243866;0.9977903366088867;0.9985806345939636;0.9982096552848816;0.9982742071151733;0.9983870983123779;0.9984193444252014;0.998096764087677;0.9982742071151733;0.9982903003692627;0.998532235622406;0.9982903003692627;0.998322606086731;0.9981451630592346;0.998532235622406;0.9982903003692627;0.9986774325370789;0.9982580542564392;0.9986290335655212;0.9987419247627258;0.9989193677902222;0.9986451864242554;0.9984193444252014;0.9988064765930176;0.9987258315086365;0.9988225698471069;0.9988225698471069;0.9988064765930176;0.9987741708755493;0.9989193677902222;0.9988871216773987;0.9988225698471069;0.9990645051002502;0.9989516139030457;0.9990645051002502;0.9991613030433655;0.9990967512130737;0.9990967512130737;0.9990967512130737;0.9991451501846313;0.9991451501846313;0.9991451501846313;0.999129056930542;0.9991613030433655;0.9991451501846313;0.9991451501846313;0.9991451501846313;0.9991451501846313;0.9991451501846313;0.9991613030433655;0.9991613030433655;0.9991613030433655;0.9991613030433655;0.9991613030433655;0.9991613030433655;0.9991613030433655;0.9991773962974548;0.9992097020149231;0.9992097020149231;0.9992097020149231;0.9992097020149231;0.9992257952690125;0.9992257952690125;0.9992419481277466;0.9992419481277466
4;ftnn-synth-conj-803106240a23c5ecf6388b49b51bec89.hdf5;dense-2048-2048;0.9907580614089966;0.9932419061660767;0.9915483593940735;0.9940484166145325;0.9930967688560486;0.9930806159973145;0.9934677481651306;0.9947096705436707;0.9941613078117371;0.9943225979804993;0.9945322871208191;0.9952903389930725;0.9954838752746582;0.994661271572113;0.9961774349212646;0.9964838624000549;0.9965161085128784;0.9961774349212646;0.9970806241035461;0.9959193468093872;0.9963387250900269;0.9969354867935181;0.9964677691459656;0.9967419505119324;0.9964677691459656;0.996854841709137;0.9975484013557434;0.9968386888504028;0.9976128935813904;0.9976935386657715;0.9974516034126282;0.9979354739189148;0.9973709583282471;0.9980806708335876;0.9970645308494568;0.9975644946098328;0.9976774454116821;0.9977580904960632;0.9982096552848816;0.9974516034126282;0.9971290230751038;0.9982903003692627;0.9986128807067871;0.9984515905380249;0.9980161190032959;0.9985967874526978;0.9985967874526978;0.9987258315086365;0.9981613159179688;0.9984838962554932;0.9987258315086365;0.9986612796783447;0.998532235622406;0.9986612796783447;0.9984515905380249;0.9986451864242554;0.9987258315086365;0.9986451864242554;0.9989354610443115;0.9986290335655212;0.9988064765930176;0.9988387227058411;0.9990645051002502;0.9989677667617798;0.9990322589874268;0.9989354610443115;0.9990806579589844;0.9990806579589844;0.9990000128746033;0.9990967512130737;0.9991451501846313;0.9990484118461609;0.9990645051002502;0.9991129040718079;0.9991129040718079;0.9991773962974548;0.999193549156189;0.9991773962974548;0.999193549156189;0.9992097020149231;0.9992097020149231;0.9992257952690125;0.9992257952690125;0.9992419481277466;0.9992580413818359;0.9992741942405701;0.9992580413818359;0.9992741942405701;0.9992580413818359;0.9992580413818359;0.9992580413818359;0.9992741942405701;0.9992903470993042;0.9992903470993042;0.9992741942405701;0.9992903470993042;0.9993064403533936;0.9993064403533936;0.999338686466217;0.999338686466217
5;ftnn-synth-conj-803106240a23c5ecf6388b49b51bec89.hdf5;dense-2048-2048;0.9893226027488708;0.991016149520874;0.9941613078117371;0.9908064603805542;0.9890483617782593;0.9927419424057007;0.9920806288719177;0.9945483803749084;0.9938709735870361;0.9929193258285522;0.9946290254592896;0.9951128959655762;0.9959193468093872;0.995693564414978;0.9951612949371338;0.9960161447525024;0.995258092880249;0.9965806603431702;0.9960161447525024;0.9957742094993591;0.9961612820625305;0.9956290125846863;0.9966935515403748;0.9967741966247559;0.99679034948349;0.9967097043991089;0.9973709583282471;0.9972096681594849;0.9970645308494568;0.9968225955963135;0.9974838495254517;0.9975806474685669;0.9976451396942139;0.9979193806648254;0.9973548650741577;0.9967257976531982;0.9982580542564392;0.9978870749473572;0.9980806708335876;0.9979193806648254;0.9978709816932678;0.9979516267776489;0.9981613159179688;0.9979193806648254;0.9984999895095825;0.9982580542564392;0.9983548521995544;0.9985967874526978;0.9984515905380249;0.998532235622406;0.9983548521995544;0.9983548521995544;0.9981613159179688;0.9984354972839355;0.9986451864242554;0.998467743396759;0.9985806345939636;0.9985806345939636;0.9985967874526978;0.9984999895095825;0.9988225698471069;0.9986774325370789;0.99875807762146;0.9986290335655212;0.9987741708755493;0.9988548159599304;0.99875807762146;0.9987096786499023;0.9987903237342834;0.9988871216773987;0.9988387227058411;0.9988387227058411;0.9988709688186646;0.9988387227058411;0.9989193677902222;0.9988548159599304;0.9988871216773987;0.998903214931488;0.9989354610443115;0.9989354610443115;0.998903214931488;0.9989193677902222;0.9989193677902222;0.9989193677902222;0.998903214931488;0.9989838600158691;0.9989677667617798;0.9989838600158691;0.9990000128746033;0.9990322589874268;0.9990484118461609;0.9990322589874268;0.9990484118461609;0.9990484118461609;0.9990645051002502;0.9990645051002502;0.9990806579589844;0.9990806579589844;0.9990806579589844;0.9990645051002502
