1;ftnn-combined-098573e1f5eee79a0181f8b2b450e087.hdf5;dense-128;0.6035833358764648;0.6416875123977661;0.7005000114440918;0.684208333492279;0.664104163646698;0.8832083344459534;0.8208958506584167;0.7973333597183228;0.7502708435058594;0.9161458611488342;0.7276041507720947;0.6801666617393494;0.7350208163261414;0.9097708463668823;0.9025416374206543;0.8069583177566528;0.7366458177566528;0.6704166531562805;0.8980000019073486;0.8949583172798157;0.8872708082199097;0.8767499923706055;0.6805624961853027;0.9098333120346069;0.8989999890327454;0.8475208282470703;0.7339791655540466;0.7341458201408386;0.9321666955947876;0.8018125295639038;0.773395836353302;0.9223750233650208;0.9355833530426025;0.9092291593551636;0.8842916488647461;0.7277708053588867;0.8537916541099548;0.9069374799728394;0.9452499747276306;0.945229172706604;0.9328333139419556;0.9133333563804626;0.7348124980926514;0.9187291860580444;0.9098333120346069;0.7384166717529297;0.9436874985694885;0.9581249952316284;0.9448124766349792;0.9302083253860474;0.7280416488647461;0.9631875157356262;0.9424999952316284;0.9143333435058594;0.9351041913032532;0.9505833387374878;0.9443125128746033;0.9283541440963745;0.9440208077430725;0.9552291631698608;0.9491875171661377;0.9506666660308838;0.940500020980835;0.963895857334137;0.9596041440963745;0.949958324432373;0.950166642665863;0.9561041593551636;0.9631458520889282;0.9523749947547913;0.9623749852180481;0.9552708268165588;0.9595624804496765;0.9521874785423279;0.9587291479110718;0.9566249847412109;0.9600416421890259;0.9638333320617676;0.9583541750907898;0.9624999761581421;0.9588750004768372;0.9619166851043701;0.9643124938011169;0.9670833349227905;0.963895857334137;0.9631458520889282;0.9662708044052124;0.9653541445732117;0.9647291898727417;0.964270830154419;0.9595624804496765;0.9636874794960022;0.9622083306312561;0.9619583487510681;0.964229166507721;0.9639999866485596;0.9631666541099548;0.9634374976158142;0.9636666774749756;0.9632083177566528
2;ftnn-combined-098573e1f5eee79a0181f8b2b450e087.hdf5;dense-128;0.6890000104904175;0.7695833444595337;0.7078750133514404;0.5700416564941406;0.8577499985694885;0.6911875009536743;0.8666041493415833;0.7872499823570251;0.8725833296775818;0.9028750061988831;0.8972291946411133;0.8822708129882812;0.9069583415985107;0.8804374933242798;0.6816250085830688;0.7205208539962769;0.8892916440963745;0.7260624766349792;0.8670416474342346;0.9323124885559082;0.8838124871253967;0.765291690826416;0.7791666388511658;0.9049166440963745;0.9335833191871643;0.937416672706604;0.8610000014305115;0.9180625081062317;0.9408125281333923;0.9299583435058594;0.7338958382606506;0.8424166440963745;0.9242083430290222;0.721916675567627;0.9244166612625122;0.9397916793823242;0.9563541412353516;0.9444166421890259;0.9191874861717224;0.929312527179718;0.8703749775886536;0.9321249723434448;0.9567083120346069;0.9163541793823242;0.9263749718666077;0.9187291860580444;0.9330833554267883;0.9359375238418579;0.9202499985694885;0.9594583511352539;0.9397916793823242;0.9519583582878113;0.9633333086967468;0.9553541541099548;0.9417083263397217;0.9538541436195374;0.9600833058357239;0.9393541812896729;0.9521666765213013;0.9596874713897705;0.9650208353996277;0.9348124861717224;0.9604583382606506;0.9557708501815796;0.9459791779518127;0.9581041932106018;0.9480833411216736;0.9593750238418579;0.9586250185966492;0.9651666879653931;0.9627916812896729;0.9638124704360962;0.9589999914169312;0.9520000219345093;0.9467499852180481;0.9617708325386047;0.9637291431427002;0.9403541684150696;0.9571041464805603;0.9598125219345093;0.9664999842643738;0.9553541541099548;0.9628541469573975;0.9643124938011169;0.9633541703224182;0.961312472820282;0.9632708430290222;0.9672916531562805;0.9662291407585144;0.9669166803359985;0.9660416841506958;0.9648333191871643;0.9679583311080933;0.9633333086967468;0.9669583439826965;0.9668958187103271;0.9656458497047424;0.9659583568572998;0.9664791822433472;0.9660208225250244
3;ftnn-combined-098573e1f5eee79a0181f8b2b450e087.hdf5;dense-128;0.6675208210945129;0.680062472820282;0.7276666760444641;0.6817083358764648;0.6395000219345093;0.6782083511352539;0.7183541655540466;0.7266250252723694;0.8273125290870667;0.49810415506362915;0.8457708358764648;0.8846874833106995;0.9115208387374878;0.7327291369438171;0.9252291917800903;0.7066875100135803;0.9089166522026062;0.9042083621025085;0.9184374809265137;0.8777499794960022;0.8934166431427002;0.8500416874885559;0.9319166541099548;0.7323333621025085;0.8722500205039978;0.7101458311080933;0.9381874799728394;0.7508124709129333;0.7346458435058594;0.8888541460037231;0.8875625133514404;0.7957291603088379;0.9373124837875366;0.9088125228881836;0.8813541531562805;0.8933333158493042;0.8201249837875366;0.9543750286102295;0.9264583587646484;0.9052708148956299;0.9297500252723694;0.9418541789054871;0.9567916393280029;0.9249374866485596;0.945062518119812;0.9168750047683716;0.9347291588783264;0.7379166483879089;0.9300416707992554;0.8334791660308838;0.7375208139419556;0.9441875219345093;0.921541690826416;0.737625002861023;0.9207916855812073;0.862375020980835;0.9501875042915344;0.9565208554267883;0.9580625295639038;0.9365000128746033;0.9475625157356262;0.9408958554267883;0.9337708353996277;0.9396666884422302;0.9612083435058594;0.9543750286102295;0.9513750076293945;0.9557499885559082;0.9528958201408386;0.9468958377838135;0.9615416526794434;0.8102083206176758;0.9457708597183228;0.9388124942779541;0.9621041417121887;0.9576249718666077;0.9540625214576721;0.9502291679382324;0.9635000228881836;0.9473124742507935;0.9567708373069763;0.9599791765213013;0.9662708044052124;0.9474375247955322;0.9548958539962769;0.9531041383743286;0.9545000195503235;0.961229145526886;0.9613541960716248;0.957645833492279;0.9582083225250244;0.9562291502952576;0.9578333497047424;0.9548333287239075;0.9570624828338623;0.9595624804496765;0.9569374918937683;0.9557083249092102;0.9563541412353516;0.9554791450500488
4;ftnn-combined-098573e1f5eee79a0181f8b2b450e087.hdf5;dense-128;0.7435416579246521;0.574999988079071;0.635812520980835;0.721958339214325;0.690791666507721;0.7223125100135803;0.8622708320617676;0.8640000224113464;0.8176249861717224;0.8868333101272583;0.7742708325386047;0.924958348274231;0.8460624814033508;0.8242708444595337;0.8945624828338623;0.9134583473205566;0.7932083606719971;0.8980416655540466;0.680062472820282;0.9101874828338623;0.4997083246707916;0.8332916498184204;0.9065208435058594;0.7567916512489319;0.8904791474342346;0.7092499732971191;0.8778125047683716;0.8920416831970215;0.9066041707992554;0.8972916603088379;0.90625;0.6917083263397217;0.9340000152587891;0.9070416688919067;0.8954583406448364;0.7363333106040955;0.9280208349227905;0.8966249823570251;0.7558958530426025;0.9278958439826965;0.7283958196640015;0.945270836353302;0.7736666798591614;0.9339583516120911;0.9304375052452087;0.9110833406448364;0.8423125147819519;0.9313541650772095;0.93729168176651;0.9459375143051147;0.7739583253860474;0.9556041955947876;0.9539791941642761;0.9601666927337646;0.9092291593551636;0.7352499961853027;0.9509791731834412;0.9558958411216736;0.9422916769981384;0.7706666588783264;0.9393958449363708;0.9545416831970215;0.9564999938011169;0.9598125219345093;0.9597708582878113;0.9149791598320007;0.9595000147819519;0.9633333086967468;0.961312472820282;0.9645416736602783;0.961270809173584;0.9620000123977661;0.9517916440963745;0.965791642665863;0.9639999866485596;0.9574791789054871;0.9683541655540466;0.9670624732971191;0.9587500095367432;0.9621666669845581;0.9645833373069763;0.957979142665863;0.9572916626930237;0.9588541388511658;0.9616249799728394;0.965499997138977;0.9646041393280029;0.9637500047683716;0.9610416889190674;0.9647291898727417;0.9663958549499512;0.964270830154419;0.9623541831970215;0.9632083177566528;0.964104175567627;0.9636458158493042;0.9634166955947876;0.9635624885559082;0.964145839214325;0.963979184627533
5;ftnn-combined-098573e1f5eee79a0181f8b2b450e087.hdf5;dense-128;0.7096874713897705;0.8006458282470703;0.8149166703224182;0.7646041512489319;0.6590416431427002;0.8760416507720947;0.7964166402816772;0.5589166879653931;0.890583336353302;0.7784166932106018;0.8476041555404663;0.8697916865348816;0.8239374756813049;0.7354999780654907;0.7372083067893982;0.8768958449363708;0.8765624761581421;0.7756041884422302;0.9120625257492065;0.8219375014305115;0.8878750205039978;0.8024791479110718;0.6966666579246521;0.8046666383743286;0.8892708420753479;0.8822500109672546;0.8818125128746033;0.73416668176651;0.9260625243186951;0.7058125138282776;0.6988750100135803;0.9237291812896729;0.9433749914169312;0.8231458067893982;0.7745208144187927;0.9366875290870667;0.9449999928474426;0.9307291507720947;0.7350624799728394;0.8994791507720947;0.9187291860580444;0.8729791641235352;0.922249972820282;0.9221041798591614;0.9309166669845581;0.9259166717529297;0.8471875190734863;0.9291874766349792;0.9151874780654907;0.9290416836738586;0.925208330154419;0.9330000281333923;0.9434791803359985;0.9436041712760925;0.9474791884422302;0.9627916812896729;0.9509583115577698;0.9522291421890259;0.731416642665863;0.9557083249092102;0.9569791555404663;0.9620000123977661;0.9503958225250244;0.9570000171661377;0.9630208611488342;0.9537083506584167;0.9592083096504211;0.9522916674613953;0.9252291917800903;0.9575833082199097;0.9583958387374878;0.9573125243186951;0.9363124966621399;0.9668541550636292;0.9494791626930237;0.9566249847412109;0.9632499814033508;0.9615833163261414;0.9699583053588867;0.9581666588783264;0.9672499895095825;0.9458125233650208;0.9665416479110718;0.9442083239555359;0.949833333492279;0.9548541903495789;0.9646875262260437;0.9628333449363708;0.9658125042915344;0.9623333215713501;0.9598958492279053;0.9632916450500488;0.96114581823349;0.9593750238418579;0.9617083072662354;0.9623333215713501;0.9615208506584167;0.9622499942779541;0.9624166488647461;0.9620000123977661
1;ftnn-combined-098573e1f5eee79a0181f8b2b450e087.hdf5;dense-256;0.6522916555404663;0.6866458058357239;0.7983958125114441;0.7852083444595337;0.8115833401679993;0.8064374923706055;0.7948541641235352;0.8918333053588867;0.8967083096504211;0.8217291831970215;0.726395845413208;0.698312520980835;0.7875833511352539;0.8820833563804626;0.6994374990463257;0.49958333373069763;0.8942083120346069;0.8569375276565552;0.8494374752044678;0.8728958368301392;0.9248958230018616;0.8333958387374878;0.8607083559036255;0.7344791889190674;0.9274166822433472;0.8882916569709778;0.9319166541099548;0.8652499914169312;0.9207500219345093;0.8950208425521851;0.9419583082199097;0.9018958210945129;0.8815833330154419;0.917104184627533;0.92947918176651;0.9308541417121887;0.9270416498184204;0.932812511920929;0.9346458315849304;0.9329583048820496;0.9358124732971191;0.9296249747276306;0.9369166493415833;0.9391458630561829;0.932645857334137;0.9399999976158142;0.932729184627533;0.9324374794960022;0.9345208406448364;0.9359583258628845;0.937666654586792;0.9300000071525574;0.9461666941642761;0.9415416717529297;0.9323958158493042;0.9473749995231628;0.9385208487510681;0.9385833144187927;0.9597916603088379;0.9567708373069763;0.9394791722297668;0.9509166479110718;0.9479583501815796;0.9447916746139526;0.9496874809265137;0.950083315372467;0.9499791860580444;0.9474999904632568;0.9431458115577698;0.9495833516120911;0.956416666507721;0.9520000219345093;0.9524166584014893;0.9556041955947876;0.9537708163261414;0.9513750076293945;0.9547708630561829;0.9593750238418579;0.9524166584014893;0.9592499732971191;0.9556249976158142;0.9536874890327454;0.9529374837875366;0.9543958306312561;0.9542291760444641;0.9561041593551636;0.9555416703224182;0.9559999704360962;0.9561458230018616;0.9548958539962769;0.9547916650772095;0.957687497138977;0.9559999704360962;0.9551458358764648;0.9551874995231628;0.9547916650772095;0.9546874761581421;0.9550416469573975;0.9549166560173035;0.9547500014305115
2;ftnn-combined-098573e1f5eee79a0181f8b2b450e087.hdf5;dense-256;0.7133541703224182;0.6226458549499512;0.6178541779518127;0.6926249861717224;0.8011458516120911;0.8865833282470703;0.6784583330154419;0.6902708411216736;0.8269791603088379;0.9130625128746033;0.8934791684150696;0.8813124895095825;0.8400833606719971;0.7940208315849304;0.7932500243186951;0.6141666769981384;0.917312502861023;0.8861250281333923;0.9074375033378601;0.9018124938011169;0.7241041660308838;0.7266250252723694;0.9225416779518127;0.9501875042915344;0.9123541712760925;0.7332083582878113;0.918874979019165;0.9567708373069763;0.7230208516120911;0.9158541560173035;0.9176041483879089;0.9171666502952576;0.9539374709129333;0.9205625057220459;0.9077708125114441;0.9169166684150696;0.8975416421890259;0.8093958497047424;0.9317291378974915;0.92947918176651;0.9313333630561829;0.9302291870117188;0.930020809173584;0.9475416541099548;0.9236875176429749;0.924875020980835;0.9424583315849304;0.9406874775886536;0.929520845413208;0.9445208311080933;0.9596250057220459;0.9402083158493042;0.9401041865348816;0.9365624785423279;0.9483749866485596;0.9317291378974915;0.9436458349227905;0.950166642665863;0.9574375152587891;0.9591875076293945;0.948229193687439;0.9524999856948853;0.9594791531562805;0.9537500143051147;0.9505416750907898;0.9637500047683716;0.9543750286102295;0.9644166827201843;0.9547916650772095;0.9616458415985107;0.9593541622161865;0.957895815372467;0.9645624756813049;0.9609583616256714;0.9599999785423279;0.9653541445732117;0.9562291502952576;0.968916654586792;0.9637708067893982;0.9645208120346069;0.9649791717529297;0.961270809173584;0.9635000228881836;0.9661666750907898;0.9632708430290222;0.9642083048820496;0.9632916450500488;0.9620624780654907;0.9637500047683716;0.9632916450500488;0.9651874899864197;0.964062511920929;0.9634166955947876;0.9635208249092102;0.9643333554267883;0.9646875262260437;0.9650416374206543;0.9651458263397217;0.9649375081062317;0.9647708535194397
3;ftnn-combined-098573e1f5eee79a0181f8b2b450e087.hdf5;dense-256;0.7431041598320007;0.6321041584014893;0.5132916569709778;0.8214166760444641;0.7305833101272583;0.707937479019165;0.729604184627533;0.7900000214576721;0.8684375286102295;0.8472499847412109;0.7235000133514404;0.5241041779518127;0.6575416922569275;0.8584791421890259;0.8824999928474426;0.8924166560173035;0.9103333353996277;0.7270416617393494;0.8943541646003723;0.7892500162124634;0.8914583325386047;0.9273333549499512;0.7254583239555359;0.9134166836738586;0.7527708411216736;0.9077291488647461;0.9063541889190674;0.9272291660308838;0.7924583554267883;0.9403749704360962;0.9100000262260437;0.9216874837875366;0.9041666388511658;0.9430000185966492;0.9362499713897705;0.9470208287239075;0.9126458168029785;0.921583354473114;0.9164999723434448;0.8794583082199097;0.9429583549499512;0.9305208325386047;0.9487916827201843;0.9558333158493042;0.9507083296775818;0.9550416469573975;0.9520624876022339;0.9612916707992554;0.9437083601951599;0.9490208625793457;0.9472708106040955;0.9590625166893005;0.9474166631698608;0.956083357334137;0.9593124985694885;0.9534791707992554;0.9520416855812073;0.9614375233650208;0.9551666378974915;0.9535208344459534;0.9565416574478149;0.9584791660308838;0.9577500224113464;0.9496041536331177;0.948562502861023;0.9523333311080933;0.9570208191871643;0.9609583616256714;0.9649583101272583;0.9601666927337646;0.9602291584014893;0.9457083344459534;0.9604791402816772;0.9584583044052124;0.9629583358764648;0.9582291841506958;0.9616249799728394;0.965666651725769;0.963854193687439;0.964229166507721;0.9647708535194397;0.9643541574478149;0.961104154586792;0.9647708535194397;0.9653958082199097;0.965833306312561;0.9645624756813049;0.9647083282470703;0.964229166507721;0.965666651725769;0.9649375081062317;0.9649583101272583;0.9647291898727417;0.9652291536331177;0.965416669845581;0.9658958315849304;0.9658750295639038;0.9658958315849304;0.9656041860580444;0.9653333425521851
4;ftnn-combined-098573e1f5eee79a0181f8b2b450e087.hdf5;dense-256;0.7110000252723694;0.6637499928474426;0.6097916960716248;0.729729175567627;0.520229160785675;0.7203750014305115;0.6739583611488342;0.8299583196640015;0.6796249747276306;0.8543958067893982;0.8968958258628845;0.7879791855812073;0.8341666460037231;0.9067916870117188;0.8909375071525574;0.8902291655540466;0.8976874947547913;0.8839791417121887;0.8844166398048401;0.9161875247955322;0.9066458344459534;0.723479151725769;0.9305416941642761;0.8767291903495789;0.8806041479110718;0.9036874771118164;0.90645831823349;0.9248541593551636;0.9175000190734863;0.9303333163261414;0.9398541450500488;0.9288750290870667;0.9269999861717224;0.9204791784286499;0.9265833497047424;0.9462708234786987;0.932729184627533;0.9381874799728394;0.9271041750907898;0.9443541765213013;0.9303958415985107;0.9503541588783264;0.9282708168029785;0.9362916946411133;0.9474999904632568;0.9286666512489319;0.9386041760444641;0.9359999895095825;0.9441458582878113;0.9436874985694885;0.9358541369438171;0.9333958625793457;0.9440000057220459;0.9556458592414856;0.9491041898727417;0.9558958411216736;0.934458315372467;0.9475625157356262;0.9465625286102295;0.9447708129882812;0.9475416541099548;0.9527708292007446;0.9436874985694885;0.942062497138977;0.9487916827201843;0.9380416870117188;0.9525625109672546;0.9533125162124634;0.9450416564941406;0.9535624980926514;0.9491666555404663;0.9475208520889282;0.9537083506584167;0.960770845413208;0.9566458463668823;0.9458125233650208;0.9615208506584167;0.9540833234786987;0.9559791684150696;0.9583333134651184;0.9549999833106995;0.953249990940094;0.9563541412353516;0.9572083353996277;0.9582499861717224;0.9549999833106995;0.9595624804496765;0.9581875205039978;0.95333331823349;0.9560624957084656;0.9562291502952576;0.9575208425521851;0.9563958048820496;0.9568541646003723;0.9567916393280029;0.9561041593551636;0.9557083249092102;0.9560624957084656;0.9558958411216736;0.9556249976158142
5;ftnn-combined-098573e1f5eee79a0181f8b2b450e087.hdf5;dense-256;0.6120625138282776;0.6553750038146973;0.785937488079071;0.6700416803359985;0.6701458096504211;0.7196249961853027;0.7303749918937683;0.7563958168029785;0.8647083044052124;0.7210000157356262;0.8835208415985107;0.7243333458900452;0.7300416827201843;0.9021041393280029;0.859333336353302;0.789104163646698;0.9037500023841858;0.8986666798591614;0.7331666946411133;0.9026874899864197;0.8725000023841858;0.9458749890327454;0.9149583578109741;0.9281458258628845;0.9352291822433472;0.9187708497047424;0.9473958611488342;0.9153333306312561;0.903333306312561;0.9122291803359985;0.9154583215713501;0.9309583306312561;0.9188541769981384;0.9280208349227905;0.9305416941642761;0.9421666860580444;0.9413958191871643;0.93729168176651;0.9283541440963745;0.9359791874885559;0.9514166712760925;0.9343958497047424;0.9412916898727417;0.9373124837875366;0.9410625100135803;0.9420833587646484;0.9493749737739563;0.9543333053588867;0.9394791722297668;0.9413541555404663;0.9524166584014893;0.9487916827201843;0.9299166798591614;0.9519166946411133;0.9554166793823242;0.9474166631698608;0.9538333415985107;0.953166663646698;0.9524583220481873;0.9536458253860474;0.9569166898727417;0.956166684627533;0.9530624747276306;0.953291654586792;0.9521666765213013;0.9604791402816772;0.9544791579246521;0.9543958306312561;0.9542916417121887;0.9529791474342346;0.9618958234786987;0.9578750133514404;0.9581875205039978;0.9558958411216736;0.9609375;0.9604166746139526;0.9556666612625122;0.9570833444595337;0.9599375128746033;0.9615625143051147;0.9594583511352539;0.9613541960716248;0.9615416526794434;0.9610416889190674;0.9622499942779541;0.9626041650772095;0.9628333449363708;0.960687518119812;0.9604166746139526;0.9602500200271606;0.9609375;0.9598125219345093;0.961062490940094;0.9603124856948853;0.961020827293396;0.961312472820282;0.9613541960716248;0.9616666436195374;0.9613958597183228;0.9612916707992554
1;ftnn-combined-098573e1f5eee79a0181f8b2b450e087.hdf5;dense-512;0.8055624961853027;0.6684374809265137;0.6883958578109741;0.679937481880188;0.7979583144187927;0.792229175567627;0.6924166679382324;0.723395824432373;0.7327708601951599;0.8303124904632568;0.6933541893959045;0.832729160785675;0.8821041584014893;0.8638333082199097;0.8696249723434448;0.8007500171661377;0.9009791612625122;0.9132083058357239;0.9076666831970215;0.8997499942779541;0.9076874852180481;0.918916642665863;0.9258333444595337;0.9124791622161865;0.8717708587646484;0.9193124771118164;0.9272500276565552;0.9163125157356262;0.9175416827201843;0.9467708468437195;0.9244166612625122;0.9279166460037231;0.8440208435058594;0.929770827293396;0.929854154586792;0.9331041574478149;0.9268333315849304;0.9284791946411133;0.932604193687439;0.9614166617393494;0.9285208582878113;0.9349374771118164;0.94552081823349;0.8963124752044678;0.9337083101272583;0.9391666650772095;0.9447291493415833;0.9391666650772095;0.94510418176651;0.9484166502952576;0.9387500286102295;0.9364791512489319;0.9460625052452087;0.9627916812896729;0.940791666507721;0.9334791898727417;0.945145845413208;0.9429583549499512;0.9613541960716248;0.9538124799728394;0.9542291760444641;0.94510418176651;0.9506666660308838;0.9605208039283752;0.9539999961853027;0.9482499957084656;0.9620833396911621;0.9644791483879089;0.960604190826416;0.9600833058357239;0.957645833492279;0.9580833315849304;0.9585208296775818;0.9525416493415833;0.9496250152587891;0.9640833139419556;0.9649166464805603;0.9519791603088379;0.9674166440963745;0.9673541784286499;0.9618750214576721;0.9674375057220459;0.9660000205039978;0.9651250243186951;0.9659583568572998;0.9673749804496765;0.9712083339691162;0.9681875109672546;0.9680208563804626;0.9676666855812073;0.9679791927337646;0.9677083492279053;0.9675624966621399;0.9679166674613953;0.9669791460037231;0.9666458368301392;0.9666041731834412;0.9667708277702332;0.9666458368301392;0.9666666388511658
2;ftnn-combined-098573e1f5eee79a0181f8b2b450e087.hdf5;dense-512;0.6536041498184204;0.6984583139419556;0.671999990940094;0.6546875238418579;0.7201250195503235;0.8568958044052124;0.7275416851043701;0.839229166507721;0.731291651725769;0.905916690826416;0.9238125085830688;0.867312490940094;0.9046458601951599;0.796708345413208;0.9008333086967468;0.9074166417121887;0.9165416955947876;0.917312502861023;0.9092708230018616;0.9102083444595337;0.918916642665863;0.937375009059906;0.9288750290870667;0.9079999923706055;0.9275624752044678;0.9080416560173035;0.9136041402816772;0.8979583382606506;0.9069583415985107;0.9349791407585144;0.9289166927337646;0.9275833368301392;0.9208541512489319;0.932645857334137;0.9157916903495789;0.9346250295639038;0.9277916550636292;0.9422916769981384;0.9319791793823242;0.9392291903495789;0.9407708048820496;0.934541642665863;0.9272500276565552;0.9265833497047424;0.9330416917800903;0.9422500133514404;0.9443541765213013;0.9452083110809326;0.9574375152587891;0.9544166922569275;0.9558125138282776;0.9591249823570251;0.945687472820282;0.9670416712760925;0.9667708277702332;0.968375027179718;0.9693958163261414;0.976229190826416;0.9614166617393494;0.9523125290870667;0.9664583206176758;0.9673749804496765;0.9615625143051147;0.9674583077430725;0.9714583158493042;0.9703541398048401;0.9686041474342346;0.9726666808128357;0.9754166603088379;0.9679375290870667;0.9700624942779541;0.9756666421890259;0.9772291779518127;0.9741666913032532;0.9763333201408386;0.973270833492279;0.9739999771118164;0.976812481880188;0.9765416383743286;0.9760000109672546;0.9728124737739563;0.9722083210945129;0.9784583449363708;0.9734166860580444;0.9759791493415833;0.9746666550636292;0.9752083420753479;0.9755416512489319;0.9778125286102295;0.9754583239555359;0.9756249785423279;0.9751666784286499;0.9752083420753479;0.9758541584014893;0.9759791493415833;0.9753541946411133;0.9750624895095825;0.9752083420753479;0.9751874804496765;0.9751041531562805
3;ftnn-combined-098573e1f5eee79a0181f8b2b450e087.hdf5;dense-512;0.7133333086967468;0.6761041879653931;0.5966249704360962;0.7123749852180481;0.8303124904632568;0.6654999852180481;0.7283750176429749;0.7925833463668823;0.8215208053588867;0.7334374785423279;0.8308125138282776;0.9131249785423279;0.8655416369438171;0.8288958072662354;0.8771458268165588;0.9103958606719971;0.8246666789054871;0.8834166526794434;0.91385418176651;0.9245833158493042;0.9046041369438171;0.9092708230018616;0.9197916388511658;0.917270839214325;0.9187291860580444;0.9115208387374878;0.9171249866485596;0.91427081823349;0.917062520980835;0.9181666374206543;0.9229166507720947;0.917354166507721;0.9086041450500488;0.9385208487510681;0.913937509059906;0.9243333339691162;0.9197708368301392;0.9256666898727417;0.9110000133514404;0.9295416474342346;0.9131458401679993;0.9282916784286499;0.9356041550636292;0.9291666746139526;0.9272083044052124;0.9311666488647461;0.9580625295639038;0.9487916827201843;0.9440416693687439;0.9414166808128357;0.9421250224113464;0.9440624713897705;0.9631041884422302;0.9288333058357239;0.9575208425521851;0.9568541646003723;0.9649791717529297;0.9674791693687439;0.9609375;0.9505624771118164;0.9656458497047424;0.9705208539962769;0.9647708535194397;0.9661041498184204;0.9689791798591614;0.9717708230018616;0.9678124785423279;0.9583541750907898;0.9758750200271606;0.9654374718666077;0.9641666412353516;0.9634374976158142;0.9669791460037231;0.9679791927337646;0.9665833115577698;0.9677500128746033;0.9711250066757202;0.973645806312561;0.9698541760444641;0.9710833430290222;0.9723125100135803;0.9751041531562805;0.9737291932106018;0.973312497138977;0.9710000157356262;0.9732916951179504;0.9759374856948853;0.9744374752044678;0.9749791622161865;0.9736666679382324;0.973270833492279;0.9740833044052124;0.9754791855812073;0.9743750095367432;0.9739375114440918;0.9745000004768372;0.9739375114440918;0.9740625023841858;0.9741874933242798;0.9741666913032532
4;ftnn-combined-098573e1f5eee79a0181f8b2b450e087.hdf5;dense-512;0.5900833606719971;0.6616458296775818;0.8090208172798157;0.6759374737739563;0.5037708282470703;0.6492291688919067;0.7036874890327454;0.9026250243186951;0.8634166717529297;0.659333348274231;0.820354163646698;0.8815624713897705;0.9178749918937683;0.8721458315849304;0.7094791531562805;0.9150208234786987;0.8940833210945129;0.8862500190734863;0.9174374938011169;0.9340833425521851;0.9257291555404663;0.9238125085830688;0.9150000214576721;0.8836249709129333;0.9247291684150696;0.9292083382606506;0.9387916922569275;0.9538750052452087;0.9424583315849304;0.937583327293396;0.9358749985694885;0.9440624713897705;0.9465000033378601;0.9322500228881836;0.9231041669845581;0.942395806312561;0.9428958296775818;0.9490000009536743;0.9331874847412109;0.9325833320617676;0.9361875057220459;0.940750002861023;0.9302916526794434;0.937250018119812;0.9478333592414856;0.9392916560173035;0.9460416436195374;0.9472083449363708;0.9417083263397217;0.9517291784286499;0.9518333077430725;0.9436458349227905;0.9522708058357239;0.9471874833106995;0.9460625052452087;0.948479175567627;0.9465833306312561;0.9484999775886536;0.9570833444595337;0.9436249732971191;0.9518333077430725;0.952875018119812;0.9521874785423279;0.9546041488647461;0.9545833468437195;0.9538750052452087;0.9570000171661377;0.9534791707992554;0.9508958458900452;0.9630416631698608;0.9573541879653931;0.9559375047683716;0.9568333625793457;0.9598333239555359;0.9553958177566528;0.9618333578109741;0.9560208320617676;0.9610000252723694;0.9624791741371155;0.9679375290870667;0.9628750085830688;0.9593541622161865;0.9635208249092102;0.9624166488647461;0.9603124856948853;0.960770845413208;0.9628333449363708;0.9573125243186951;0.960604190826416;0.9607916474342346;0.9607916474342346;0.9647499918937683;0.9636666774749756;0.960687518119812;0.96072918176651;0.960645854473114;0.961062490940094;0.960979163646698;0.9608749747276306;0.960645854473114
5;ftnn-combined-098573e1f5eee79a0181f8b2b450e087.hdf5;dense-512;0.6760625243186951;0.7047083377838135;0.6730625033378601;0.7936041951179504;0.6884999871253967;0.8095208406448364;0.8148958086967468;0.6769791841506958;0.8620833158493042;0.825124979019165;0.8554791808128357;0.9150624871253967;0.7249166369438171;0.9217291474342346;0.9244375228881836;0.8452916741371155;0.9075624942779541;0.9254791736602783;0.9314166903495789;0.9019583463668823;0.9209583401679993;0.9213958382606506;0.9307708144187927;0.9267083406448364;0.9369375109672546;0.9158333539962769;0.925041675567627;0.9271875023841858;0.932770848274231;0.9352083206176758;0.9421666860580444;0.9285416603088379;0.9369999766349792;0.9274791479110718;0.9452083110809326;0.9351458549499512;0.9448958039283752;0.9447708129882812;0.929729163646698;0.9371458292007446;0.9392499923706055;0.9360833168029785;0.9416666626930237;0.9442708492279053;0.9488124847412109;0.9368125200271606;0.9508958458900452;0.9503333568572998;0.9460833072662354;0.9535833597183228;0.9649375081062317;0.9563124775886536;0.953125;0.945145845413208;0.9461041688919067;0.9593124985694885;0.9111666679382324;0.9475833177566528;0.9517708420753479;0.9658750295639038;0.9466875195503235;0.9528958201408386;0.961062490940094;0.9542916417121887;0.968708336353302;0.9530208110809326;0.9543750286102295;0.9525625109672546;0.9696666598320007;0.9629999995231628;0.957729160785675;0.9643958210945129;0.9565416574478149;0.9643333554267883;0.9653124809265137;0.961270809173584;0.9603750109672546;0.9681666493415833;0.9643541574478149;0.9712083339691162;0.9657708406448364;0.9710208177566528;0.968500018119812;0.9704583287239075;0.9679166674613953;0.9673125147819519;0.9661041498184204;0.9644166827201843;0.9653124809265137;0.9649791717529297;0.9653750061988831;0.9663333296775818;0.965708315372467;0.9667916893959045;0.9661666750907898;0.9652083516120911;0.9651666879653931;0.965458333492279;0.9652916789054871;0.9652500152587891
1;ftnn-combined-098573e1f5eee79a0181f8b2b450e087.hdf5;dense-1024;0.6377500295639038;0.8599166870117188;0.6977499723434448;0.8493541479110718;0.788687527179718;0.7283541560173035;0.867145836353302;0.8907708525657654;0.9046249985694885;0.895520806312561;0.85958331823349;0.9334375262260437;0.9099583625793457;0.9393333196640015;0.9053750038146973;0.9386875033378601;0.9148333072662354;0.9331874847412109;0.9316666722297668;0.924958348274231;0.926479160785675;0.9208958148956299;0.9281041622161865;0.8809999823570251;0.9275000095367432;0.922124981880188;0.9292708039283752;0.9381250143051147;0.9283958077430725;0.9172499775886536;0.9376875162124634;0.9151666760444641;0.9231458306312561;0.9266250133514404;0.9296666383743286;0.9259583353996277;0.926645815372467;0.9319166541099548;0.9274166822433472;0.9296249747276306;0.952875018119812;0.9303958415985107;0.9320625066757202;0.9443333148956299;0.9230625033378601;0.9380624890327454;0.9444375038146973;0.9468125104904175;0.9337708353996277;0.9202916622161865;0.9317291378974915;0.9481874704360962;0.9562708139419556;0.937416672706604;0.9412291646003723;0.9380208253860474;0.9385833144187927;0.9505833387374878;0.9478333592414856;0.9556041955947876;0.950041651725769;0.9601458311080933;0.9628541469573975;0.9577083587646484;0.9599583148956299;0.940708339214325;0.956208348274231;0.9591249823570251;0.9603124856948853;0.9702500104904175;0.9589791893959045;0.9659166932106018;0.9567916393280029;0.9691458344459534;0.9679999947547913;0.9687291383743286;0.9647083282470703;0.9694166779518127;0.9626666903495789;0.960770845413208;0.968708336353302;0.9754999876022339;0.9661458134651184;0.9739583134651184;0.9692083597183228;0.9754583239555359;0.9679583311080933;0.9714999794960022;0.969083309173584;0.9699375033378601;0.9702083468437195;0.9713333249092102;0.9695416688919067;0.9701458215713501;0.9691458344459534;0.968999981880188;0.9688125252723694;0.9690208435058594;0.9689791798591614;0.9688125252723694
2;ftnn-combined-098573e1f5eee79a0181f8b2b450e087.hdf5;dense-1024;0.6979166865348816;0.6954583525657654;0.7791875004768372;0.7468541860580444;0.8598958253860474;0.8381875157356262;0.8836666941642761;0.8771041631698608;0.8846666812896729;0.8813750147819519;0.8866875171661377;0.7275833487510681;0.7968958616256714;0.8405625224113464;0.8998958468437195;0.9144791960716248;0.906333327293396;0.9229583144187927;0.8852499723434448;0.8818541765213013;0.8797500133514404;0.8897916674613953;0.887708306312561;0.8547916412353516;0.9169999957084656;0.8970000147819519;0.8862708210945129;0.9248958230018616;0.910937488079071;0.8487499952316284;0.898520827293396;0.9112916588783264;0.921750009059906;0.9047499895095825;0.8989375233650208;0.901354193687439;0.9091458320617676;0.9104999899864197;0.918958306312561;0.9107083082199097;0.8997083306312561;0.9013333320617676;0.9081458449363708;0.9024166464805603;0.9096458554267883;0.9039166569709778;0.9010624885559082;0.9099166393280029;0.9106458425521851;0.9157291650772095;0.9190833568572998;0.9279375076293945;0.921999990940094;0.9204791784286499;0.9225833415985107;0.9182916879653931;0.9265416860580444;0.9277083277702332;0.9172083139419556;0.9236458539962769;0.9340833425521851;0.9199583530426025;0.9353333115577698;0.937375009059906;0.9281458258628845;0.9246666431427002;0.9339583516120911;0.9145625233650208;0.9363124966621399;0.9341874718666077;0.9334791898727417;0.9354166388511658;0.929812490940094;0.9389583468437195;0.9285416603088379;0.937833309173584;0.9347500205039978;0.9387500286102295;0.9359583258628845;0.937166690826416;0.9369999766349792;0.9361875057220459;0.9417083263397217;0.9423750042915344;0.9424791932106018;0.942395806312561;0.9404374957084656;0.9461458325386047;0.9449999928474426;0.9437083601951599;0.9470833539962769;0.9477916955947876;0.9475416541099548;0.9480000138282776;0.9478750228881836;0.9497291445732117;0.948437511920929;0.948520839214325;0.9488333463668823;0.9480208158493042
3;ftnn-combined-098573e1f5eee79a0181f8b2b450e087.hdf5;dense-1024;0.6262500286102295;0.7913125157356262;0.7376458048820496;0.8661458492279053;0.886020839214325;0.8637291789054871;0.7683125138282776;0.9024166464805603;0.9347708225250244;0.926604151725769;0.9186875224113464;0.9256250262260437;0.8949375152587891;0.9067708253860474;0.9290208220481873;0.9322916865348816;0.9197499752044678;0.9234374761581421;0.9205625057220459;0.9353125095367432;0.9233541488647461;0.9133958220481873;0.9292916655540466;0.9247083067893982;0.9306666851043701;0.9340833425521851;0.9305624961853027;0.9378541707992554;0.9245833158493042;0.9317291378974915;0.9281666874885559;0.9286458492279053;0.9358749985694885;0.9319583177566528;0.9319166541099548;0.9117083549499512;0.9295833110809326;0.9272291660308838;0.9312499761581421;0.9439583420753479;0.9377291798591614;0.9545416831970215;0.9306666851043701;0.9355833530426025;0.9386458396911621;0.9496874809265137;0.957729160785675;0.9393749833106995;0.9319999814033508;0.9392083287239075;0.9341458082199097;0.9452916383743286;0.950166642665863;0.9523541927337646;0.9547083377838135;0.9356041550636292;0.9738958477973938;0.9552083611488342;0.9626666903495789;0.9646458625793457;0.9614791870117188;0.9590833187103271;0.9425208568572998;0.9567708373069763;0.9636666774749756;0.960604190826416;0.9618333578109741;0.9767500162124634;0.9670208096504211;0.9677500128746033;0.956166684627533;0.9761041402816772;0.9794999957084656;0.9682708382606506;0.9680625200271606;0.9721249938011169;0.9622499942779541;0.9757708311080933;0.9742916822433472;0.9726874828338623;0.9748958349227905;0.9710416793823242;0.9718541502952576;0.9759791493415833;0.9708750247955322;0.9743750095367432;0.9747291803359985;0.9735000133514404;0.9743541479110718;0.9728333353996277;0.9731041789054871;0.9724791646003723;0.9751250147819519;0.9746041893959045;0.9739375114440918;0.9729791879653931;0.973479151725769;0.973395824432373;0.973520815372467;0.973479151725769
4;ftnn-combined-098573e1f5eee79a0181f8b2b450e087.hdf5;dense-1024;0.6242708563804626;0.5479791760444641;0.6954166889190674;0.7269166707992554;0.6768333315849304;0.8712708353996277;0.7849166393280029;0.9007708430290222;0.8539583086967468;0.8645625114440918;0.9271249771118164;0.9060208201408386;0.8510416746139526;0.8708333373069763;0.9330624938011169;0.9209583401679993;0.867520809173584;0.9160833358764648;0.8773333430290222;0.917229175567627;0.9180833101272583;0.9324583411216736;0.9275000095367432;0.9386041760444641;0.9254791736602783;0.8799583315849304;0.9431250095367432;0.9309999942779541;0.9539166688919067;0.8912916779518127;0.9519374966621399;0.9338541626930237;0.9331874847412109;0.9464374780654907;0.9343958497047424;0.9359791874885559;0.9386041760444641;0.9274791479110718;0.940583348274231;0.9361041784286499;0.9365416765213013;0.9465625286102295;0.9277708530426025;0.9447916746139526;0.9492083191871643;0.940458357334137;0.9350625276565552;0.9358958601951599;0.9588958621025085;0.9360208511352539;0.945145845413208;0.9426041841506958;0.9448958039283752;0.9591875076293945;0.957854151725769;0.9627083539962769;0.9644374847412109;0.9470624923706055;0.9448750019073486;0.9466249942779541;0.9492916464805603;0.9519791603088379;0.9585000276565552;0.9622708559036255;0.9628333449363708;0.9661041498184204;0.9774583578109741;0.9534375071525574;0.9518125057220459;0.9742708206176758;0.9714583158493042;0.973312497138977;0.9760833382606506;0.9648749828338623;0.9767916798591614;0.9682291746139526;0.9748749732971191;0.9705833196640015;0.9746249914169312;0.9707499742507935;0.971875011920929;0.9750624895095825;0.9745000004768372;0.9705208539962769;0.9740416407585144;0.9750624895095825;0.9712708592414856;0.9738541841506958;0.9747083187103271;0.9748541712760925;0.9738958477973938;0.9748125076293945;0.9731666445732117;0.9758333563804626;0.9753333330154419;0.9738333225250244;0.9728541374206543;0.9731458425521851;0.973270833492279;0.9730833172798157
5;ftnn-combined-098573e1f5eee79a0181f8b2b450e087.hdf5;dense-1024;0.7080833315849304;0.6104583144187927;0.8010625243186951;0.7207708358764648;0.9158124923706055;0.7103124856948853;0.9102500081062317;0.9070208072662354;0.8748958110809326;0.710812509059906;0.8635208606719971;0.7293750047683716;0.921875;0.9027708172798157;0.8663333058357239;0.9148541688919067;0.9161249995231628;0.9176874756813049;0.9246249794960022;0.9046458601951599;0.9221041798591614;0.9231250286102295;0.9246875047683716;0.9349374771118164;0.9332083463668823;0.9277083277702332;0.9325208067893982;0.9203541874885559;0.9306874871253967;0.9300416707992554;0.9319999814033508;0.940458357334137;0.952958345413208;0.9348750114440918;0.9539791941642761;0.9362708330154419;0.9418541789054871;0.9424166679382324;0.9518541693687439;0.9512083530426025;0.9398541450500488;0.9565625190734863;0.9555000066757202;0.945395827293396;0.9365416765213013;0.9638333320617676;0.9623541831970215;0.9672499895095825;0.9680625200271606;0.9639583230018616;0.9665208458900452;0.9566666483879089;0.9555624723434448;0.9701458215713501;0.9664791822433472;0.9642916917800903;0.9671666622161865;0.9634166955947876;0.9553958177566528;0.968874990940094;0.9538750052452087;0.9699166417121887;0.9703541398048401;0.9660208225250244;0.9602291584014893;0.9731666445732117;0.9573125243186951;0.9644583463668823;0.9671249985694885;0.9628958106040955;0.9668541550636292;0.9685208201408386;0.9651666879653931;0.9580833315849304;0.9668333530426025;0.9663541913032532;0.9697083234786987;0.9674375057220459;0.9637916684150696;0.9679791927337646;0.9645416736602783;0.9666041731834412;0.9645624756813049;0.9701458215713501;0.9691666960716248;0.9707499742507935;0.9707708358764648;0.9718124866485596;0.9727500081062317;0.973645806312561;0.973354160785675;0.9736875295639038;0.9730625152587891;0.9730625152587891;0.9736875295639038;0.973229169845581;0.973270833492279;0.9730625152587891;0.9731666445732117;0.9732083082199097
1;ftnn-combined-098573e1f5eee79a0181f8b2b450e087.hdf5;dense-2048;0.6861875057220459;0.6847083568572998;0.6939374804496765;0.7317916750907898;0.7630000114440918;0.8632916808128357;0.8407291769981384;0.7259166836738586;0.8925416469573975;0.8789791464805603;0.9078333377838135;0.8725208044052124;0.8955625295639038;0.9012500047683716;0.9179375171661377;0.9036666750907898;0.8976666927337646;0.9160416722297668;0.9077083468437195;0.9115833044052124;0.9122916460037231;0.9104583263397217;0.8993333578109741;0.8912291526794434;0.8913124799728394;0.895145833492279;0.9034583568572998;0.9066041707992554;0.8949999809265137;0.9107499718666077;0.9098541736602783;0.914437472820282;0.9182708263397217;0.8968750238418579;0.9016249775886536;0.8961041569709778;0.909416675567627;0.9036666750907898;0.914104163646698;0.9100624918937683;0.9145416617393494;0.9160000085830688;0.9202083349227905;0.906333327293396;0.9120000004768372;0.9183750152587891;0.9177500009536743;0.9174791574478149;0.918916642665863;0.9176666736602783;0.9282083511352539;0.910812497138977;0.9196041822433472;0.9193750023841858;0.9236041903495789;0.9264583587646484;0.9259791374206543;0.9289583563804626;0.9268541932106018;0.9231250286102295;0.924916684627533;0.934291660785675;0.9320416450500488;0.9314374923706055;0.9301875233650208;0.9245625138282776;0.9239583611488342;0.9339374899864197;0.9317083358764648;0.9308333396911621;0.9331041574478149;0.9356250166893005;0.9357500076293945;0.9371041655540466;0.9362916946411133;0.9334166646003723;0.9354375004768372;0.9338124990463257;0.9360416531562805;0.9329166412353516;0.9348750114440918;0.9348541498184204;0.9353541731834412;0.9335416555404663;0.932937502861023;0.9334999918937683;0.932854175567627;0.9347083568572998;0.9339374899864197;0.9349166750907898;0.9350625276565552;0.9348124861717224;0.9358958601951599;0.9356666803359985;0.9354375004768372;0.9353749752044678;0.9350416660308838;0.9347708225250244;0.9344791769981384;0.934416651725769
2;ftnn-combined-098573e1f5eee79a0181f8b2b450e087.hdf5;dense-2048;0.6743958592414856;0.6947500109672546;0.7122291922569275;0.8868958353996277;0.7377291917800903;0.8642916679382324;0.9164999723434448;0.9010416865348816;0.9129583239555359;0.9243333339691162;0.9136041402816772;0.9240416884422302;0.9212083220481873;0.9150416851043701;0.9233124852180481;0.9318958520889282;0.9196875095367432;0.9281041622161865;0.9202708601951599;0.9342708587646484;0.921833336353302;0.926395833492279;0.9213125109672546;0.9166250228881836;0.9315416812896729;0.9194999933242798;0.940458357334137;0.9223750233650208;0.9268958568572998;0.9286249876022339;0.921875;0.9250208139419556;0.9245625138282776;0.9323333501815796;0.9279999732971191;0.9350416660308838;0.929562509059906;0.945229172706604;0.9273333549499512;0.9337083101272583;0.9461249709129333;0.934499979019165;0.9319166541099548;0.9453333616256714;0.963937520980835;0.9396458268165588;0.9535208344459534;0.965708315372467;0.968416690826416;0.9569791555404663;0.9621041417121887;0.8575000166893005;0.9672708511352539;0.9616249799728394;0.9595624804496765;0.9678958058357239;0.9589999914169312;0.9677500128746033;0.9673541784286499;0.9702291488647461;0.9735833406448364;0.9729791879653931;0.9629374742507935;0.9752500057220459;0.9671249985694885;0.9767916798591614;0.9731249809265137;0.973645806312561;0.9783750176429749;0.9711250066757202;0.9754791855812073;0.9735833406448364;0.9759583473205566;0.9753541946411133;0.9744583368301392;0.9740416407585144;0.971875011920929;0.9760416746139526;0.9705208539962769;0.9738125205039978;0.9719791412353516;0.9728541374206543;0.9718958139419556;0.9769166707992554;0.9762916564941406;0.976312518119812;0.9759374856948853;0.9777083396911621;0.9782083630561829;0.9792083501815796;0.9775833487510681;0.9767500162124634;0.976812481880188;0.9772916436195374;0.9773333072662354;0.9766666889190674;0.976937472820282;0.9768750071525574;0.976895809173584;0.97677081823349
3;ftnn-combined-098573e1f5eee79a0181f8b2b450e087.hdf5;dense-2048;0.6447083353996277;0.5;0.7306041717529297;0.9028750061988831;0.8514583110809326;0.9202708601951599;0.8400416374206543;0.8353124856948853;0.9099375009536743;0.9028958082199097;0.9368125200271606;0.9154791831970215;0.9161458611488342;0.9128749966621399;0.9212291836738586;0.9142916798591614;0.9254375100135803;0.9221041798591614;0.9057916402816772;0.9256666898727417;0.9210416674613953;0.9261875152587891;0.9284374713897705;0.9195625185966492;0.9253749847412109;0.9357916712760925;0.9303958415985107;0.9241458177566528;0.92989581823349;0.9304583072662354;0.9383958578109741;0.9313750267028809;0.9351249933242798;0.9424583315849304;0.948312520980835;0.9508125185966492;0.9577916860580444;0.9320416450500488;0.9292916655540466;0.9556249976158142;0.9395416378974915;0.9360625147819519;0.9363750219345093;0.9554583430290222;0.9563541412353516;0.9415833353996277;0.9506458044052124;0.9355624914169312;0.9336458444595337;0.9367291927337646;0.9565416574478149;0.9526458382606506;0.9395208358764648;0.9577916860580444;0.963937520980835;0.9716041684150696;0.9682499766349792;0.9516041874885559;0.9618124961853027;0.9602083563804626;0.963895857334137;0.9637916684150696;0.9696875214576721;0.964187502861023;0.9644166827201843;0.9715833067893982;0.9586666822433472;0.9617083072662354;0.9747083187103271;0.9679791927337646;0.9705625176429749;0.9465208053588867;0.9727291464805603;0.9764999747276306;0.971833348274231;0.9715416431427002;0.968708336353302;0.9761666655540466;0.9714791774749756;0.9747291803359985;0.9722083210945129;0.9722499847412109;0.9725416898727417;0.9763333201408386;0.9723749756813049;0.9737083315849304;0.976437509059906;0.9769583344459534;0.976812481880188;0.9770416617393494;0.976395845413208;0.9772708415985107;0.9756249785423279;0.9753333330154419;0.9758333563804626;0.9752708077430725;0.9755833148956299;0.9755416512489319;0.9753958582878113;0.9754166603088379
4;ftnn-combined-098573e1f5eee79a0181f8b2b450e087.hdf5;dense-2048;0.8466041684150696;0.6923750042915344;0.8090416789054871;0.7300833463668823;0.9026458263397217;0.9170833230018616;0.9214791655540466;0.9128749966621399;0.9078541398048401;0.909208357334137;0.9114583134651184;0.9121666550636292;0.9089375138282776;0.9191874861717224;0.9089583158493042;0.9084374904632568;0.9117083549499512;0.9355000257492065;0.9104375243186951;0.910729169845581;0.9215624928474426;0.9281041622161865;0.9255208373069763;0.9158750176429749;0.9197291731834412;0.9316874742507935;0.9150624871253967;0.9124791622161865;0.9260625243186951;0.9234791398048401;0.9226041436195374;0.9281250238418579;0.9116666913032532;0.9237291812896729;0.9325000047683716;0.9282916784286499;0.9306458234786987;0.9207291603088379;0.9282916784286499;0.9302291870117188;0.9300416707992554;0.9268333315849304;0.9254583120346069;0.926645815372467;0.9324166774749756;0.9188125133514404;0.9261041879653931;0.9313333630561829;0.9399999976158142;0.9317708611488342;0.9312708377838135;0.9315208196640015;0.9440000057220459;0.9280208349227905;0.9255416393280029;0.9418541789054871;0.9352499842643738;0.9332916736602783;0.9348958134651184;0.9283541440963745;0.9325000047683716;0.9261666536331177;0.9449166655540466;0.9510625004768372;0.9435833096504211;0.960854172706604;0.9698749780654907;0.9602500200271606;0.9655208587646484;0.9620624780654907;0.9678958058357239;0.9591875076293945;0.9587083458900452;0.9591249823570251;0.9645208120346069;0.9700208306312561;0.9681875109672546;0.9642916917800903;0.96895831823349;0.9663333296775818;0.9696666598320007;0.9623958468437195;0.968458354473114;0.9638333320617676;0.9668541550636292;0.971958339214325;0.9708750247955322;0.9729375243186951;0.971791684627533;0.9739583134651184;0.9726250171661377;0.9742291569709778;0.9729791879653931;0.9727083444595337;0.9732083082199097;0.9727500081062317;0.9728541374206543;0.9724375009536743;0.9725208282470703;0.9724166393280029
5;ftnn-combined-098573e1f5eee79a0181f8b2b450e087.hdf5;dense-2048;0.7234583497047424;0.6853749752044678;0.8372499942779541;0.8972916603088379;0.8707291483879089;0.9073541760444641;0.9003333449363708;0.9121458530426025;0.9191041588783264;0.918791651725769;0.9172499775886536;0.9268958568572998;0.9203541874885559;0.9153333306312561;0.921583354473114;0.9139166474342346;0.9273958206176758;0.9212708473205566;0.8795416951179504;0.9177500009536743;0.9327083230018616;0.9273958206176758;0.9251041412353516;0.9422083497047424;0.9256874918937683;0.925041675567627;0.9262083172798157;0.9332916736602783;0.932812511920929;0.9323750138282776;0.9362499713897705;0.9251041412353516;0.9318125247955322;0.929437518119812;0.9329166412353516;0.9574166536331177;0.9342291951179504;0.9369166493415833;0.9397500157356262;0.9356250166893005;0.9498958587646484;0.9315833449363708;0.9436041712760925;0.932937502861023;0.9462291598320007;0.9387500286102295;0.9386458396911621;0.9513541460037231;0.9732083082199097;0.9586874842643738;0.9581458568572998;0.9414791464805603;0.9574791789054871;0.9481250047683716;0.9581875205039978;0.9588958621025085;0.9558958411216736;0.9534791707992554;0.9670208096504211;0.968708336353302;0.9666249752044678;0.9671875238418579;0.9704583287239075;0.9623333215713501;0.9728124737739563;0.9639583230018616;0.9650416374206543;0.9776458144187927;0.973437488079071;0.9701666831970215;0.9741874933242798;0.9723958373069763;0.9744791388511658;0.9711666703224182;0.9833124876022339;0.9698541760444641;0.9679166674613953;0.9719374775886536;0.9764583110809326;0.9734583497047424;0.9727708101272583;0.9750833511352539;0.9716041684150696;0.9752500057220459;0.9723749756813049;0.9790624976158142;0.9710833430290222;0.9765416383743286;0.976812481880188;0.9747291803359985;0.976895809173584;0.9750624895095825;0.976312518119812;0.976854145526886;0.9759166836738586;0.9743333458900452;0.9744583368301392;0.9751458168029785;0.9751041531562805;0.9749374985694885
1;ftnn-combined-098573e1f5eee79a0181f8b2b450e087.hdf5;dense-128-128;0.7087291479110718;0.7135624885559082;0.7045833468437195;0.9061874747276306;0.8634999990463257;0.7919583320617676;0.7331249713897705;0.8697291612625122;0.7802500128746033;0.8374999761581421;0.9350000023841858;0.9416458606719971;0.9203749895095825;0.9244375228881836;0.9122083187103271;0.9208541512489319;0.9194583296775818;0.9227916598320007;0.867520809173584;0.9312499761581421;0.9302916526794434;0.9126874804496765;0.9123749732971191;0.9381041526794434;0.9084583520889282;0.9218124747276306;0.9398958086967468;0.9406041502952576;0.9285208582878113;0.9455000162124634;0.9117708206176758;0.961187481880188;0.9476666450500488;0.9090625047683716;0.9678333401679993;0.9017083048820496;0.9440208077430725;0.9557291865348816;0.9462291598320007;0.9386875033378601;0.9430000185966492;0.9549583196640015;0.9398124814033508;0.9472916722297668;0.9548958539962769;0.945187509059906;0.9638749957084656;0.9747291803359985;0.9518333077430725;0.9369166493415833;0.9027916789054871;0.964145839214325;0.9798333048820496;0.9786041378974915;0.9719791412353516;0.9781666398048401;0.9717708230018616;0.9710208177566528;0.9811458587646484;0.9786041378974915;0.9435833096504211;0.9693333506584167;0.9808750152587891;0.9710208177566528;0.9798750281333923;0.9818333387374878;0.976229190826416;0.9854166507720947;0.9791250228881836;0.9603750109672546;0.9860833287239075;0.9745833277702332;0.9652291536331177;0.9646250009536743;0.9812291860580444;0.9876458048820496;0.9838958382606506;0.9815000295639038;0.9849791526794434;0.9831041693687439;0.987333357334137;0.9883541464805603;0.9885416626930237;0.9891250133514404;0.9873124957084656;0.9904375076293945;0.9903958439826965;0.989062488079071;0.9894791841506958;0.989187479019165;0.9897916913032532;0.9903333187103271;0.9911041855812073;0.9910416603088379;0.9912916421890259;0.9911249876022339;0.9912083148956299;0.9912916421890259;0.9913333058357239;0.9913333058357239
2;ftnn-combined-098573e1f5eee79a0181f8b2b450e087.hdf5;dense-128-128;0.7351666688919067;0.7092916369438171;0.7916666865348816;0.8937708139419556;0.8519791960716248;0.8830833435058594;0.882520854473114;0.9147499799728394;0.8264583349227905;0.8040624856948853;0.9417083263397217;0.9083958268165588;0.9404791593551636;0.9129791855812073;0.9129999876022339;0.9194999933242798;0.9330416917800903;0.9347083568572998;0.9231666922569275;0.8937291502952576;0.8804374933242798;0.9309375286102295;0.9284791946411133;0.9239374995231628;0.9396041631698608;0.9350208044052124;0.9418541789054871;0.9683958292007446;0.9711874723434448;0.9730833172798157;0.956333339214325;0.9596250057220459;0.9684374928474426;0.9618541598320007;0.9790833592414856;0.973312497138977;0.9670208096504211;0.9807708263397217;0.9647083282470703;0.963937520980835;0.9760000109672546;0.9736250042915344;0.9824374914169312;0.9620624780654907;0.9712708592414856;0.9849583506584167;0.9804791808128357;0.973604142665863;0.97677081823349;0.9709374904632568;0.9702500104904175;0.9604583382606506;0.9741874933242798;0.9755416512489319;0.9710000157356262;0.9769999980926514;0.9783541560173035;0.9837708473205566;0.965499997138977;0.984541654586792;0.9843124747276306;0.9868124723434448;0.9867291450500488;0.9782083630561829;0.9850624799728394;0.9829791784286499;0.988937497138977;0.9859583377838135;0.9869375228881836;0.984541654586792;0.9888125061988831;0.9863125085830688;0.9884583353996277;0.9877291917800903;0.9884374737739563;0.9890833497047424;0.987708330154419;0.989229142665863;0.9884166717529297;0.9879166483879089;0.9894791841506958;0.9893749952316284;0.9900416731834412;0.9893541932106018;0.9898750185966492;0.9895416498184204;0.9896249771118164;0.9897083044052124;0.9904999732971191;0.9902916550636292;0.9899791479110718;0.9905208349227905;0.9906458258628845;0.9907708168029785;0.9906666874885559;0.9908124804496765;0.9908333420753479;0.9907500147819519;0.9907083511352539;0.9907083511352539
3;ftnn-combined-098573e1f5eee79a0181f8b2b450e087.hdf5;dense-128-128;0.6118749976158142;0.7227291464805603;0.7260624766349792;0.8491666913032532;0.8873541951179504;0.9006875157356262;0.872041642665863;0.9300416707992554;0.9276875257492065;0.9388541579246521;0.9471874833106995;0.9264166951179504;0.9169999957084656;0.9246458411216736;0.9325416684150696;0.9270416498184204;0.9093958139419556;0.9387916922569275;0.9602708220481873;0.9470000267028809;0.9334583282470703;0.9486666917800903;0.8629583120346069;0.8818749785423279;0.9351666569709778;0.934166669845581;0.9398958086967468;0.9239166378974915;0.949791669845581;0.950208306312561;0.9380624890327454;0.9427083134651184;0.8896250128746033;0.9397083520889282;0.9394583106040955;0.9294166564941406;0.9131666421890259;0.9535208344459534;0.9355208277702332;0.9433333277702332;0.9239583611488342;0.9258541464805603;0.9399166703224182;0.9397083520889282;0.9614375233650208;0.9342708587646484;0.9367708563804626;0.9465833306312561;0.9569166898727417;0.9432708621025085;0.9603333473205566;0.9567916393280029;0.9572083353996277;0.9653750061988831;0.9568750262260437;0.9578333497047424;0.9661458134651184;0.9596666693687439;0.9667083621025085;0.9664375185966492;0.9702500104904175;0.9672916531562805;0.9693750143051147;0.9704791903495789;0.9613541960716248;0.9753541946411133;0.9623541831970215;0.9541041851043701;0.9700208306312561;0.9748125076293945;0.971750020980835;0.971750020980835;0.9758541584014893;0.9757291674613953;0.9791458249092102;0.979770839214325;0.9772083163261414;0.971958339214325;0.9798750281333923;0.9816041588783264;0.9794166684150696;0.9806666374206543;0.9780416488647461;0.9807083606719971;0.9821666479110718;0.9818541407585144;0.9816874861717224;0.9809583425521851;0.9821875095367432;0.9823125004768372;0.9871041774749756;0.9874374866485596;0.9864791631698608;0.9876041412353516;0.987583339214325;0.987500011920929;0.9877708554267883;0.9878749847412109;0.9881250262260437;0.9882083535194397
4;ftnn-combined-098573e1f5eee79a0181f8b2b450e087.hdf5;dense-128-128;0.695229172706604;0.6330416798591614;0.7303749918937683;0.7318333387374878;0.8978541493415833;0.734541654586792;0.9058541655540466;0.8910833597183228;0.9189375042915344;0.945645809173584;0.9131249785423279;0.9194375276565552;0.9347291588783264;0.9099166393280029;0.9240000247955322;0.9244375228881836;0.921916663646698;0.9190624952316284;0.9024166464805603;0.9159374833106995;0.9224791526794434;0.9388541579246521;0.9433958530426025;0.934499979019165;0.9255416393280029;0.9435833096504211;0.9433541893959045;0.9181666374206543;0.9383749961853027;0.9318333268165588;0.898687481880188;0.937666654586792;0.9508125185966492;0.9376458525657654;0.9444583058357239;0.945645809173584;0.9361666440963745;0.9288958311080933;0.9531875252723694;0.9544791579246521;0.9211875200271606;0.9565833210945129;0.9575833082199097;0.9418541789054871;0.960604190826416;0.9544374942779541;0.9619374871253967;0.9575208425521851;0.9673958420753479;0.9646041393280029;0.9730416536331177;0.9494374990463257;0.960979163646698;0.96875;0.9745625257492065;0.9753958582878113;0.9745833277702332;0.9775624871253967;0.9615416526794434;0.9763749837875366;0.9574791789054871;0.9725000262260437;0.9718124866485596;0.9775833487510681;0.9769583344459534;0.9738958477973938;0.971875011920929;0.9707291722297668;0.9728333353996277;0.9758958220481873;0.9736875295639038;0.9784791469573975;0.9822291731834412;0.981083333492279;0.9771249890327454;0.9821249842643738;0.9762083292007446;0.9818124771118164;0.9801666736602783;0.9791041612625122;0.9773749709129333;0.9802916646003723;0.9808958172798157;0.9815416932106018;0.9817916750907898;0.979520857334137;0.9852708578109741;0.9846041798591614;0.9852916598320007;0.9860625267028809;0.9859166741371155;0.9864583611488342;0.9875624775886536;0.9868749976158142;0.9872708320617676;0.987416684627533;0.987666666507721;0.9877499938011169;0.9878749847412109;0.9879166483879089
5;ftnn-combined-098573e1f5eee79a0181f8b2b450e087.hdf5;dense-128-128;0.7175416946411133;0.6629791855812073;0.8771250247955322;0.8043749928474426;0.7987499833106995;0.7380416393280029;0.8848124742507935;0.9418333172798157;0.9023333191871643;0.9239374995231628;0.9250624775886536;0.9358749985694885;0.9307500123977661;0.9278541803359985;0.9205833077430725;0.909416675567627;0.9241041541099548;0.885979175567627;0.8544374704360962;0.8905624747276306;0.8807500004768372;0.9311875104904175;0.9379374980926514;0.9658750295639038;0.9228125214576721;0.9322500228881836;0.9576249718666077;0.949916660785675;0.9583125114440918;0.9597916603088379;0.9759374856948853;0.9395416378974915;0.9640416502952576;0.9271249771118164;0.9234583377838135;0.9555624723434448;0.9459791779518127;0.9632499814033508;0.948645830154419;0.9183958172798157;0.9670833349227905;0.9682916402816772;0.9512500166893005;0.9516249895095825;0.9637500047683716;0.953249990940094;0.9649166464805603;0.979645848274231;0.9463333487510681;0.9619791507720947;0.9792083501815796;0.9402291774749756;0.965791642665863;0.9735416769981384;0.9732083082199097;0.9771041870117188;0.9768333435058594;0.9820625185966492;0.9750000238418579;0.9747291803359985;0.8436458110809326;0.979812502861023;0.9827499985694885;0.9767500162124634;0.9744166731834412;0.9814791679382324;0.9822083115577698;0.9818124771118164;0.9808124899864197;0.9842291474342346;0.9828333258628845;0.9807291626930237;0.9843124747276306;0.9830833077430725;0.9843124747276306;0.9849583506584167;0.9819375276565552;0.9850416779518127;0.9844791889190674;0.9819166660308838;0.9859374761581421;0.9853958487510681;0.9848750233650208;0.9861249923706055;0.9849374890327454;0.9860416650772095;0.9852499961853027;0.9850208163261414;0.9865416884422302;0.9870416522026062;0.9866666793823242;0.9865624904632568;0.9866874814033508;0.9863125085830688;0.9865624904632568;0.9865208268165588;0.9863749742507935;0.9864583611488342;0.9865208268165588;0.9863749742507935
1;ftnn-combined-098573e1f5eee79a0181f8b2b450e087.hdf5;dense-256-256;0.7301458120346069;0.7302708625793457;0.9184583425521851;0.9254583120346069;0.9066666960716248;0.913812518119812;0.9431041479110718;0.882437527179718;0.901729166507721;0.9081458449363708;0.934166669845581;0.9247499704360962;0.9212499856948853;0.9307083487510681;0.8952083587646484;0.8867708444595337;0.91385418176651;0.9051874876022339;0.9020624756813049;0.9258333444595337;0.9023958444595337;0.9076666831970215;0.9055416584014893;0.8837500214576721;0.9164999723434448;0.9109583497047424;0.8892291784286499;0.924916684627533;0.8704583048820496;0.9265000224113464;0.903083324432373;0.9264166951179504;0.9257291555404663;0.9356874823570251;0.9377291798591614;0.9520624876022339;0.934416651725769;0.9370416402816772;0.924958348274231;0.926395833492279;0.9240624904632568;0.9333333373069763;0.9400416612625122;0.9380208253860474;0.9342291951179504;0.9321874976158142;0.9418749809265137;0.9591458439826965;0.9386875033378601;0.9424166679382324;0.9496250152587891;0.8008541464805603;0.9509375095367432;0.9726666808128357;0.9648958444595337;0.9732083082199097;0.9108333587646484;0.9214583039283752;0.903166651725769;0.9460833072662354;0.9394791722297668;0.9629791378974915;0.9683125019073486;0.9748749732971191;0.9745000004768372;0.9732499718666077;0.9772499799728394;0.9767083525657654;0.9789583086967468;0.9793124794960022;0.9768333435058594;0.979562520980835;0.976645827293396;0.9792291522026062;0.9791041612625122;0.9808958172798157;0.9763333201408386;0.9786041378974915;0.981208324432373;0.9815624952316284;0.9824583530426025;0.9802500009536743;0.9849583506584167;0.9829583168029785;0.9832291603088379;0.9829166531562805;0.9846875071525574;0.9847916960716248;0.9865000247955322;0.9859166741371155;0.9856458306312561;0.9866666793823242;0.9865208268165588;0.9867083430290222;0.9863749742507935;0.9869166612625122;0.9869375228881836;0.9867083430290222;0.9865624904632568;0.9865833520889282
2;ftnn-combined-098573e1f5eee79a0181f8b2b450e087.hdf5;dense-256-256;0.7006666660308838;0.8457083106040955;0.8845624923706055;0.8649374842643738;0.9043750166893005;0.8771458268165588;0.9199166893959045;0.8945000171661377;0.8507291674613953;0.9202708601951599;0.9268125295639038;0.9117083549499512;0.9304166436195374;0.9338541626930237;0.8566041588783264;0.6288958191871643;0.8527916669845581;0.9051874876022339;0.9272500276565552;0.9342708587646484;0.937416672706604;0.9399791955947876;0.9394791722297668;0.9403958320617676;0.893750011920929;0.8913541436195374;0.9505416750907898;0.9519583582878113;0.680062472820282;0.9506875276565552;0.9389374852180481;0.8535416722297668;0.8278541564941406;0.8931041955947876;0.8577708601951599;0.6846874952316284;0.8482499718666077;0.7983541488647461;0.8137083053588867;0.9465208053588867;0.9428333044052124;0.96114581823349;0.9605000019073486;0.9598541855812073;0.9622916579246521;0.9668750166893005;0.961062490940094;0.9541666507720947;0.9669374823570251;0.9627916812896729;0.9681458473205566;0.9647083282470703;0.9704375267028809;0.9742083549499512;0.9721666574478149;0.9782708287239075;0.9708124995231628;0.9758124947547913;0.964229166507721;0.9708333611488342;0.9785416722297668;0.9738958477973938;0.9718124866485596;0.9781458377838135;0.968916654586792;0.9801250100135803;0.9745833277702332;0.9799374938011169;0.9813541769981384;0.9785416722297668;0.9788125157356262;0.9807708263397217;0.9775833487510681;0.9740625023841858;0.9789375066757202;0.9812291860580444;0.9807500243186951;0.981083333492279;0.9815416932106018;0.9835208058357239;0.9816874861717224;0.976937472820282;0.9815416932106018;0.9832083582878113;0.9831666946411133;0.9813958406448364;0.9835208058357239;0.9824166893959045;0.9835208058357239;0.9836041927337646;0.9835000038146973;0.9838749766349792;0.984041690826416;0.9838541746139526;0.984000027179718;0.984250009059906;0.984333336353302;0.9841458201408386;0.9840208292007446;0.984041690826416
3;ftnn-combined-098573e1f5eee79a0181f8b2b450e087.hdf5;dense-256-256;0.7107499837875366;0.7480208277702332;0.9120000004768372;0.8345833420753479;0.8985000252723694;0.9277083277702332;0.914312481880188;0.9295833110809326;0.9165624976158142;0.9164791703224182;0.9062291383743286;0.9134791493415833;0.9279166460037231;0.9226250052452087;0.9388750195503235;0.9342291951179504;0.890749990940094;0.8924375176429749;0.9146041870117188;0.8842916488647461;0.8847916722297668;0.9037083387374878;0.8998749852180481;0.9182708263397217;0.9156041741371155;0.9200000166893005;0.8950208425521851;0.9167500138282776;0.9198541641235352;0.9244583249092102;0.9248958230018616;0.9288541674613953;0.9234374761581421;0.9052708148956299;0.9353958368301392;0.9370208382606506;0.929395854473114;0.9326666593551636;0.942187488079071;0.9277708530426025;0.9145833253860474;0.9286458492279053;0.9418541789054871;0.9332916736602783;0.92947918176651;0.9314791560173035;0.9586666822433472;0.945479154586792;0.9358958601951599;0.9383124709129333;0.9455833435058594;0.9445833563804626;0.9359166622161865;0.9454583525657654;0.9438333511352539;0.9469791650772095;0.957687497138977;0.9712083339691162;0.9630416631698608;0.9731666445732117;0.9634791612625122;0.9627291560173035;0.9656458497047424;0.9648333191871643;0.9532291889190674;0.968916654586792;0.9595416784286499;0.9743124842643738;0.9643124938011169;0.963937520980835;0.9581458568572998;0.9615833163261414;0.9666458368301392;0.9667083621025085;0.9622708559036255;0.9695833325386047;0.960687518119812;0.9693958163261414;0.9674583077430725;0.9664375185966492;0.9618958234786987;0.9645208120346069;0.9701041579246521;0.968416690826416;0.9668541550636292;0.9669374823570251;0.965624988079071;0.9695624709129333;0.9682499766349792;0.968583345413208;0.9674166440963745;0.9662291407585144;0.9680208563804626;0.9680208563804626;0.9678124785423279;0.9664166569709778;0.9667500257492065;0.9667500257492065;0.9668541550636292;0.9663958549499512
4;ftnn-combined-098573e1f5eee79a0181f8b2b450e087.hdf5;dense-256-256;0.7171875238418579;0.7318958044052124;0.7697499990463257;0.7671041488647461;0.9347083568572998;0.9298750162124634;0.8643333315849304;0.9157291650772095;0.8309791684150696;0.9223958253860474;0.820562481880188;0.9222291707992554;0.9130625128746033;0.8868333101272583;0.6266458630561829;0.9100624918937683;0.9161249995231628;0.8964375257492065;0.9158333539962769;0.932979166507721;0.9306666851043701;0.9157916903495789;0.9016666412353516;0.9411875009536743;0.9338750243186951;0.9284374713897705;0.9292916655540466;0.9082708358764648;0.922041654586792;0.9313125014305115;0.9196666479110718;0.9166874885559082;0.917312502861023;0.960812509059906;0.9480624794960022;0.9259999990463257;0.9272916913032532;0.9394791722297668;0.6915000081062317;0.9395416378974915;0.9416875243186951;0.9281250238418579;0.9583125114440918;0.9371874928474426;0.9334791898727417;0.9504791498184204;0.9607499837875366;0.9529791474342346;0.9613333344459534;0.9691874980926514;0.9693750143051147;0.973229169845581;0.9462083578109741;0.9557708501815796;0.9668750166893005;0.9646041393280029;0.968625009059906;0.9474583268165588;0.9692291617393494;0.9670208096504211;0.9645833373069763;0.96072918176651;0.9490625262260437;0.9579166769981384;0.9640833139419556;0.9698958396911621;0.9663958549499512;0.9616875052452087;0.9697083234786987;0.9626041650772095;0.9702708125114441;0.9678958058357239;0.9738333225250244;0.9706041812896729;0.9644166827201843;0.9649166464805603;0.9681458473205566;0.9657291769981384;0.9711874723434448;0.9717291593551636;0.9714166522026062;0.9764583110809326;0.9743124842643738;0.9760833382606506;0.9734583497047424;0.9757083058357239;0.9682499766349792;0.9752083420753479;0.9753958582878113;0.9744791388511658;0.9733333587646484;0.9719791412353516;0.9739999771118164;0.9707916378974915;0.9716458320617676;0.9719374775886536;0.971791684627533;0.9712708592414856;0.9713541865348816;0.9711458086967468
5;ftnn-combined-098573e1f5eee79a0181f8b2b450e087.hdf5;dense-256-256;0.6105833053588867;0.8973541855812073;0.8902083039283752;0.9232708215713501;0.9336458444595337;0.9178958535194397;0.9209374785423279;0.9192291498184204;0.9204166531562805;0.913895845413208;0.8854166865348816;0.840749979019165;0.9016249775886536;0.8965833187103271;0.9320625066757202;0.9620833396911621;0.9677916765213013;0.9657291769981384;0.9461874961853027;0.9700208306312561;0.9479166865348816;0.9660416841506958;0.9594583511352539;0.9650208353996277;0.9262916445732117;0.9270416498184204;0.9223333597183228;0.8935624957084656;0.9333958625793457;0.9356041550636292;0.925166666507721;0.9182500243186951;0.9202291369438171;0.930020809173584;0.9318749904632568;0.682854175567627;0.9425625205039978;0.9487291574478149;0.9361249804496765;0.9516666531562805;0.9588750004768372;0.9497083425521851;0.9569583535194397;0.945229172706604;0.9228541851043701;0.9822499752044678;0.9800833463668823;0.9806041717529297;0.9848750233650208;0.979770839214325;0.9780833125114441;0.9710416793823242;0.9857708215713501;0.9866458177566528;0.9855208396911621;0.9872708320617676;0.9809583425521851;0.9833124876022339;0.9615625143051147;0.9773333072662354;0.9865624904632568;0.9866666793823242;0.9834791421890259;0.9887291789054871;0.9883124828338623;0.9905208349227905;0.9890000224113464;0.9902708530426025;0.9860000014305115;0.9862708449363708;0.9851458072662354;0.9895833134651184;0.9873958230018616;0.9876458048820496;0.9910208582878113;0.9904999732971191;0.9908750057220459;0.9901041388511658;0.9901666641235352;0.9904791712760925;0.9902291893959045;0.9905416369438171;0.9900208115577698;0.9906458258628845;0.9894583225250244;0.9916666746139526;0.9908333420753479;0.9911041855812073;0.9907083511352539;0.9917083382606506;0.9908124804496765;0.9914791584014893;0.9915208220481873;0.9915416836738586;0.9915833473205566;0.9917083382606506;0.9916458129882812;0.9916458129882812;0.9916250109672546;0.9916041493415833
1;ftnn-combined-098573e1f5eee79a0181f8b2b450e087.hdf5;dense-512-512;0.7366250157356262;0.8652499914169312;0.8223958611488342;0.8676041960716248;0.851812481880188;0.8639166951179504;0.9177500009536743;0.9192708134651184;0.9256458282470703;0.9098125100135803;0.8800416588783264;0.9346666932106018;0.9248541593551636;0.9287708401679993;0.9111666679382324;0.9422083497047424;0.932812511920929;0.8208749890327454;0.9414166808128357;0.9356041550636292;0.9574791789054871;0.8585416674613953;0.9192500114440918;0.9055625200271606;0.8820624947547913;0.9273333549499512;0.9086458086967468;0.9421666860580444;0.9212916493415833;0.9345625042915344;0.9265833497047424;0.9353125095367432;0.9332708120346069;0.9706666469573975;0.9609375;0.9538958072662354;0.9527083039283752;0.9417291879653931;0.9385833144187927;0.9306041598320007;0.9605208039283752;0.9386041760444641;0.9405208230018616;0.9442708492279053;0.9386666417121887;0.9622708559036255;0.948395848274231;0.9380624890327454;0.9647499918937683;0.9587500095367432;0.9571874737739563;0.9404374957084656;0.9464583396911621;0.9727083444595337;0.9672499895095825;0.9614791870117188;0.9427499771118164;0.9595208168029785;0.9584791660308838;0.950208306312561;0.9629791378974915;0.9703750014305115;0.942020833492279;0.9712083339691162;0.9694166779518127;0.9647708535194397;0.9752291440963745;0.9751458168029785;0.961229145526886;0.9684374928474426;0.9604166746139526;0.9722499847412109;0.9780208468437195;0.9679999947547913;0.9681041836738586;0.9650416374206543;0.9731458425521851;0.969124972820282;0.9703124761581421;0.9708750247955322;0.9661666750907898;0.9733750224113464;0.9708333611488342;0.9705416560173035;0.9685624837875366;0.9777500033378601;0.9689791798591614;0.9763749837875366;0.9760624766349792;0.9758750200271606;0.9760416746139526;0.9750208258628845;0.9724791646003723;0.9742500185966492;0.9728124737739563;0.9725208282470703;0.9730833172798157;0.9731249809265137;0.9730833172798157;0.9729166626930237
2;ftnn-combined-098573e1f5eee79a0181f8b2b450e087.hdf5;dense-512-512;0.7165416479110718;0.8696458339691162;0.8961250185966492;0.8809583187103271;0.9193958044052124;0.9201458096504211;0.9300833344459534;0.8630625009536743;0.9211875200271606;0.9268749952316284;0.906166672706604;0.8979791402816772;0.8864166736602783;0.8542708158493042;0.9250624775886536;0.9162708520889282;0.9240624904632568;0.9164166450500488;0.906291663646698;0.9308958053588867;0.9269583225250244;0.9201666712760925;0.9156666398048401;0.8575833439826965;0.9154583215713501;0.8401250243186951;0.9039166569709778;0.9058958292007446;0.7918333411216736;0.8739374876022339;0.7734375;0.8423749804496765;0.8687291741371155;0.9024999737739563;0.9246041774749756;0.9244791865348816;0.940500020980835;0.9383124709129333;0.9377708435058594;0.9640833139419556;0.9386458396911621;0.8967916369438171;0.9210416674613953;0.957687497138977;0.971875011920929;0.940583348274231;0.9691041707992554;0.964187502861023;0.9714583158493042;0.9775208234786987;0.9793750047683716;0.9642500281333923;0.961062490940094;0.9658125042915344;0.9712083339691162;0.9806666374206543;0.9832916855812073;0.7433958053588867;0.7662500143051147;0.7673125267028809;0.7438333630561829;0.8218333125114441;0.812166690826416;0.9633958339691162;0.8497083187103271;0.9463750123977661;0.9617916941642761;0.9619791507720947;0.9699166417121887;0.9707708358764648;0.9714375138282776;0.976687490940094;0.972041666507721;0.9673958420753479;0.9745833277702332;0.9727500081062317;0.9792500138282776;0.9743750095367432;0.9748958349227905;0.9496874809265137;0.9773958325386047;0.981124997138977;0.9808958172798157;0.9618958234786987;0.981333315372467;0.9790208339691162;0.979854166507721;0.9790624976158142;0.9797916412353516;0.9818750023841858;0.9823125004768372;0.9819166660308838;0.9824374914169312;0.9825416803359985;0.9832708239555359;0.9839375019073486;0.984250009059906;0.9843958616256714;0.984375;0.9843958616256714
3;ftnn-combined-098573e1f5eee79a0181f8b2b450e087.hdf5;dense-512-512;0.7238749861717224;0.854604184627533;0.7226041555404663;0.914229154586792;0.9114166498184204;0.8365416526794434;0.8804791569709778;0.9164166450500488;0.929562509059906;0.934374988079071;0.9152291417121887;0.9441666603088379;0.9435208439826965;0.8142083287239075;0.7580833435058594;0.8024583458900452;0.8248541951179504;0.8757083415985107;0.8310208320617676;0.8052499890327454;0.8075624704360962;0.8213958144187927;0.8759166598320007;0.9126874804496765;0.8499791622161865;0.9166666865348816;0.8785625100135803;0.9085416793823242;0.8446041941642761;0.9129999876022339;0.9049791693687439;0.9112708568572998;0.932812511920929;0.9345625042915344;0.9341874718666077;0.9594166874885559;0.963854193687439;0.9612500071525574;0.9631875157356262;0.8139583468437195;0.8946458101272583;0.8922916650772095;0.8046875;0.8695833086967468;0.8567083477973938;0.8973749876022339;0.8946874737739563;0.8558333516120911;0.8861874938011169;0.8801666498184204;0.9245625138282776;0.921833336353302;0.9153749942779541;0.9047916531562805;0.9497291445732117;0.9090208411216736;0.9363333582878113;0.950083315372467;0.9558125138282776;0.9570624828338623;0.9592916369438171;0.9572499990463257;0.9323958158493042;0.9756666421890259;0.9775416851043701;0.9760416746139526;0.9763333201408386;0.9639166593551636;0.9721249938011169;0.9700624942779541;0.9769583344459534;0.9797083139419556;0.9723541736602783;0.9782083630561829;0.9699791669845581;0.9674583077430725;0.9722708463668823;0.9738958477973938;0.9771875143051147;0.9767916798591614;0.9756458401679993;0.979562520980835;0.981166660785675;0.9805416464805603;0.9824374914169312;0.9800000190734863;0.9815624952316284;0.9804791808128357;0.9835208058357239;0.9832291603088379;0.9828749895095825;0.9831249713897705;0.9840208292007446;0.984125018119812;0.9840208292007446;0.9840208292007446;0.9838749766349792;0.9839583039283752;0.9839583039283752;0.9838749766349792
4;ftnn-combined-098573e1f5eee79a0181f8b2b450e087.hdf5;dense-512-512;0.7773749828338623;0.8141250014305115;0.8659374713897705;0.9323541522026062;0.9014166593551636;0.9290624856948853;0.8956458568572998;0.7144791483879089;0.8996666669845581;0.9016249775886536;0.9236666560173035;0.9157916903495789;0.932645857334137;0.921500027179718;0.9347916841506958;0.9389583468437195;0.9468125104904175;0.965499997138977;0.9021250009536743;0.8340625166893005;0.909250020980835;0.8923125267028809;0.9028958082199097;0.9201458096504211;0.9297916889190674;0.8999375104904175;0.8992916941642761;0.9184583425521851;0.9115833044052124;0.922208309173584;0.9151041507720947;0.8992499709129333;0.9021875262260437;0.9302499890327454;0.9178749918937683;0.9090208411216736;0.910854160785675;0.9242291450500488;0.9402499794960022;0.840749979019165;0.9197916388511658;0.9494583606719971;0.9177083373069763;0.9275416731834412;0.9063125252723694;0.9184374809265137;0.9141250252723694;0.9250624775886536;0.9252499938011169;0.893875002861023;0.9087916612625122;0.9296249747276306;0.926770806312561;0.9301458597183228;0.934249997138977;0.9246041774749756;0.9341250061988831;0.9330833554267883;0.9398124814033508;0.9505208134651184;0.9353125095367432;0.9421666860580444;0.9413124918937683;0.9431458115577698;0.922041654586792;0.9413958191871643;0.9624791741371155;0.9537083506584167;0.9690208435058594;0.9661458134651184;0.9581041932106018;0.9704999923706055;0.9616249799728394;0.9671041369438171;0.9609583616256714;0.9695208072662354;0.9520000219345093;0.9592291712760925;0.9596666693687439;0.9601041674613953;0.9661666750907898;0.9723541736602783;0.9664166569709778;0.9600833058357239;0.9661666750907898;0.9627291560173035;0.9670833349227905;0.9716458320617676;0.9660416841506958;0.9670416712760925;0.9659583568572998;0.9696249961853027;0.9666666388511658;0.9679166674613953;0.9662916660308838;0.9655208587646484;0.9643750190734863;0.9645208120346069;0.964270830154419;0.964187502861023
5;ftnn-combined-098573e1f5eee79a0181f8b2b450e087.hdf5;dense-512-512;0.760854184627533;0.7974166870117188;0.8920833468437195;0.9205625057220459;0.8992499709129333;0.8582916855812073;0.8990625143051147;0.9091249704360962;0.9126874804496765;0.9193750023841858;0.9084583520889282;0.9220625162124634;0.934333324432373;0.9201041460037231;0.9368333220481873;0.9270208477973938;0.9463750123977661;0.9370208382606506;0.9404374957084656;0.9383124709129333;0.9593958258628845;0.960562527179718;0.9688125252723694;0.8979583382606506;0.9170833230018616;0.8792916536331177;0.9160624742507935;0.9084791541099548;0.9144999980926514;0.9247083067893982;0.9307291507720947;0.9018541574478149;0.9282916784286499;0.9334999918937683;0.9135624766349792;0.9277916550636292;0.925125002861023;0.9411875009536743;0.9363750219345093;0.9383541941642761;0.9428958296775818;0.9429374933242798;0.9504583477973938;0.9391250014305115;0.9490625262260437;0.9557083249092102;0.94510418176651;0.937375009059906;0.9461458325386047;0.9496874809265137;0.9587291479110718;0.9554374814033508;0.9534375071525574;0.9566458463668823;0.961187481880188;0.964062511920929;0.9590416550636292;0.9434583187103271;0.976187527179718;0.9512291550636292;0.9706458449363708;0.9707708358764648;0.9572083353996277;0.9668541550636292;0.9717708230018616;0.965458333492279;0.9642500281333923;0.9745208621025085;0.9733750224113464;0.9655625224113464;0.9616458415985107;0.9725416898727417;0.9798333048820496;0.9649166464805603;0.9690625071525574;0.9772291779518127;0.965583324432373;0.9733750224113464;0.9760000109672546;0.9743750095367432;0.9707291722297668;0.9711666703224182;0.9617083072662354;0.9757708311080933;0.9736250042915344;0.9770208597183228;0.9737708568572998;0.9739791750907898;0.9764583110809326;0.9742916822433472;0.9741874933242798;0.9760000109672546;0.9745208621025085;0.9735833406448364;0.973270833492279;0.9723333120346069;0.9727500081062317;0.9724791646003723;0.9723125100135803;0.9721666574478149
1;ftnn-combined-098573e1f5eee79a0181f8b2b450e087.hdf5;dense-1024-1024;0.7220625281333923;0.8542291522026062;0.9232916831970215;0.8727499842643738;0.9411041736602783;0.8805208206176758;0.9199791550636292;0.9166458249092102;0.9039583206176758;0.9126458168029785;0.7202500104904175;0.8979791402816772;0.887708306312561;0.903249979019165;0.898479163646698;0.8961458206176758;0.9058958292007446;0.926729142665863;0.9172916412353516;0.92166668176651;0.9083124995231628;0.9175833463668823;0.9227499961853027;0.9215624928474426;0.9042083621025085;0.9226041436195374;0.9292500019073486;0.9225624799728394;0.9146249890327454;0.9253333210945129;0.9164999723434448;0.9347291588783264;0.9368541836738586;0.9426875114440918;0.9565416574478149;0.9571041464805603;0.9149374961853027;0.9419999718666077;0.9279791712760925;0.9291666746139526;0.9277291893959045;0.6970000267028809;0.9464791417121887;0.968375027179718;0.9371874928474426;0.9419166445732117;0.9573541879653931;0.9662083387374878;0.942104160785675;0.9721458554267883;0.968833327293396;0.9646875262260437;0.9697916507720947;0.9655208587646484;0.9339166879653931;0.9349166750907898;0.9725624918937683;0.9672916531562805;0.9652500152587891;0.9703541398048401;0.9656458497047424;0.9664999842643738;0.94552081823349;0.9663333296775818;0.9742500185966492;0.9702708125114441;0.9692500233650208;0.968791663646698;0.9525625109672546;0.9758124947547913;0.9552291631698608;0.9723749756813049;0.9589999914169312;0.9715833067893982;0.9761458039283752;0.9663333296775818;0.9756875038146973;0.9723333120346069;0.9697291851043701;0.9737916588783264;0.9720208048820496;0.9756041765213013;0.9747083187103271;0.971791684627533;0.9731458425521851;0.9743750095367432;0.9741458296775818;0.9751666784286499;0.9774791598320007;0.9771249890327454;0.9750208258628845;0.9750416874885559;0.9741666913032532;0.9736875295639038;0.9738541841506958;0.9726458191871643;0.973437488079071;0.9728958606719971;0.9729166626930237;0.9728541374206543
2;ftnn-combined-098573e1f5eee79a0181f8b2b450e087.hdf5;dense-1024-1024;0.840749979019165;0.8916249871253967;0.8658124804496765;0.8914791941642761;0.9254375100135803;0.8871874809265137;0.8914583325386047;0.8901041746139526;0.9391458630561829;0.8767291903495789;0.917354166507721;0.9351041913032532;0.9149583578109741;0.9448333382606506;0.9229791760444641;0.9281458258628845;0.9121458530426025;0.893666684627533;0.8964166641235352;0.8911250233650208;0.9113333225250244;0.8736666440963745;0.8984166383743286;0.854687511920929;0.9106875061988831;0.9120000004768372;0.906416654586792;0.9267916679382324;0.932604193687439;0.8341666460037231;0.9097083210945129;0.887708306312561;0.898687481880188;0.9184166789054871;0.893625020980835;0.9093958139419556;0.8831666707992554;0.921999990940094;0.9615625143051147;0.9149166941642761;0.9206666946411133;0.9238333106040955;0.9432083368301392;0.929979145526886;0.9443541765213013;0.9147083163261414;0.9017916917800903;0.9344791769981384;0.9365416765213013;0.932854175567627;0.9403541684150696;0.9308333396911621;0.9357500076293945;0.9367708563804626;0.9336249828338623;0.9647083282470703;0.9548541903495789;0.9337499737739563;0.9523541927337646;0.9445208311080933;0.965833306312561;0.9244791865348816;0.9544166922569275;0.9347500205039978;0.9391041398048401;0.9467499852180481;0.9748125076293945;0.9427499771118164;0.9464791417121887;0.9548333287239075;0.9464374780654907;0.9559375047683716;0.9528958201408386;0.9604374766349792;0.9473958611488342;0.9553124904632568;0.9647916555404663;0.9458125233650208;0.9641666412353516;0.9668333530426025;0.9566458463668823;0.9650416374206543;0.9554583430290222;0.9638124704360962;0.9582916498184204;0.9627083539962769;0.9591875076293945;0.9603333473205566;0.968500018119812;0.968916654586792;0.9626666903495789;0.9674583077430725;0.9631666541099548;0.9651874899864197;0.9652916789054871;0.9628124833106995;0.9619791507720947;0.9614166617393494;0.960895836353302;0.9605000019073486
3;ftnn-combined-098573e1f5eee79a0181f8b2b450e087.hdf5;dense-1024-1024;0.731416642665863;0.8657083511352539;0.7367916703224182;0.8035416603088379;0.7771458625793457;0.8915416598320007;0.8377500176429749;0.8670833110809326;0.8791041374206543;0.8490625023841858;0.8777708411216736;0.8008333444595337;0.8863750100135803;0.8957083225250244;0.8246041536331177;0.8834583163261414;0.851312518119812;0.8746458292007446;0.9135624766349792;0.8575624823570251;0.8790000081062317;0.7929375171661377;0.8287083506584167;0.8408541679382324;0.8871666789054871;0.9077083468437195;0.8956249952316284;0.8485416769981384;0.8903541564941406;0.917270839214325;0.9157916903495789;0.8751041889190674;0.9177500009536743;0.9554791450500488;0.9351041913032532;0.9604791402816772;0.9237083196640015;0.9239583611488342;0.9528124928474426;0.9471874833106995;0.9535208344459534;0.9630625247955322;0.9506875276565552;0.9366666674613953;0.9712083339691162;0.9308541417121887;0.969041645526886;0.96854168176651;0.9725416898727417;0.9793958067893982;0.9446041584014893;0.9490833282470703;0.9745625257492065;0.9635833501815796;0.9772291779518127;0.9665416479110718;0.9744166731834412;0.9755833148956299;0.9767083525657654;0.9644791483879089;0.9779791831970215;0.9760624766349792;0.976895809173584;0.9593958258628845;0.9783124923706055;0.9711250066757202;0.9762916564941406;0.9771875143051147;0.9739166498184204;0.9792916774749756;0.9695416688919067;0.9757291674613953;0.9722916483879089;0.9773958325386047;0.9804583191871643;0.9774791598320007;0.9732916951179504;0.9784166812896729;0.9723749756813049;0.9809583425521851;0.979687511920929;0.9818958044052124;0.979645848274231;0.9794583320617676;0.9777708053588867;0.9776250123977661;0.9797499775886536;0.979562520980835;0.981249988079071;0.979812502861023;0.9794999957084656;0.9802708625793457;0.9798333048820496;0.9800208210945129;0.9784791469573975;0.9785624742507935;0.9778749942779541;0.9782500267028809;0.9782708287239075;0.9781666398048401
4;ftnn-combined-098573e1f5eee79a0181f8b2b450e087.hdf5;dense-1024-1024;0.7426875233650208;0.8532500267028809;0.7291458249092102;0.856166660785675;0.9024166464805603;0.8741041421890259;0.9056041836738586;0.9163333177566528;0.8856041431427002;0.9246875047683716;0.9197083115577698;0.9180833101272583;0.9120833277702332;0.9146666526794434;0.9028333425521851;0.9274791479110718;0.9229999780654907;0.9256041646003723;0.9163125157356262;0.9278541803359985;0.9252499938011169;0.9228749871253967;0.9235416650772095;0.9069791436195374;0.8920000195503235;0.9255625009536743;0.9261041879653931;0.929729163646698;0.9162291884422302;0.9150208234786987;0.909333348274231;0.8964791893959045;0.9204375147819519;0.9007708430290222;0.8956666588783264;0.9118750095367432;0.9163958430290222;0.9227499961853027;0.9324166774749756;0.92166668176651;0.8970416784286499;0.9297916889190674;0.9000833630561829;0.914145827293396;0.917020857334137;0.9385625123977661;0.9250624775886536;0.9359166622161865;0.9366250038146973;0.9377291798591614;0.937333345413208;0.9427916407585144;0.942395806312561;0.9364583492279053;0.9365833401679993;0.9392708539962769;0.93729168176651;0.9575416445732117;0.9589375257492065;0.9586874842643738;0.9517708420753479;0.9596041440963745;0.9639166593551636;0.9659166932106018;0.9467708468437195;0.9625833630561829;0.9688125252723694;0.9553750157356262;0.9665625095367432;0.9394375085830688;0.9663125276565552;0.9632083177566528;0.9698541760444641;0.9588750004768372;0.9687708616256714;0.9644791483879089;0.9603124856948853;0.9600416421890259;0.9675208330154419;0.9588541388511658;0.9718541502952576;0.9692916870117188;0.9698125123977661;0.971750020980835;0.9671875238418579;0.9701250195503235;0.9686041474342346;0.9683541655540466;0.9709374904632568;0.9680416584014893;0.9699166417121887;0.9652916789054871;0.9667500257492065;0.9651666879653931;0.9652500152587891;0.9650416374206543;0.9652708172798157;0.965458333492279;0.9654791951179504;0.9652500152587891
5;ftnn-combined-098573e1f5eee79a0181f8b2b450e087.hdf5;dense-1024-1024;0.815833330154419;0.8878750205039978;0.8578749895095825;0.9097291827201843;0.9084166884422302;0.867020845413208;0.9226250052452087;0.9178541898727417;0.918791651725769;0.8834583163261414;0.8626875281333923;0.8694166541099548;0.9094374775886536;0.9164791703224182;0.9117708206176758;0.9164166450500488;0.9151666760444641;0.921916663646698;0.9129999876022339;0.8976041674613953;0.9225416779518127;0.9115208387374878;0.9029374718666077;0.9213749766349792;0.917062520980835;0.924791693687439;0.8898541927337646;0.9037500023841858;0.9153125286102295;0.9153749942779541;0.8967708349227905;0.9279375076293945;0.9231250286102295;0.9112708568572998;0.9223333597183228;0.9344375133514404;0.932729184627533;0.917145848274231;0.9428958296775818;0.9228958487510681;0.9399791955947876;0.9340000152587891;0.9388750195503235;0.949874997138977;0.9418333172798157;0.9304375052452087;0.9499375224113464;0.9527708292007446;0.9448541402816772;0.9438541531562805;0.9672916531562805;0.9594166874885559;0.9555624723434448;0.9304999709129333;0.9558333158493042;0.9583958387374878;0.9336875081062317;0.9659791588783264;0.9581249952316284;0.9548541903495789;0.9576249718666077;0.9602083563804626;0.9549999833106995;0.9517083168029785;0.9622708559036255;0.956333339214325;0.9584166407585144;0.9646250009536743;0.9527083039283752;0.9537291526794434;0.9601666927337646;0.9624166488647461;0.9566875100135803;0.9482083320617676;0.963979184627533;0.9548749923706055;0.9638749957084656;0.9647083282470703;0.9523749947547913;0.9628541469573975;0.9625416398048401;0.9626041650772095;0.9616249799728394;0.9571666717529297;0.9567083120346069;0.9636041522026062;0.961229145526886;0.9635208249092102;0.9645000100135803;0.9703124761581421;0.9726458191871643;0.973270833492279;0.9723333120346069;0.9731875061988831;0.9732916951179504;0.9725624918937683;0.9725416898727417;0.9722708463668823;0.9722083210945129;0.9722499847412109
